temporada;data;time_casa;time_fora;gols_casa_ft;gols_fora_ft;resultado_ft;odd_pinnacle_casa;odd_pinnacle_empate;odd_pinnacle_fora;odd_media_casa;odd_media_empate;odd_media_fora
2012;2012-05-19;Palmeiras;Portuguesa;1;1;D;1,75;3,86;5,25;1,69;3,5;4,9
2012;2012-05-19;Sport Recife;Flamengo RJ;1;1;D;2,83;3,39;2,68;2,59;3,23;2,58
2012;2012-05-20;Figueirense;Nautico;2;1;H;1,6;4,04;6,72;1,59;3,67;5,64
2012;2012-05-20;Botafogo RJ;Sao Paulo;4;2;H;2,49;3,35;3,15;2,35;3,26;2,84
2012;2012-05-20;Corinthians;Fluminense;0;1;A;1,96;3,53;4,41;1,89;3,33;3,89
2012;2012-05-20;Internacional;Coritiba;2;0;H;1,76;3,63;5,66;1,66;3,55;5,1
2012;2012-05-20;Ponte Preta;Atletico-MG;0;1;A;3,12;3,45;2,44;2,74;3,23;2,45
2012;2012-05-20;Bahia;Santos;0;0;D;2,33;3,44;3,32;2,3;3,22;2,97
2012;2012-05-20;Cruzeiro;Atletico GO;0;0;D;1,83;3,74;4,82;1,78;3,47;4,3
2012;2012-05-20;Vasco;Gremio;2;1;H;2,25;3,4;3,53;2,08;3,25;3,41
2012;2012-05-26;Atletico GO;Ponte Preta;1;1;D;1,66;4,09;5,79;1,66;3,59;5,04
2012;2012-05-26;Flamengo RJ;Internacional;3;3;D;2,13;3,35;3,95;1,99;3,23;3,74
2012;2012-05-26;Portuguesa;Vasco;0;1;A;2,5;3,5;2,67;2,62;3,22;2,54
2012;2012-05-27;Nautico;Cruzeiro;0;0;D;3,15;3,31;2,49;2,67;3,18;2,55
2012;2012-05-27;Atletico-MG;Corinthians;1;0;H;2,04;3,43;4,09;2,08;3,28;3,43
2012;2012-05-27;Coritiba;Botafogo RJ;2;3;A;1,79;3,88;4,84;1,77;3,6;4,15
2012;2012-05-27;Santos;Sport Recife;0;0;D;1,42;4,76;9,52;1,41;4,17;7,46
2012;2012-05-27;Sao Paulo;Bahia;1;0;H;1,47;4,74;7,68;1,44;4,12;6,93
2012;2012-05-27;Fluminense;Figueirense;2;2;D;1,65;4,01;6;1,65;3,61;5,08
2012;2012-05-27;Gremio;Palmeiras;1;0;H;1,97;3,59;4,26;1,97;3,33;3,66
2012;2012-06-06;Atletico GO;Gremio;0;1;A;2,31;3,56;3,25;2,28;3,26;2,96
2012;2012-06-06;Sport Recife;Palmeiras;2;1;H;2,62;3,39;2,9;2,46;3,17;2,77
2012;2012-06-07;Atletico-MG;Bahia;1;1;D;1,46;4,55;8,5;1,43;4,13;7,23
2012;2012-06-07;Coritiba;Portuguesa;2;0;H;1,7;3,94;5,59;1,59;3,72;5,37
2012;2012-06-07;Vasco;Nautico;4;2;H;1,4;4,99;9,42;1,37;4,4;8,19
2012;2012-06-07;Internacional;Sao Paulo;1;0;H;1,83;3,77;4,75;1,86;3,41;4,03
2012;2012-06-07;Ponte Preta;Flamengo RJ;2;2;D;2,52;3,53;2,94;2,55;3,21;2,67
2012;2012-06-07;Santos;Fluminense;1;1;D;2,15;3,45;3,77;2,02;3,23;3,63
2012;2012-06-08;Botafogo RJ;Cruzeiro;2;3;A;2,17;3,39;3,79;2,02;3,32;3,58
2012;2012-06-08;Corinthians;Figueirense;1;1;D;1,61;4,12;6,35;1,56;3,77;5,68
2012;2012-06-09;Flamengo RJ;Coritiba;3;1;H;2,06;3,51;3,95;1,93;3,34;3,83
2012;2012-06-10;Palmeiras;Atletico-MG;0;1;A;2,06;3,69;3,79;2,05;3,37;3,39
2012;2012-06-10;Portuguesa;Atletico GO;2;0;H;2,19;3,43;3,67;2,08;3,26;3,4
2012;2012-06-10;Bahia;Vasco;1;2;A;3,04;3,47;2,48;2,93;3,24;2,31
2012;2012-06-10;Fluminense;Internacional;0;0;D;1,96;3,43;4,59;1,92;3,27;3,95
2012;2012-06-10;Gremio;Corinthians;2;0;H;1,53;4,24;7,45;1,53;3,84;6,06
2012;2012-06-10;Cruzeiro;Sport Recife;1;0;H;1,54;4,26;7,3;1,55;3,83;5,76
2012;2012-06-10;Figueirense;Ponte Preta;0;0;D;1,85;3,71;4,71;1,74;3,51;4,52
2012;2012-06-10;Nautico;Botafogo RJ;3;2;H;2,33;3,58;3,18;2,35;3,36;2,8
2012;2012-06-10;Sao Paulo;Santos;1;0;H;1,85;3,7;4,74;1,83;3,42;4,11
2012;2012-06-16;Cruzeiro;Figueirense;1;0;H;1,77;3,85;5,09;1,72;3,53;4,54
2012;2012-06-16;Internacional;Botafogo RJ;1;2;A;1,61;4,37;5,94;1,54;3,91;5,7
2012;2012-06-17;Fluminense;Portuguesa;4;1;H;1,54;4,38;6,98;1,46;4,04;6,8
2012;2012-06-17;Bahia;Sport Recife;2;1;H;1,93;3,54;4,51;1,96;3,34;3,68
2012;2012-06-17;Flamengo RJ;Santos;1;0;H;1,75;3,96;5,13;1,63;3,65;5,12
2012;2012-06-17;Palmeiras;Vasco;1;1;D;2,38;3,55;3,14;2,33;3,24;2,91
2012;2012-06-17;Sao Paulo;Atletico-MG;1;0;H;2,31;3,24;3,53;2,1;3,23;3,38
2012;2012-06-17;Coritiba;Atletico GO;3;0;H;1,94;3,7;4,22;1,83;3,42;4,08
2012;2012-06-17;Nautico;Gremio;1;0;H;2,7;3,42;2,8;2,44;3,26;2,73
2012;2012-06-17;Ponte Preta;Corinthians;1;0;H;2,19;3,66;3,44;2,15;3,24;3,23
2012;2012-06-23;Portuguesa;Sao Paulo;1;0;H;3,42;3,8;2,15;3,07;3,28;2,22
2012;2012-06-23;Vasco;Cruzeiro;1;3;A;1,8;3,91;4,76;1,72;3,59;4,53
2012;2012-06-24;Atletico-MG;Nautico;5;1;H;1,35;5,09;10,75;1,35;4,54;8,38
2012;2012-06-24;Corinthians;Palmeiras;2;1;H;2,92;3,35;2,63;2,65;3,1;2,62
2012;2012-06-24;Figueirense;Bahia;1;1;D;1,59;4;6,99;1,59;3,74;5,46
2012;2012-06-24;Gremio;Flamengo RJ;2;0;H;1,63;3,97;6,33;1,66;3,66;4,92
2012;2012-06-24;Atletico GO;Fluminense;1;4;A;2,78;3,46;2,69;2,8;3,22;2,41
2012;2012-06-24;Botafogo RJ;Ponte Preta;1;2;A;1,55;4,24;7,18;1,58;3,82;5,41
2012;2012-06-24;Santos;Coritiba;2;2;D;1,69;4,12;5,35;1,6;3,78;5,18
2012;2012-06-24;Sport Recife;Internacional;0;2;A;2,93;3,33;2,65;2,88;3,15;2,4
2012;2012-06-30;Cruzeiro;Sao Paulo;2;3;A;2,09;3,48;3,92;2,04;3,3;3,47
2012;2012-06-30;Nautico;Fluminense;0;2;A;3,14;3,43;2,45;2,86;3,24;2,35
2012;2012-06-30;Vasco;Ponte Preta;3;2;H;1,58;4,23;6,5;1,46;4,03;6,78
2012;2012-07-01;Bahia;Internacional;1;1;D;2,98;3,41;2,54;2,9;3,16;2,38
2012;2012-07-01;Coritiba;Sport Recife;2;3;A;1,7;3,95;5,51;1,66;3,58;5,01
2012;2012-07-01;Portuguesa;Santos;0;0;D;3,93;3,56;2,04;3,52;3,32;2,02
2012;2012-07-01;Flamengo RJ;Atletico GO;3;2;H;1,76;3,75;5,38;1,59;3,71;5,44
2012;2012-07-01;Gremio;Atletico-MG;0;1;A;1,97;3,51;4,42;1,93;3,31;3,8
2012;2012-07-01;Palmeiras;Figueirense;3;1;H;1,97;3,55;4,33;2;3,28;3,64
2012;2012-07-07;Botafogo RJ;Bahia;3;0;H;1,56;4,24;6,88;1,55;3,77;5,85
2012;2012-07-07;Internacional;Cruzeiro;2;1;H;1,84;3,69;4,88;1,75;3,48;4,55
2012;2012-07-08;Atletico GO;Nautico;0;1;A;1,66;4,26;5,44;1,65;3,78;4,86
2012;2012-07-08;Figueirense;Vasco;1;1;D;2,43;3,36;3,22;2,31;3,2;2,99
2012;2012-07-08;Fluminense;Flamengo RJ;1;0;H;2,04;3,67;3,85;1,96;3,35;3,67
2012;2012-07-08;Santos;Gremio;4;2;H;2;3,62;4,13;1,87;3,38;3,99
2012;2012-07-08;Sao Paulo;Coritiba;3;1;H;1,53;4,58;6,76;1,46;4,07;6,85
2012;2012-07-08;Atletico-MG;Portuguesa;2;0;H;1,43;5,09;7,9;1,39;4,4;7,52
2012;2012-07-08;Ponte Preta;Palmeiras;1;0;H;2,27;3,33;3,56;2,12;3,22;3,36
2012;2012-07-08;Sport Recife;Corinthians;1;1;D;2,41;3,48;3,14;2,22;3,22;3,11
2012;2012-07-11;Corinthians;Botafogo RJ;1;3;A;2,06;3,54;3,93;1,89;3,32;3,94
2012;2012-07-14;Corinthians;Nautico;2;1;H;1,41;4,9;9,3;1,41;4,31;7,41
2012;2012-07-14;Figueirense;Atletico-MG;3;4;A;2,74;3,38;2,78;2,47;3,24;2,7
2012;2012-07-15;Ponte Preta;Coritiba;4;1;H;2,68;3,34;2,88;2,32;3,21;2,98
2012;2012-07-15;Bahia;Flamengo RJ;1;2;A;2,27;3,5;3,4;2,25;3,26;3,02
2012;2012-07-15;Botafogo RJ;Fluminense;1;1;D;2,6;3,48;2,86;2,57;3,24;2,61
2012;2012-07-15;Cruzeiro;Gremio;1;3;A;1,98;3,62;4,19;1,93;3,38;3,75
2012;2012-07-15;Internacional;Santos;0;0;D;2,04;3,51;4,08;1,9;3,34;3,91
2012;2012-07-15;Palmeiras;Sao Paulo;1;1;D;2,7;3,2;2,97;2,6;3,16;2,64
2012;2012-07-15;Sport Recife;Portuguesa;2;1;H;2,23;3,45;3,56;2,06;3,32;3,43
2012;2012-07-15;Vasco;Atletico GO;1;0;H;1,61;4,23;6,09;1,52;3,92;5,97
2012;2012-07-18;Gremio;Sport Recife;3;1;H;1,42;4,94;8,94;1,37;4,41;7,96
2012;2012-07-18;Santos;Botafogo RJ;0;0;D;2,24;3,6;3,37;2,21;3,28;3,1
2012;2012-07-19;Nautico;Ponte Preta;3;0;H;2,25;3,58;3,37;2,15;3,28;3,2
2012;2012-07-19;Portuguesa;Cruzeiro;0;2;A;2,59;3,36;2,97;2,44;3,2;2,78
2012;2012-07-19;Atletico-MG;Internacional;3;1;H;1,69;3,96;5,73;1,72;3,51;4,64
2012;2012-07-19;Flamengo RJ;Corinthians;0;3;A;2,57;3,36;3,01;2,38;3,2;2,89
2012;2012-07-19;Sao Paulo;Vasco;0;1;A;1,89;3,75;4,42;1,86;3,39;4,04
2012;2012-07-20;Atletico GO;Figueirense;3;2;H;1,97;3,44;4,38;1,98;3,34;3,63
2012;2012-07-20;Coritiba;Palmeiras;1;1;D;1,86;3,72;4,53;1,79;3,5;4,21
2012;2012-07-20;Fluminense;Bahia;4;0;H;1,38;5,3;9,11;1,34;4,57;8,98
2012;2012-07-21;Sport Recife;Atletico-MG;1;4;A;3,67;3,5;2,16;3,3;3,3;2,09
2012;2012-07-21;Vasco;Santos;2;0;H;1,78;3,83;5,11;1,69;3,56;4,76
2012;2012-07-22;Corinthians;Portuguesa;1;1;D;1,7;4,09;5,33;1,57;3,74;5,7
2012;2012-07-22;Cruzeiro;Flamengo RJ;1;0;H;1,74;3,94;5,2;1,77;3,53;4,27
2012;2012-07-22;Figueirense;Sao Paulo;0;2;A;2,47;3,45;3,07;2,4;3,22;2,82
2012;2012-07-22;Internacional;Atletico GO;4;1;H;1,67;3,91;6,04;1,57;3,7;5,75
2012;2012-07-22;Palmeiras;Nautico;3;0;H;1,55;4,25;7,13;1,53;3,8;6,11
2012;2012-07-22;Bahia;Coritiba;2;2;D;2,35;3,45;3,28;2,27;3,23;3
2012;2012-07-22;Botafogo RJ;Gremio;0;1;A;2,02;3,52;3,98;1,98;3,37;3,58
2012;2012-07-22;Ponte Preta;Fluminense;1;2;A;3,33;3,49;2,29;3,04;3,27;2,22
2012;2012-07-25;Figueirense;Internacional;0;1;A;2,64;3,46;2,8;2,51;3,21;2,67
2012;2012-07-25;Ponte Preta;Sport Recife;1;1;D;1,71;3,98;5,22;1,71;3,61;4,56
2012;2012-07-26;Nautico;Coritiba;3;4;A;2,22;3,71;3,31;2,14;3,32;3,19
2012;2012-07-26;Vasco;Botafogo RJ;1;0;H;2,43;3,66;2,99;2,29;3,3;2,92
2012;2012-07-26;Atletico GO;Sao Paulo;4;3;H;2,67;3,42;2,84;2,68;3,2;2,5
2012;2012-07-26;Corinthians;Cruzeiro;2;0;H;1,99;3,53;4,25;1,92;3,28;3,83
2012;2012-07-26;Gremio;Fluminense;1;0;H;1,79;3,74;5;1,79;3,45;4,26
2012;2012-07-27;Atletico-MG;Santos;2;0;H;1,57;4,17;6,99;1,49;3,9;6,58
2012;2012-07-27;Flamengo RJ;Portuguesa;0;0;D;1,78;4,09;4,71;1,73;3,52;4,6
2012;2012-07-27;Palmeiras;Bahia;0;2;A;1,57;4,22;6,75;1,48;3,92;6,67
2012;2012-07-28;Coritiba;Gremio;2;1;H;2,59;3,44;2,92;2,34;3,25;2,88
2012;2012-07-28;Internacional;Vasco;0;0;D;2,04;3,52;4,07;2,02;3,28;3,51
2012;2012-07-29;Botafogo RJ;Figueirense;1;0;H;1,53;4,51;6,81;1,52;3,9;5,98
2012;2012-07-29;Bahia;Corinthians;0;0;D;3,01;3,34;2,57;2,95;3,18;2,33
2012;2012-07-29;Fluminense;Atletico-MG;0;0;D;2,33;3,47;3,29;2,18;3,26;3,16
2012;2012-07-29;Sao Paulo;Flamengo RJ;4;1;H;1,69;4,03;5,5;1,69;3,6;4,76
2012;2012-07-29;Sport Recife;Atletico GO;0;0;D;2,06;3,58;3,92;1,98;3,32;3,65
2012;2012-07-29;Cruzeiro;Palmeiras;2;1;H;2;3,34;4,5;1,9;3,32;3,93
2012;2012-07-29;Portuguesa;Nautico;3;1;H;1,66;4,09;5,76;1,68;3,66;4,75
2012;2012-07-29;Santos;Ponte Preta;2;1;H;2,02;3,46;4,18;1,92;3,31;3,85
2012;2012-08-04;Atletico GO;Botafogo RJ;1;2;A;3,06;3,62;2,4;2,76;3,25;2,43
2012;2012-08-04;Palmeiras;Internacional;0;1;A;2,33;3,35;3,41;2,26;3,21;3,06
2012;2012-08-05;Portuguesa;Figueirense;2;0;H;1,79;3,77;5,05;1,8;3,47;4,25
2012;2012-08-05;Coritiba;Fluminense;0;2;A;2,59;3,6;2,8;2,51;3,27;2,65
2012;2012-08-05;Gremio;Bahia;3;1;H;1,34;5,15;12,11;1,33;4,53;9,43
2012;2012-08-05;Sao Paulo;Sport Recife;1;0;H;1,44;4,88;8,17;1,39;4,29;7,79
2012;2012-08-05;Vasco;Corinthians;0;0;D;2,15;3,5;3,69;2,06;3,24;3,48
2012;2012-08-05;Cruzeiro;Ponte Preta;1;2;A;1,62;4,28;5,82;1,61;3,72;5,28
2012;2012-08-05;Nautico;Santos;3;0;H;2,17;3,31;3,87;2,11;3,23;3,34
2012;2012-08-08;Internacional;Nautico;0;0;D;1,41;5;9;1,39;4,34;7,83
2012;2012-08-08;Sport Recife;Vasco;0;2;A;3,1;3,27;2,54;3,02;3,18;2,29
2012;2012-08-09;Bahia;Portuguesa;0;0;D;2,63;3,15;3,1;2,43;3,12;2,85
2012;2012-08-09;Corinthians;Atletico GO;1;1;D;1,6;4,08;6,37;1,47;3,9;6,89
2012;2012-08-09;Botafogo RJ;Palmeiras;1;2;A;1,83;3,63;5,03;1,81;3,37;4,29
2012;2012-08-09;Figueirense;Flamengo RJ;0;2;A;2,31;3,39;3,43;2,28;3,24;2,99
2012;2012-08-09;Santos;Cruzeiro;4;2;H;2,35;3,49;3,24;2,3;3,2;2,99
2012;2012-08-10;Atletico-MG;Coritiba;1;0;H;1,38;5,3;9;1,36;4,48;7,97
2012;2012-08-10;Fluminense;Sao Paulo;2;1;H;2,21;3,31;3,74;2,07;3,19;3,48
2012;2012-08-10;Ponte Preta;Gremio;0;0;D;2,8;3,68;2,54;2,73;3,27;2,43
2012;2012-08-11;Bahia;Cruzeiro;0;1;A;2,82;3,41;2,68;2,79;3,12;2,48
2012;2012-08-11;Santos;Atletico GO;2;2;D;1,9;3,5;4,76;1,82;3,36;4,18
2012;2012-08-11;Sport Recife;Figueirense;0;1;A;1,74;3,65;5,84;1,66;3,52;5,04
2012;2012-08-12;Flamengo RJ;Nautico;2;0;H;1,93;3,57;4,53;1,81;3,4;4,21
2012;2012-08-12;Atletico-MG;Vasco;1;0;H;1,78;3,74;5,26;1,8;3,38;4,33
2012;2012-08-12;Coritiba;Corinthians;1;2;A;2,77;3,37;2,76;2,53;3,18;2,67
2012;2012-08-12;Internacional;Ponte Preta;2;1;H;1,54;4,34;7,02;1,53;3,8;6,1
2012;2012-08-12;Sao Paulo;Gremio;1;2;A;2,31;3,3;3,5;2,11;3,27;3,33
2012;2012-08-12;Fluminense;Palmeiras;1;0;H;1,83;3,5;5,25;1,73;3,44;4,68
2012;2012-08-12;Portuguesa;Botafogo RJ;1;1;D;2,49;3,43;3,05;2,49;3,18;2,73
2012;2012-08-15;Cruzeiro;Fluminense;1;1;D;2,58;3,28;3,01;2,43;3,17;2,79
2012;2012-08-15;Gremio;Portuguesa;1;2;A;1,63;3,77;6,94;1,54;3,73;6,15
2012;2012-08-16;Atletico GO;Atletico-MG;1;1;D;3,76;3,37;2,16;3,62;3,3;1,98
2012;2012-08-16;Ponte Preta;Bahia;0;2;A;1,61;4,15;6,19;1,62;3,63;5,21
2012;2012-08-16;Botafogo RJ;Sport Recife;2;0;H;1,41;4,93;8,82;1,41;4,19;7,39
2012;2012-08-16;Nautico;Sao Paulo;3;0;H;2,45;3,58;2,96;2,41;3,24;2,77
2012;2012-08-16;Palmeiras;Flamengo RJ;1;0;H;1,79;3,7;5,2;1,82;3,43;4,17
2012;2012-08-17;Corinthians;Internacional;1;0;H;2,06;3,44;4,09;2,03;3,19;3,62
2012;2012-08-17;Figueirense;Santos;1;3;A;2,68;3,49;2,77;2,58;3,2;2,59
2012;2012-08-17;Vasco;Coritiba;2;2;D;1,73;3,96;5,26;1,61;3,68;5,32
2012;2012-08-18;Fluminense;Sport Recife;1;0;H;1,53;4,42;6,82;1,46;4,07;6,8
2012;2012-08-18;Nautico;Bahia;1;0;H;2,02;3,38;4,21;1,88;3,38;3,95
2012;2012-08-19;Sao Paulo;Ponte Preta;3;0;H;1,63;4,26;5,67;1,59;3,77;5,34
2012;2012-08-19;Atletico-MG;Botafogo RJ;3;2;H;1,78;3,9;4,84;1,75;3,46;4,45
2012;2012-08-19;Coritiba;Cruzeiro;4;0;H;1,89;3,63;4,51;1,88;3,45;3,83
2012;2012-08-19;Gremio;Figueirense;4;0;H;1,42;4,7;9,46;1,4;4,26;7,5
2012;2012-08-19;Santos;Corinthians;3;2;H;2,27;3,36;3,46;2,21;3,2;3,14
2012;2012-08-19;Atletico GO;Palmeiras;2;1;H;2,7;3,52;2,7;2,5;3,23;2,67
2012;2012-08-19;Flamengo RJ;Vasco;1;0;H;2,95;3,17;2,7;2,76;3,1;2,5
2012;2012-08-19;Portuguesa;Internacional;1;1;D;3,24;3,35;2,38;3,11;3,17;2,44
2012;2012-08-25;Palmeiras;Santos;1;2;A;2,52;3,55;2,88;2,46;3,26;2,7
2012;2012-08-25;Vasco;Fluminense;1;2;A;3,32;3,37;2,34;3;3,17;2,32
2012;2012-08-26;Ponte Preta;Portuguesa;2;1;H;2,64;3,24;2,96;2,4;3,17;2,87
2012;2012-08-26;Botafogo RJ;Flamengo RJ;0;0;D;2,52;3,29;3,08;2,29;3,21;3,02
2012;2012-08-26;Corinthians;Sao Paulo;1;2;A;2,22;3,54;3,42;2,21;3,26;3,11
2012;2012-08-26;Figueirense;Coritiba;3;1;H;3,03;3,42;2,48;2,71;3,24;2,48
2012;2012-08-26;Internacional;Gremio;0;1;A;2,33;3,35;3,35;2,21;3,21;3,15
2012;2012-08-26;Bahia;Atletico GO;1;1;D;2,06;3,62;3,79;2,05;3,27;3,51
2012;2012-08-26;Cruzeiro;Atletico-MG;2;2;D;3,22;3,37;2,39;3,2;3,23;2,18
2012;2012-08-26;Sport Recife;Nautico;0;0;D;2,52;3,52;2,88;2,47;3,22;2,72
2012;2012-08-29;Coritiba;Internacional;1;0;H;2,64;3,22;2,98;2,55;3,16;2,69
2012;2012-08-29;Santos;Bahia;1;3;A;1,34;5,3;10,72;1,34;4,6;8,84
2012;2012-08-30;Atletico-MG;Ponte Preta;2;2;D;1,41;4,82;9,26;1,38;4,39;7,86
2012;2012-08-30;Nautico;Figueirense;3;2;H;1,78;3,75;5,12;1,74;3,49;4,55
2012;2012-08-30;Portuguesa;Palmeiras;3;0;H;2,9;3,18;2,73;2,75;3,1;2,53
2012;2012-08-30;Atletico GO;Cruzeiro;0;2;A;2,29;3,48;3,31;2,25;3,29;3,01
2012;2012-08-30;Fluminense;Corinthians;1;1;D;2,14;3,39;3,76;2,07;3,23;3,48
2012;2012-08-30;Gremio;Vasco;2;0;H;1,85;3,61;4,82;1,8;3,4;4,33
2012;2012-08-31;Flamengo RJ;Sport Recife;1;1;D;1,57;4,19;6,72;1,5;3,91;6,34
2012;2012-08-31;Sao Paulo;Botafogo RJ;4;0;H;1,68;4,13;5,37;1,68;3,71;4,64
2012;2012-09-01;Figueirense;Fluminense;2;2;D;3,09;3,43;2,44;3,05;3,18;2,29
2012;2012-09-01;Palmeiras;Gremio;0;0;D;2,5;3,43;2,99;2,46;3,16;2,8
2012;2012-09-02;Vasco;Portuguesa;2;0;H;1,7;3,92;5,51;1,64;3,61;5,18
2012;2012-09-02;Bahia;Sao Paulo;1;0;H;2,97;3,37;2,54;2,85;3,17;2,4
2012;2012-09-02;Corinthians;Atletico-MG;1;0;H;2,21;3,45;3,53;2,24;3,22;3,08
2012;2012-09-02;Internacional;Flamengo RJ;4;1;H;1,68;3,93;5,7;1,65;3,61;5,07
2012;2012-09-02;Sport Recife;Santos;2;1;H;2,39;3,25;3,32;2,43;3,15;2,82
2012;2012-09-02;Botafogo RJ;Coritiba;2;0;H;1,93;3,77;4,15;1,88;3,4;3,94
2012;2012-09-02;Cruzeiro;Nautico;3;0;H;1,63;4,05;6,09;1,56;3,8;5,67
2012;2012-09-02;Ponte Preta;Atletico GO;3;1;H;2,14;3,49;3,66;2;3,29;3,59
2012;2012-09-05;Bahia;Atletico-MG;0;0;D;2,89;3,34;2,62;2,87;3,15;2,41
2012;2012-09-05;Flamengo RJ;Ponte Preta;0;1;A;2,14;3,62;3,5;2,02;3,33;3,48
2012;2012-09-05;Nautico;Vasco;1;1;D;2,34;3,41;3,28;2,35;3,23;2,89
2012;2012-09-05;Portuguesa;Coritiba;3;0;H;1,98;3,63;4,08;1,96;3,37;3,63
2012;2012-09-06;Gremio;Atletico GO;2;1;H;1,43;4,69;8,94;1,38;4,36;8,09
2012;2012-09-06;Cruzeiro;Botafogo RJ;1;3;A;1,94;3,76;4,09;1,9;3,42;3,8
2012;2012-09-06;Figueirense;Corinthians;1;0;H;2,73;3,33;2,78;2,54;3,17;2,68
2012;2012-09-06;Sao Paulo;Internacional;1;1;D;1,95;3,65;4,13;1,82;3,44;4,15
2012;2012-09-07;Fluminense;Santos;3;1;H;1,74;3,74;5,38;1,65;3,62;4,98
2012;2012-09-07;Palmeiras;Sport Recife;3;1;H;1,6;4,15;6,3;1,53;3,8;6,09
2012;2012-09-08;Coritiba;Flamengo RJ;3;0;H;1,68;4,11;5,35;1,71;3,62;4,63
2012;2012-09-08;Ponte Preta;Figueirense;2;2;D;1,84;3,79;4,61;1,76;3,54;4,32
2012;2012-09-09;Corinthians;Gremio;3;1;H;2,7;3,32;2,81;2,48;3,15;2,77
2012;2012-09-09;Botafogo RJ;Nautico;3;1;H;1,67;3,96;5,78;1,65;3,67;5
2012;2012-09-09;Internacional;Fluminense;0;1;A;2,5;3,32;3,06;2,53;3,17;2,7
2012;2012-09-09;Santos;Sao Paulo;0;0;D;3,21;3,34;2,41;3,05;3,25;2,25
2012;2012-09-09;Atletico GO;Portuguesa;1;1;D;2,5;3,46;2,97;2,32;3,23;2,93
2012;2012-09-09;Atletico-MG;Palmeiras;3;0;H;1,68;3,92;5,7;1,57;3,74;5,72
2012;2012-09-09;Sport Recife;Cruzeiro;2;1;H;2,54;3,46;2,91;2,54;3,17;2,68
2012;2012-09-09;Vasco;Bahia;0;4;A;1,67;3,96;5,73;1,57;3,74;5,68
2012;2012-09-12;Corinthians;Ponte Preta;1;1;D;1,79;3,61;5,29;1,66;3,61;4,98
2012;2012-09-12;Figueirense;Cruzeiro;2;0;H;2,31;3,59;3,17;2,26;3,29;3
2012;2012-09-12;Portuguesa;Fluminense;0;2;A;3,29;3,35;2,36;2,84;3,22;2,41
2012;2012-09-13;Atletico GO;Coritiba;1;2;A;2,23;3,53;3,42;2,29;3,29;2,95
2012;2012-09-13;Sport Recife;Bahia;1;1;D;2,5;3,36;3,05;2,33;3,22;2,95
2012;2012-09-13;Atletico-MG;Sao Paulo;1;0;H;1,72;3,93;5,22;1,69;3,65;4,71
2012;2012-09-13;Santos;Flamengo RJ;2;0;H;1,74;3,99;5,03;1,65;3,68;4,95
2012;2012-09-13;Vasco;Palmeiras;3;1;H;2,36;3,26;3,41;2,07;3,21;3,56
2012;2012-09-14;Botafogo RJ;Internacional;1;1;D;2,17;3,56;3,52;2,23;3,24;3,11
2012;2012-09-14;Gremio;Nautico;2;0;H;1,33;5,5;11,05;1,29;5,09;9,54
2012;2012-09-15;Sao Paulo;Portuguesa;3;1;H;1,67;3,88;5,92;1,61;3,7;5,28
2012;2012-09-15;Fluminense;Atletico GO;1;2;A;1,53;4,24;7,24;1,46;4,13;6,61
2012;2012-09-16;Bahia;Figueirense;2;1;H;1,8;3,76;4,9;1,82;3,44;4,16
2012;2012-09-16;Coritiba;Santos;1;2;A;2,04;3,53;3,93;2,02;3,35;3,46
2012;2012-09-16;Cruzeiro;Vasco;1;1;D;2,69;3,25;2,89;2,51;3,17;2,73
2012;2012-09-16;Nautico;Atletico-MG;1;0;H;3,2;3,46;2,36;2,88;3,24;2,34
2012;2012-09-16;Palmeiras;Corinthians;0;2;A;2,47;3,2;3,25;2,52;3,08;2,77
2012;2012-09-16;Flamengo RJ;Gremio;1;1;D;2,9;3,39;2,6;2,75;3,2;2,46
2012;2012-09-16;Internacional;Sport Recife;2;2;D;1,34;5,22;11,09;1,35;4,53;8,53
2012;2012-09-16;Ponte Preta;Botafogo RJ;0;0;D;2,31;3,41;3,32;2,26;3,27;3,01
2012;2012-09-22;Figueirense;Palmeiras;1;3;A;2,71;3,46;2,72;2,56;3,23;2,62
2012;2012-09-22;Fluminense;Nautico;2;1;H;1,39;5,01;9,32;1,34;4,54;8,61
2012;2012-09-23;Santos;Portuguesa;1;3;A;2,25;3,44;3,41;2,14;3,26;3,25
2012;2012-09-23;Atletico GO;Flamengo RJ;1;2;A;2,17;3,51;3,57;2,22;3,29;3,07
2012;2012-09-23;Botafogo RJ;Corinthians;2;2;D;2,16;3,42;3,69;2,05;3,27;3,49
2012;2012-09-23;Ponte Preta;Vasco;0;0;D;2,54;3,33;3;2,5;3,2;2,71
2012;2012-09-23;Sao Paulo;Cruzeiro;1;0;H;1,52;4,34;7,25;1,56;3,83;5,75
2012;2012-09-23;Atletico-MG;Gremio;0;0;D;1,94;3,57;4,34;1,94;3,36;3,75
2012;2012-09-23;Internacional;Bahia;3;1;H;1,48;4,34;8,4;1,44;4,11;7
2012;2012-09-23;Sport Recife;Coritiba;1;0;H;2,18;3,67;3,4;2,19;3,32;3,1
2012;2012-09-27;Flamengo RJ;Atletico-MG;2;1;H;3,61;3,49;2,17;3,02;3,26;2,28
2012;2012-09-29;Cruzeiro;Internacional;0;0;D;3,01;3,27;2,58;2,88;3,16;2,4
2012;2012-09-29;Nautico;Atletico GO;2;0;H;1,74;3,79;5,33;1,67;3,65;4,78
2012;2012-09-29;Portuguesa;Atletico-MG;1;1;D;2,7;3,38;2,78;2,64;3,21;2,55
2012;2012-09-29;Vasco;Figueirense;3;1;H;1,61;3,96;6,61;1,51;3,99;6,04
2012;2012-09-30;Palmeiras;Ponte Preta;3;0;H;1,63;3,97;6,26;1,6;3,7;5,41
2012;2012-09-30;Bahia;Botafogo RJ;2;0;H;2,48;3,45;3,01;2,45;3,24;2,75
2012;2012-09-30;Corinthians;Sport Recife;3;0;H;1,44;4,57;8,69;1,48;3,9;6,77
2012;2012-09-30;Coritiba;Sao Paulo;1;1;D;2,58;3,41;2,91;2,37;3,24;2,85
2012;2012-09-30;Flamengo RJ;Fluminense;0;1;A;3,63;3,34;2,22;3,41;3,25;2,09
2012;2012-09-30;Gremio;Santos;1;1;D;1,67;3,95;5,8;1,68;3,7;4,7
2012;2012-10-05;Coritiba;Ponte Preta;1;0;H;1,81;3,85;4,71;1,69;3,64;4,73
2012;2012-10-05;Flamengo RJ;Bahia;0;0;D;1,95;3,59;4,26;1,96;3,32;3,73
2012;2012-10-05;Portuguesa;Sport Recife;5;1;H;1,58;4,11;6,69;1,62;3,67;5,25
2012;2012-10-06;Sao Paulo;Palmeiras;3;0;H;2,04;3,59;3,86;1,95;3,34;3,72
2012;2012-10-06;Atletico GO;Vasco;0;1;A;3,58;3,26;2,27;3,39;3,24;2,09
2012;2012-10-06;Nautico;Corinthians;2;1;H;2,36;3,49;3,16;2,3;3,24;2,94
2012;2012-10-06;Santos;Internacional;1;1;D;2,7;3,26;2,87;2,56;3,14;2,68
2012;2012-10-06;Atletico-MG;Figueirense;6;0;H;1,36;5,22;10,26;1,33;4,68;8,67
2012;2012-10-06;Fluminense;Botafogo RJ;1;0;H;2,27;3,38;3,44;2,08;3,27;3,42
2012;2012-10-06;Gremio;Cruzeiro;2;1;H;1,56;4,24;6,7;1,51;3,94;6,07
2012;2012-10-10;Bahia;Fluminense;0;2;A;3,08;3,26;2,54;3,03;3,17;2,31
2012;2012-10-10;Botafogo RJ;Santos;0;2;A;1,83;3,96;4,46;1,73;3,62;4,4
2012;2012-10-10;Cruzeiro;Portuguesa;2;0;H;2,33;3,62;3,12;2,32;3,29;2,88
2012;2012-10-10;Figueirense;Atletico GO;3;1;H;1,93;3,68;4,28;1,9;3,44;3,79
2012;2012-10-10;Ponte Preta;Nautico;2;1;H;1,78;3,83;4,9;1,65;3,7;4,91
2012;2012-10-11;Corinthians;Flamengo RJ;3;2;H;1,91;3,62;4,44;1,78;3,48;4,35
2012;2012-10-11;Internacional;Atletico-MG;3;0;H;2,2;3,46;3,56;2,19;3,28;3,15
2012;2012-10-11;Vasco;Sao Paulo;0;2;A;2,75;3,34;2,77;2,51;3,16;2,74
2012;2012-10-12;Palmeiras;Coritiba;0;1;A;2,06;3,45;4;1,91;3,37;3,85
2012;2012-10-12;Sport Recife;Gremio;1;3;A;2,44;3,57;2,99;2,45;3,28;2,71
2012;2012-10-13;Atletico GO;Internacional;3;1;H;4,78;3,53;1,87;4,18;3,48;1,81
2012;2012-10-13;Flamengo RJ;Cruzeiro;1;1;D;2,1;3,62;3,65;2,04;3,37;3,42
2012;2012-10-14;Portuguesa;Corinthians;1;1;D;2,56;3,43;2,89;2,47;3,24;2,71
2012;2012-10-14;Atletico-MG;Sport Recife;2;1;H;1,28;5,95;13,41;1,28;5,15;9,75
2012;2012-10-14;Coritiba;Bahia;2;1;H;1,66;3,81;6,15;1,6;3,67;5,41
2012;2012-10-14;Nautico;Palmeiras;1;0;H;1,78;3,94;4,73;1,78;3,56;4,22
2012;2012-10-14;Santos;Vasco;2;0;H;2,15;3,4;3,74;2,18;3,25;3,18
2012;2012-10-14;Sao Paulo;Figueirense;2;0;H;1,28;5,97;13,45;1,28;5,17;9,99
2012;2012-10-14;Fluminense;Ponte Preta;2;1;H;1,53;4,23;7,26;1,46;4,06;6,67
2012;2012-10-14;Gremio;Botafogo RJ;1;1;D;1,65;4;5,9;1,64;3,67;5,04
2012;2012-10-17;Bahia;Palmeiras;0;1;A;2,49;3,39;3,05;2,25;3,22;3,06
2012;2012-10-17;Coritiba;Nautico;2;1;H;1,53;4,44;6,78;1,52;4,01;5,85
2012;2012-10-17;Fluminense;Gremio;2;2;D;2,17;3,46;3,63;2,03;3,31;3,5
2012;2012-10-17;Internacional;Figueirense;2;3;A;1,39;5,09;9,27;1,35;4,64;8,04
2012;2012-10-18;Cruzeiro;Corinthians;2;0;H;2,04;3,48;4,05;1,96;3,35;3,69
2012;2012-10-18;Portuguesa;Flamengo RJ;0;0;D;2,18;3,5;3,56;2,06;3,32;3,38
2012;2012-10-18;Santos;Atletico-MG;2;2;D;2,16;3,6;3,49;2,12;3,37;3,21
2012;2012-10-19;Botafogo RJ;Vasco;3;2;H;2,4;3,71;2,94;2,32;3,32;2,86
2012;2012-10-19;Sao Paulo;Atletico GO;2;0;H;1,27;6,6;11,67;1,25;5,52;10,16
2012;2012-10-19;Sport Recife;Ponte Preta;3;1;H;2,19;3,6;3,43;2,01;3,35;3,5
2012;2012-10-20;Corinthians;Bahia;1;1;D;1,79;3,79;4,9;1,76;3,51;4,41
2012;2012-10-20;Gremio;Coritiba;0;0;D;1,59;4,22;6,25;1,51;3,9;6,13
2012;2012-10-20;Palmeiras;Cruzeiro;2;0;H;1,96;3,6;4,2;1,84;3,47;4
2012;2012-10-21;Atletico-MG;Fluminense;3;2;H;2,11;3,43;3,82;2,1;3,29;3,32
2012;2012-10-21;Flamengo RJ;Sao Paulo;1;0;H;3,38;3,33;2,33;3,19;3,22;2,18
2012;2012-10-21;Nautico;Portuguesa;0;0;D;1,7;3,83;5,67;1,69;3,56;4,79
2012;2012-10-21;Atletico GO;Sport Recife;0;1;A;2,46;3,42;3,06;2,36;3,29;2,83
2012;2012-10-21;Ponte Preta;Santos;1;0;H;3,1;3,78;2,27;2,89;3,35;2,3
2012;2012-10-24;Vasco;Internacional;1;2;A;2,29;3,41;3,35;2,21;3,27;3,09
2012;2012-10-25;Figueirense;Botafogo RJ;0;2;A;2,47;3,84;2,77;2,37;3,37;2,75
2012;2012-10-26;Fluminense;Coritiba;2;1;H;1,64;4,18;5,65;1,54;3,94;5,65
2012;2012-10-26;Ponte Preta;Cruzeiro;1;0;H;2,25;3,44;3,42;2,14;3,25;3,24
2012;2012-10-26;Santos;Nautico;0;0;D;1,56;4,44;6,35;1,52;4,01;5,75
2012;2012-10-27;Corinthians;Vasco;1;0;H;1,88;3,61;4,63;1,85;3,43;4
2012;2012-10-27;Internacional;Palmeiras;2;1;H;1,92;3,63;4,38;1,77;3,49;4,35
2012;2012-10-27;Bahia;Gremio;1;1;D;2,52;3,46;2,93;2,63;3,23;2,57
2012;2012-10-27;Botafogo RJ;Atletico GO;4;0;H;1,43;4,99;7,86;1,38;4,49;7,58
2012;2012-10-27;Figueirense;Portuguesa;0;0;D;2,41;3,62;2,99;2,26;3,31;2,96
2012;2012-10-27;Sport Recife;Sao Paulo;2;4;A;3,1;3,52;2,39;2,94;3,31;2,27
2012;2012-10-31;Atletico-MG;Flamengo RJ;1;1;D;1,63;4,05;5,97;1,52;3,91;5,98
2012;2012-11-03;Cruzeiro;Santos;0;4;A;2,47;3,46;2,99;2,35;3,26;2,87
2012;2012-11-03;Gremio;Ponte Preta;1;0;H;1,43;4,87;8,24;1,42;4,22;7,28
2012;2012-11-03;Flamengo RJ;Figueirense;1;0;H;1,58;4,2;6,55;1,56;3,82;5,6
2012;2012-11-04;Atletico GO;Corinthians;0;2;A;4,94;3,73;1,8;4,4;3,56;1,74
2012;2012-11-04;Palmeiras;Botafogo RJ;2;2;D;2,04;3,68;3,75;1,92;3,39;3,78
2012;2012-11-04;Sao Paulo;Fluminense;1;1;D;1,93;3,72;4,22;1,95;3,4;3,65
2012;2012-11-04;Vasco;Sport Recife;0;3;A;1,45;4,7;8,15;1,48;4,13;6,3
2012;2012-11-04;Coritiba;Atletico-MG;1;0;H;2,52;3,73;2,77;2,49;3,34;2,63
2012;2012-11-04;Nautico;Internacional;3;0;H;2,27;3,5;3,32;2,19;3,27;3,14
2012;2012-11-04;Portuguesa;Bahia;0;1;A;1,96;3,7;4,08;1,9;3,35;3,89
2012;2012-11-10;Atletico GO;Santos;2;1;H;5,19;4,46;1,65;4,98;3,86;1,61
2012;2012-11-10;Botafogo RJ;Portuguesa;3;0;H;1,78;3,76;5,04;1,68;3,57;4,84
2012;2012-11-10;Corinthians;Coritiba;5;1;H;1,83;3,68;4,86;1,79;3,45;4,28
2012;2012-11-11;Gremio;Sao Paulo;2;1;H;2,42;3,36;3,17;2,36;3,25;2,86
2012;2012-11-11;Palmeiras;Fluminense;2;3;A;2,46;3,58;2,94;2,44;3,3;2,7
2012;2012-11-11;Vasco;Atletico-MG;1;1;D;3,08;3,39;2,46;2,75;3,29;2,42
2012;2012-11-11;Cruzeiro;Bahia;3;1;H;2,25;3,4;3,49;2,17;3,26;3,2
2012;2012-11-11;Figueirense;Sport Recife;1;1;D;2,6;3,9;2,6;2,5;3,39;2,59
2012;2012-11-11;Nautico;Flamengo RJ;0;1;A;1,71;3,76;5,57;1,73;3,56;4,55
2012;2012-11-11;Ponte Preta;Internacional;1;0;H;2,62;3,38;2,87;2,44;3,25;2,74
2012;2012-11-17;Coritiba;Vasco;1;2;A;1,73;4,05;4,99;1,7;3,66;4,56
2012;2012-11-17;Santos;Figueirense;2;0;H;1,37;5,54;8,75;1,35;4,77;7,7
2012;2012-11-18;Atletico-MG;Atletico GO;2;2;D;1,25;6,44;13,88;1,26;5,4;10,33
2012;2012-11-18;Bahia;Ponte Preta;1;0;H;1,79;3,71;5;1,79;3,42;4,33
2012;2012-11-18;Flamengo RJ;Palmeiras;1;1;D;2,5;3,68;2,81;2,31;3,36;2,85
2012;2012-11-18;Fluminense;Cruzeiro;0;2;A;1,74;3,95;5,12;1,7;3,66;4,56
2012;2012-11-18;Sao Paulo;Nautico;2;1;H;1,35;5,36;10,15;1,32;4,78;8,66
2012;2012-11-18;Internacional;Corinthians;0;2;A;2,27;3,34;3,5;2,19;3,25;3,14
2012;2012-11-18;Portuguesa;Gremio;2;2;D;2,73;3,33;2,78;2,57;3,2;2,64
2012;2012-11-18;Sport Recife;Botafogo RJ;2;0;H;2,29;3,69;3,13;2,3;3,36;2,85
2012;2012-11-24;Corinthians;Santos;1;1;D;1,79;3,82;4,86;1,75;3,56;4,37
2012;2012-11-24;Vasco;Flamengo RJ;1;1;D;3,3;3,38;2,36;2,93;3,24;2,32
2012;2012-11-25;Bahia;Nautico;1;1;D;1,63;4,13;5,99;1,61;3,65;5,33
2012;2012-11-25;Botafogo RJ;Atletico-MG;2;3;A;2,49;3,54;2,92;2,43;3,28;2,75
2012;2012-11-25;Cruzeiro;Coritiba;2;1;H;2,33;3,65;3,1;2,17;3,36;3,08
2012;2012-11-25;Figueirense;Gremio;2;4;A;4,92;4,16;1,72;4,66;3,73;1,67
2012;2012-11-25;Internacional;Portuguesa;0;2;A;2,43;3,3;3,2;2,17;3,28;3,17
2012;2012-11-25;Palmeiras;Atletico GO;1;2;A;2,04;3,58;3,91;1,86;3,53;3,81
2012;2012-11-25;Ponte Preta;Sao Paulo;0;0;D;2,02;3,68;3,81;2,02;3,37;3,46
2012;2012-11-25;Sport Recife;Fluminense;1;1;D;1,83;4,21;4,11;1,81;3,63;3,89
2012;2012-12-01;Flamengo RJ;Botafogo RJ;2;2;D;2,4;3,38;3,18;2,33;3,22;2,9
2012;2012-12-01;Santos;Palmeiras;3;1;H;1,57;4,55;5,91;1,57;3,89;5,33
2012;2012-12-02;Atletico GO;Bahia;0;1;A;3,27;3,31;2,37;3,01;3,18;2,28
2012;2012-12-02;Atletico-MG;Cruzeiro;3;2;H;1,7;4,25;4,97;1,68;3,7;4,6
2012;2012-12-02;Coritiba;Figueirense;3;0;H;1,39;5,18;8,82;1,36;4,62;7,8
2012;2012-12-02;Fluminense;Vasco;1;2;A;2,39;3,31;3,28;2,27;3,26;2,99
2012;2012-12-02;Gremio;Internacional;0;0;D;1,67;3,93;5,78;1,64;3,68;4,97
2012;2012-12-02;Nautico;Sport Recife;1;0;H;2,72;3,55;2,66;2,49;3,3;2,65
2012;2012-12-02;Portuguesa;Ponte Preta;0;0;D;1,8;3,57;5,25;1,77;3,37;4,56
2012;2012-12-02;Sao Paulo;Corinthians;3;1;H;3,4;3,46;2,25;3,07;3,23;2,23
2013;2013-05-25;Vasco;Portuguesa;1;0;H;2,06;3,47;3,96;1,86;3,44;4,06
2013;2013-05-25;Vitoria;Internacional;2;2;D;2,72;3,37;2,77;2,72;3,17;2,52
2013;2013-05-26;Corinthians;Botafogo RJ;1;1;D;1,88;3,6;4,66;1,82;3,43;4,21
2013;2013-05-26;Criciuma;Bahia;3;1;H;1,8;3,59;5,23;1,72;3,5;4,7
2013;2013-05-26;Gremio;Nautico;2;0;H;1,4;4,73;9,96;1,38;4,36;8,19
2013;2013-05-26;Ponte Preta;Sao Paulo;0;2;A;3,21;3,27;2,45;2,98;3,18;2,32
2013;2013-05-26;Santos;Flamengo RJ;0;0;D;2,78;3,37;2,74;2,54;3,21;2,67
2013;2013-05-26;Coritiba;Atletico-MG;2;1;H;2,06;3,62;3,8;1,95;3,4;3,67
2013;2013-05-26;Cruzeiro;Goias;5;0;H;1,58;4,33;6,26;1,6;3,74;5,38
2013;2013-05-26;Fluminense;Athletico-PR;2;1;H;2,36;3,22;3,45;2,21;3,17;3,18
2013;2013-05-29;Athletico-PR;Cruzeiro;2;2;D;2,94;3,47;2,52;2,79;3,2;2,44
2013;2013-05-29;Botafogo RJ;Santos;2;1;H;1,72;3,8;5,55;1,66;3,66;4,97
2013;2013-05-29;Sao Paulo;Vasco;5;1;H;1,68;3,93;5,72;1,61;3,68;5,46
2013;2013-05-30;Bahia;Coritiba;0;0;D;2,86;3,39;2,62;2,69;3,22;2,5
2013;2013-05-30;Flamengo RJ;Ponte Preta;0;2;A;1,71;3,75;5,72;1,68;3,53;5,03
2013;2013-05-30;Nautico;Vitoria;0;3;A;2,45;3,39;3,1;2,2;3,24;3,15
2013;2013-05-30;Goias;Corinthians;1;1;D;3,14;3,35;2,45;3,09;3,19;2,26
2013;2013-05-30;Internacional;Criciuma;2;0;H;1,55;4,3;6,72;1,47;4,12;6,45
2013;2013-06-01;Athletico-PR;Flamengo RJ;2;2;D;2,59;3,31;2,97;2,36;3,2;2,91
2013;2013-06-01;Botafogo RJ;Cruzeiro;2;1;H;2,33;3,44;3,28;2,16;3,29;3,19
2013;2013-06-01;Santos;Gremio;1;1;D;2,86;3,26;2,7;2,7;3,17;2,53
2013;2013-06-01;Goias;Coritiba;1;1;D;2,24;3,55;3,37;2,26;3,26;3,02
2013;2013-06-01;Vitoria;Vasco;2;0;H;1,81;3,7;4,9;1,8;3,43;4,33
2013;2013-06-02;Corinthians;Ponte Preta;1;0;H;1,59;4,11;6,54;1,54;3,8;6,02
2013;2013-06-02;Atletico-MG;Sao Paulo;0;0;D;2;3,58;4,05;2,03;3,29;3,52
2013;2013-06-02;Fluminense;Criciuma;3;0;H;1,68;4;5,53;1,58;3,77;5,51
2013;2013-06-02;Internacional;Bahia;1;2;A;1,47;4,34;8,94;1,41;4,19;7,65
2013;2013-06-02;Nautico;Portuguesa;2;2;D;2,27;3,36;3,45;2,21;3,18;3,19
2013;2013-06-05;Criciuma;Santos;3;1;H;2,44;3,38;3,13;2,29;3,23;3,02
2013;2013-06-05;Portuguesa;Internacional;1;1;D;3,04;3,24;2,59;2,79;3,08;2,52
2013;2013-06-05;Sao Paulo;Goias;0;1;A;1,43;4,76;8,51;1,38;4,51;7,76
2013;2013-06-06;Gremio;Vitoria;1;0;H;1,42;4,59;9,74;1,41;4,24;7,53
2013;2013-06-06;Ponte Preta;Athletico-PR;3;4;A;2,59;3,16;3,1;2,29;3,16;3,07
2013;2013-06-06;Vasco;Atletico-MG;2;0;H;3,77;3,43;2,12;3,34;3,26;2,12
2013;2013-06-06;Bahia;Botafogo RJ;2;1;H;4,05;3,39;2,06;3,49;3,26;2,07
2013;2013-06-06;Cruzeiro;Corinthians;1;0;H;2,31;3,35;3,38;2,17;3,21;3,27
2013;2013-06-06;Flamengo RJ;Nautico;0;1;A;1,48;4,38;8,25;1,45;4,07;6,99
2013;2013-06-07;Coritiba;Fluminense;2;1;H;2,33;3,33;3,39;2,17;3,27;3,21
2013;2013-06-08;Criciuma;Flamengo RJ;0;3;A;2,61;3,35;2,91;2,43;3,22;2,8
2013;2013-06-08;Cruzeiro;Internacional;2;2;D;2,04;3,35;4,23;1,99;3,28;3,68
2013;2013-06-08;Corinthians;Portuguesa;0;0;D;1,64;3,85;6,44;1,59;3,69;5,64
2013;2013-06-08;Vasco;Bahia;1;1;D;1,93;3,6;4,36;1,83;3,39;4,27
2013;2013-06-09;Ponte Preta;Botafogo RJ;0;2;A;2,66;3,41;2,81;2,57;3,21;2,64
2013;2013-06-09;Atletico-MG;Gremio;2;0;H;2,08;3,45;3,92;2,03;3,29;3,53
2013;2013-06-09;Coritiba;Nautico;1;0;H;1,43;4,65;9,1;1,4;4,28;7,8
2013;2013-06-09;Fluminense;Goias;2;1;H;1,79;3,7;5,12;1,77;3,44;4,53
2013;2013-06-09;Vitoria;Athletico-PR;3;2;H;3,01;3,38;2,52;2,68;3,23;2,51
2013;2013-06-12;Santos;Atletico-MG;1;0;H;2,8;3,33;2,72;2,68;3,2;2,53
2013;2013-06-13;Gremio;Sao Paulo;1;1;D;2,27;3,34;3,5;2,09;3,24;3,43
2013;2013-06-13;Portuguesa;Fluminense;2;1;H;2,91;3,11;2,77;2,67;3,1;2,62
2013;2013-07-06;Athletico-PR;Gremio;1;1;D;2,73;3,43;2,73;2,56;3,21;2,65
2013;2013-07-06;Flamengo RJ;Coritiba;2;2;D;2,06;3,68;3,74;2,02;3,39;3,45
2013;2013-07-06;Nautico;Ponte Preta;1;3;A;2,31;3,51;3,27;2,15;3,28;3,21
2013;2013-07-07;Portuguesa;Cruzeiro;1;1;D;3,04;3,33;2,52;2,86;3,21;2,39
2013;2013-07-07;Bahia;Corinthians;0;2;A;3,27;3,26;2,43;3,06;3,1;2,32
2013;2013-07-07;Goias;Vitoria;1;0;H;2;3,58;4,05;1,9;3,4;3,88
2013;2013-07-07;Internacional;Vasco;5;3;H;1,51;4,25;7,74;1,49;3,9;6,57
2013;2013-07-07;Sao Paulo;Santos;0;2;A;1,6;4,09;6,34;1,58;3,77;5,6
2013;2013-07-07;Atletico-MG;Criciuma;3;2;H;1,78;3,9;4,8;1,77;3,53;4,38
2013;2013-07-07;Botafogo RJ;Fluminense;1;0;H;2,92;3,33;2,61;2,73;3,16;2,52
2013;2013-07-11;Sao Paulo;Bahia;1;2;A;1,47;4,43;8,5;1,38;4,34;7,95
2013;2013-07-13;Fluminense;Internacional;2;3;A;2,14;3,56;3,58;2,08;3,32;3,36
2013;2013-07-13;Santos;Portuguesa;4;1;H;2,06;3,34;4,13;1,96;3,28;3,78
2013;2013-07-14;Ponte Preta;Bahia;0;0;D;1,9;3,65;4,47;1,84;3,41;4,12
2013;2013-07-14;Corinthians;Atletico-MG;0;1;A;1,6;4,04;6,59;1,54;3,78;6,12
2013;2013-07-14;Coritiba;Athletico-PR;1;0;H;2,24;3,55;3,4;2,08;3,34;3,35
2013;2013-07-14;Gremio;Botafogo RJ;2;1;H;1,91;3,64;4,42;1,81;3,42;4,29
2013;2013-07-14;Vitoria;Sao Paulo;3;2;H;2,5;3,43;2,99;2,38;3,26;2,84
2013;2013-07-14;Criciuma;Goias;0;0;D;2,16;3,55;3,57;2,07;3,34;3,38
2013;2013-07-14;Cruzeiro;Nautico;3;0;H;1,36;5,32;10,13;1,31;5,05;8,85
2013;2013-07-14;Vasco;Flamengo RJ;0;1;A;4,38;3,61;1,93;3,89;3,39;1,9
2013;2013-07-20;Botafogo RJ;Nautico;2;0;H;1,35;5,37;10,28;1,31;4,91;9,04
2013;2013-07-20;Criciuma;Gremio;2;1;H;3,56;3,44;2,21;3,36;3,3;2,09
2013;2013-07-20;Sao Paulo;Cruzeiro;0;3;A;2,09;3,59;3,73;2,08;3,3;3,37
2013;2013-07-21;Athletico-PR;Corinthians;1;1;D;2,61;3,37;2,88;2,54;3,15;2,71
2013;2013-07-21;Internacional;Flamengo RJ;1;0;H;1,86;3,6;4,75;1,8;3,43;4,35
2013;2013-07-21;Santos;Coritiba;2;2;D;2,19;3,35;3,7;2,11;3,25;3,36
2013;2013-07-21;Vitoria;Bahia;0;0;D;2,29;3,25;3,53;2,15;3,19;3,32
2013;2013-07-21;Fluminense;Vasco;1;3;A;1,55;4,22;6,92;1,59;3,69;5,68
2013;2013-07-21;Goias;Portuguesa;2;1;H;1,94;3,52;4,38;1,94;3,3;3,82
2013;2013-07-25;Sao Paulo;Internacional;0;1;A;2,02;3,66;3,88;2,04;3,4;3,38
2013;2013-07-27;Portuguesa;Athletico-PR;2;3;A;2,79;3,58;2,58;2,6;3,22;2,6
2013;2013-07-27;Vasco;Criciuma;3;2;H;1,74;3,88;5,17;1,67;3,65;4,88
2013;2013-07-28;Ponte Preta;Santos;1;0;H;2,52;3,36;3;2,38;3,19;2,9
2013;2013-07-28;Corinthians;Sao Paulo;0;0;D;2,04;3,38;4,17;1,89;3,31;4,08
2013;2013-07-28;Cruzeiro;Atletico-MG;4;1;H;1,78;3,82;5,01;1,73;3,57;4,54
2013;2013-07-28;Gremio;Fluminense;2;0;H;2,04;3,32;4,22;1,96;3,23;3,9
2013;2013-07-28;Nautico;Internacional;3;0;H;3,47;3,25;2,31;3,29;3,22;2,15
2013;2013-07-28;Bahia;Goias;2;1;H;2,02;3,37;4,28;2,04;3,23;3,6
2013;2013-07-28;Coritiba;Vitoria;1;1;D;1,63;4,19;5,75;1,63;3,67;5,26
2013;2013-07-28;Flamengo RJ;Botafogo RJ;1;1;D;3,03;3,33;2,52;2,73;3,1;2,57
2013;2013-07-31;Atletico-MG;Athletico-PR;1;2;A;1,65;4,05;5,84;1,59;3,86;5,34
2013;2013-07-31;Fluminense;Cruzeiro;1;0;H;2,23;3,5;3,41;2,21;3,33;3,08
2013;2013-07-31;Portuguesa;Criciuma;1;1;D;2,12;3,3;3,93;1,99;3,35;3,65
2013;2013-08-01;Coritiba;Ponte Preta;5;3;H;1,72;3,79;5,48;1,69;3,56;4,9
2013;2013-08-01;Bahia;Flamengo RJ;3;0;H;2,85;3,34;2,67;2,65;3,14;2,62
2013;2013-08-01;Corinthians;Gremio;2;0;H;1,83;3,41;5,43;1,82;3,36;4,35
2013;2013-08-01;Botafogo RJ;Vitoria;2;0;H;1,46;4,76;7,8;1,42;4,35;7,02
2013;2013-08-02;Goias;Vasco;1;1;D;2,02;3,61;3,91;2,01;3,38;3,49
2013;2013-08-03;Cruzeiro;Coritiba;1;0;H;1,62;3,87;6,64;1,54;3,9;5,87
2013;2013-08-04;Athletico-PR;Goias;2;0;H;1,66;4,05;5,64;1,66;3,73;4,89
2013;2013-08-04;Criciuma;Corinthians;0;2;A;3,33;3,31;2,36;3,16;3,19;2,23
2013;2013-08-04;Flamengo RJ;Atletico-MG;3;0;H;2,45;3,27;3,2;2,26;3,17;3,12
2013;2013-08-04;Gremio;Internacional;1;1;D;2,54;3,24;3,08;2,46;3,13;2,83
2013;2013-08-04;Ponte Preta;Fluminense;1;1;D;2,96;3,33;2,57;2,84;3,17;2,44
2013;2013-08-04;Vasco;Botafogo RJ;2;3;A;4;3,39;2,08;3,57;3,31;2,01
2013;2013-08-04;Vitoria;Portuguesa;2;1;H;1,85;3,8;4,47;1,79;3,52;4,22
2013;2013-08-07;Criciuma;Cruzeiro;1;2;A;3,77;3,38;2,14;3,37;3,32;2,08
2013;2013-08-07;Vitoria;Fluminense;1;1;D;3,34;3,52;2,25;3,02;3,29;2,26
2013;2013-08-08;Athletico-PR;Bahia;1;0;H;1,65;3,72;6,71;1,62;3,63;5,42
2013;2013-08-08;Flamengo RJ;Portuguesa;1;1;D;1,7;3,93;5,43;1,67;3,57;4,95
2013;2013-08-08;Atletico-MG;Botafogo RJ;2;2;D;1,99;3,46;4,26;2,02;3,34;3,54
2013;2013-08-08;Goias;Nautico;2;1;H;1,74;3,74;5,48;1,71;3,54;4,75
2013;2013-08-08;Santos;Corinthians;1;1;D;3,33;3,17;2,44;3,06;3,13;2,31
2013;2013-08-09;Gremio;Coritiba;0;1;A;1,85;3,42;5,22;1,74;3,41;4,82
2013;2013-08-09;Vasco;Ponte Preta;1;1;D;2,02;3,51;4,07;1,96;3,36;3,68
2013;2013-08-10;Botafogo RJ;Goias;1;1;D;1,76;4;4,87;1,68;3,69;4,75
2013;2013-08-10;Nautico;Atletico-MG;0;0;D;3,68;3,56;2,12;3,41;3,34;2,06
2013;2013-08-11;Corinthians;Vitoria;2;0;H;1,38;4,67;11,2;1,37;4,36;8,88
2013;2013-08-11;Coritiba;Vasco;0;1;A;1,66;4,23;5,39;1,6;3,81;5,28
2013;2013-08-11;Cruzeiro;Santos;0;0;D;1,53;4,51;6,55;1,52;3,98;6,01
2013;2013-08-11;Fluminense;Flamengo RJ;2;3;A;2,25;3,3;3,6;2,16;3,25;3,26
2013;2013-08-11;Bahia;Gremio;0;3;A;2,45;3,06;3,43;2,34;3,09;3,05
2013;2013-08-11;Internacional;Athletico-PR;2;2;D;1,98;3,51;4,24;1,89;3,38;3,96
2013;2013-08-11;Ponte Preta;Criciuma;3;1;H;1,93;3,62;4,28;1,8;3,48;4,25
2013;2013-08-11;Portuguesa;Sao Paulo;2;1;H;3,3;3,53;2,27;3,08;3,26;2,23
2013;2013-08-14;Atletico-MG;Bahia;2;0;H;1,61;3,89;6,74;1,54;3,77;6,25
2013;2013-08-14;Criciuma;Nautico;3;0;H;1,96;3,65;4,16;1,86;3,41;4,06
2013;2013-08-14;Santos;Vasco;1;1;D;1,79;3,82;4,92;1,75;3,5;4,55
2013;2013-08-15;Coritiba;Portuguesa;1;1;D;1,78;3,72;5,17;1,72;3,53;4,66
2013;2013-08-15;Vitoria;Ponte Preta;3;1;H;2,46;3,4;3,1;2,23;3,25;3,1
2013;2013-08-15;Fluminense;Corinthians;0;0;D;2,77;3,09;2,94;2,58;3,13;2,71
2013;2013-08-15;Goias;Flamengo RJ;1;1;D;2,62;3,35;2,91;2,47;3,18;2,79
2013;2013-08-15;Gremio;Cruzeiro;3;1;H;2,4;3,43;3,17;2,24;3,21;3,12
2013;2013-08-15;Sao Paulo;Athletico-PR;1;1;D;1,8;3,95;4,62;1,87;3,56;3,87
2013;2013-08-16;Botafogo RJ;Internacional;3;3;D;2,06;3,64;3,76;2,03;3,38;3,48
2013;2013-08-17;Cruzeiro;Vitoria;5;1;H;1,35;5,22;10,55;1,32;4,84;8,86
2013;2013-08-17;Nautico;Fluminense;0;1;A;3,39;3,28;2,35;3,03;3,23;2,28
2013;2013-08-18;Vasco;Gremio;2;3;A;2,46;3,35;3,13;2,29;3,26;3
2013;2013-08-18;Corinthians;Coritiba;1;0;H;1,56;3,91;7,95;1,52;3,74;6,65
2013;2013-08-18;Flamengo RJ;Sao Paulo;0;0;D;2,5;3,21;3,18;2,36;3,2;2,91
2013;2013-08-18;Ponte Preta;Goias;0;1;A;2,27;3,43;3,39;2,13;3,32;3,28
2013;2013-08-18;Portuguesa;Botafogo RJ;1;3;A;3,63;3,54;2,14;3,47;3,36;2,03
2013;2013-08-18;Athletico-PR;Criciuma;2;1;H;1,58;4,26;6,34;1,54;3,89;5,85
2013;2013-08-18;Bahia;Santos;0;0;D;2,1;3,27;4,07;2,06;3,23;3,55
2013;2013-08-18;Internacional;Atletico-MG;0;0;D;2,12;3,41;3,86;2,03;3,32;3,53
2013;2013-08-24;Flamengo RJ;Gremio;0;1;A;2,6;3,17;3,08;2,41;3,07;2,96
2013;2013-08-24;Ponte Preta;Cruzeiro;0;2;A;4,15;3,55;1,99;3,69;3,36;1,96
2013;2013-08-24;Santos;Vitoria;2;0;H;1,58;4,08;6,83;1,56;3,78;5,94
2013;2013-08-25;Criciuma;Coritiba;2;1;H;2,31;3,39;3,34;2,34;3,21;2,97
2013;2013-08-25;Atletico-MG;Portuguesa;2;1;H;1,6;4,01;6,64;1,54;3,76;6,17
2013;2013-08-25;Bahia;Nautico;2;0;H;1,66;3,77;6,36;1,64;3,51;5,5
2013;2013-08-25;Sao Paulo;Fluminense;2;1;H;1,83;3,62;4,94;1,85;3,37;4,2
2013;2013-08-25;Vasco;Corinthians;1;1;D;4,46;3,47;1,95;3,93;3,33;1,91
2013;2013-08-25;Athletico-PR;Botafogo RJ;2;0;H;2,31;3,55;3,21;2,14;3,36;3,21
2013;2013-08-25;Internacional;Goias;3;3;D;1,51;4,26;7,85;1,51;3,9;6,48
2013;2013-08-31;Goias;Atletico-MG;0;0;D;2,49;3,3;3,12;2,39;3,22;2,87
2013;2013-08-31;Gremio;Ponte Preta;1;0;H;1,5;4,17;8,43;1,44;4;7,53
2013;2013-08-31;Nautico;Athletico-PR;1;4;A;2,77;3,39;2,71;2,64;3,24;2,57
2013;2013-08-31;Portuguesa;Bahia;4;2;H;2,21;3,28;3,77;2,18;3,14;3,36
2013;2013-09-01;Fluminense;Santos;0;2;A;1,93;3,45;4,61;1,9;3,34;3,96
2013;2013-09-01;Botafogo RJ;Sao Paulo;0;0;D;2,38;3,36;3,26;2,21;3,26;3,14
2013;2013-09-01;Corinthians;Flamengo RJ;4;0;H;1,85;3,55;4,92;1,78;3,33;4,63
2013;2013-09-01;Coritiba;Internacional;0;0;D;2,8;3,29;2,75;2,58;3,21;2,63
2013;2013-09-01;Vitoria;Criciuma;0;1;A;1,93;3,7;4,24;1,9;3,43;3,83
2013;2013-09-01;Cruzeiro;Vasco;5;3;H;1,46;4,78;7,63;1,4;4,43;7,45
2013;2013-09-03;Goias;Gremio;2;0;H;2,9;3,25;2,69;2,71;3,07;2,62
2013;2013-09-04;Nautico;Sao Paulo;0;1;A;4,3;3,69;1,92;3,85;3,42;1,91
2013;2013-09-04;Athletico-PR;Santos;2;1;H;1,78;3,76;5,07;1,72;3,58;4,64
2013;2013-09-04;Flamengo RJ;Vitoria;2;1;H;1,54;4,35;6,93;1,52;3,91;6,1
2013;2013-09-05;Portuguesa;Ponte Preta;2;1;H;1,92;3,6;4,43;1,85;3,46;4,06
2013;2013-09-05;Atletico-MG;Fluminense;2;2;D;1,93;3,47;4,57;1,87;3,4;4,05
2013;2013-09-05;Bahia;Cruzeiro;1;3;A;4,32;3,52;1,96;3,94;3,33;1,92
2013;2013-09-05;Internacional;Corinthians;1;0;H;2,31;3,22;3,55;2,15;3,17;3,41
2013;2013-09-05;Botafogo RJ;Coritiba;3;1;H;1,75;3,76;5,33;1,7;3,59;4,83
2013;2013-09-06;Nautico;Vasco;0;3;A;2,82;3,37;2,7;2,66;3,25;2,54
2013;2013-09-06;Sao Paulo;Criciuma;1;2;A;1,47;4,55;7,94;1,44;4,19;6,98
2013;2013-09-07;Fluminense;Bahia;1;0;H;1,65;3,86;6,23;1,65;3,55;5,25
2013;2013-09-07;Ponte Preta;Internacional;1;3;A;3,93;3,46;2,08;3,43;3,29;2,08
2013;2013-09-07;Santos;Goias;1;0;H;2,14;3,28;3,97;1,94;3,29;3,93
2013;2013-09-07;Vitoria;Atletico-MG;1;1;D;3,21;3,52;2,33;3,01;3,25;2,29
2013;2013-09-08;Gremio;Portuguesa;3;2;H;1,62;4,08;6,15;1,56;3,71;6
2013;2013-09-08;Corinthians;Nautico;0;0;D;1,35;4,94;12,53;1,3;4,78;10,51
2013;2013-09-08;Coritiba;Sao Paulo;2;0;H;3;3,38;2,53;2,88;3,12;2,45
2013;2013-09-08;Cruzeiro;Flamengo RJ;1;0;H;1,47;4,61;7,79;1,45;4,1;7,06
2013;2013-09-08;Criciuma;Botafogo RJ;1;2;A;2,47;3,51;2,99;2,43;3,33;2,74
2013;2013-09-08;Vasco;Athletico-PR;0;0;D;2,48;3,51;2,98;2,47;3,25;2,74
2013;2013-09-10;Internacional;Santos;1;2;A;1,6;4;6,74;1,53;3,86;6,2
2013;2013-09-11;Athletico-PR;Fluminense;1;1;D;1,97;3,53;4,29;1,91;3,41;3,87
2013;2013-09-12;Bahia;Criciuma;2;2;D;1,85;3,77;4,6;1,78;3,52;4,34
2013;2013-09-12;Goias;Cruzeiro;1;2;A;3,62;3,71;2,08;3,62;3,42;1,97
2013;2013-09-12;Botafogo RJ;Corinthians;1;0;H;2,08;3,48;3,9;2,04;3,25;3,61
2013;2013-09-12;Nautico;Gremio;0;2;A;4,08;3,77;1,94;4,08;3,5;1,84
2013;2013-09-12;Portuguesa;Vasco;2;0;H;2,36;3,55;3,13;2,24;3,31;3,05
2013;2013-09-12;Internacional;Vitoria;2;2;D;1,37;5,24;9,73;1,34;4,67;8,72
2013;2013-09-13;Atletico-MG;Coritiba;3;0;H;1,57;4,41;6,25;1,55;3,94;5,66
2013;2013-09-13;Flamengo RJ;Santos;2;1;H;1,95;3,53;4,34;1,92;3,36;3,88
2013;2013-09-13;Sao Paulo;Ponte Preta;1;0;H;1,44;4,73;8,39;1,42;4,29;7,18
2013;2013-09-14;Cruzeiro;Athletico-PR;1;0;H;1,58;4,33;6,18;1,52;3,98;5,96
2013;2013-09-15;Fluminense;Portuguesa;2;1;H;1,76;3,8;5,18;1,74;3,51;4,59
2013;2013-09-15;Corinthians;Goias;1;2;A;1,63;3,9;6,5;1,61;3,61;5,67
2013;2013-09-15;Coritiba;Bahia;2;2;D;1,8;3,49;5,45;1,76;3,34;4,77
2013;2013-09-15;Criciuma;Internacional;0;1;A;3,57;3,47;2,19;3,21;3,32;2,15
2013;2013-09-15;Ponte Preta;Flamengo RJ;1;1;D;2,74;3,21;2,87;2,66;3,12;2,63
2013;2013-09-15;Vasco;Sao Paulo;0;2;A;2,6;3,4;2,89;2,47;3,23;2,75
2013;2013-09-15;Gremio;Atletico-MG;0;1;A;2,08;3,31;4,1;1,97;3,26;3,8
2013;2013-09-15;Santos;Botafogo RJ;1;2;A;2,82;3,24;2,76;2,66;3,19;2,58
2013;2013-09-15;Vitoria;Nautico;2;1;H;1,62;3,91;6,58;1,61;3,67;5,46
2013;2013-09-18;Gremio;Santos;1;1;D;1,63;3,69;6,08;1,6;3,63;5,73
2013;2013-09-18;Vasco;Vitoria;1;2;A;1,56;4,39;6,45;1,54;3,92;5,79
2013;2013-09-19;Coritiba;Goias;2;2;D;1,8;3,65;5,12;1,77;3,48;4,51
2013;2013-09-19;Criciuma;Fluminense;1;2;A;2,95;3,36;2,57;2,76;3,22;2,47
2013;2013-09-19;Cruzeiro;Botafogo RJ;3;0;H;1,66;4,19;5,39;1,63;3,75;5,11
2013;2013-09-19;Ponte Preta;Corinthians;2;0;H;4,75;3,26;1,97;4;3,2;1,95
2013;2013-09-19;Sao Paulo;Atletico-MG;1;0;H;2;3,51;4,13;2,04;3,29;3,55
2013;2013-09-19;Flamengo RJ;Athletico-PR;2;4;A;2,21;3,38;3,63;2,22;3,21;3,17
2013;2013-09-20;Bahia;Internacional;2;0;H;2,83;3,16;2,81;2,66;3,09;2,64
2013;2013-09-20;Portuguesa;Nautico;3;0;H;1,46;4,9;7,26;1,42;4,36;7,07
2013;2013-09-21;Fluminense;Coritiba;1;1;D;1,7;3,71;5,94;1,63;3,62;5,37
2013;2013-09-22;Vitoria;Gremio;0;0;D;2,67;3,25;2,91;2,66;3,11;2,65
2013;2013-09-22;Botafogo RJ;Bahia;1;2;A;1,51;4,5;7,16;1,49;4;6,42
2013;2013-09-22;Corinthians;Cruzeiro;0;0;D;2,88;3,23;2,71;2,74;3,12;2,54
2013;2013-09-22;Goias;Sao Paulo;1;0;H;2,87;3,28;2,69;2,7;3,08;2,62
2013;2013-09-22;Internacional;Portuguesa;0;1;A;1,51;4,25;7,92;1,53;3,79;6,31
2013;2013-09-22;Nautico;Flamengo RJ;0;0;D;3,9;3,33;2,15;3,55;3,26;2,04
2013;2013-09-22;Atletico-MG;Vasco;2;1;H;1,62;4,28;5,78;1,56;3,78;5,8
2013;2013-09-22;Athletico-PR;Ponte Preta;1;0;H;1,6;4,18;6,16;1,51;3,92;6,22
2013;2013-09-22;Santos;Criciuma;2;1;H;1,63;3,99;6,19;1,62;3,65;5,41
2013;2013-09-25;Criciuma;Atletico-MG;1;1;D;3,55;3,59;2,15;3,2;3,28;2,18
2013;2013-09-26;Santos;Nautico;1;1;D;1,32;4,61;10,25;1,32;4,83;8,64
2013;2013-09-28;Goias;Fluminense;1;2;A;2,53;3,26;3,09;2,53;3,06;2,81
2013;2013-09-28;Nautico;Coritiba;3;0;H;2,99;3,35;2,55;3,05;3,21;2,29
2013;2013-09-29;Botafogo RJ;Ponte Preta;0;1;A;1,59;4,26;6,18;1,54;3,91;5,76
2013;2013-09-29;Bahia;Vasco;0;0;D;2,35;3,33;3,33;2,2;3,22;3,17
2013;2013-09-29;Flamengo RJ;Criciuma;4;1;H;1,5;4,43;7,71;1,5;4;6,3
2013;2013-09-29;Portuguesa;Corinthians;4;0;H;4,61;3,45;1,93;3,89;3,24;1,96
2013;2013-09-29;Sao Paulo;Gremio;0;1;A;2,05;3,3;4,29;1,95;3,27;3,86
2013;2013-09-29;Atletico-MG;Santos;3;1;H;1,7;4,21;4,97;1,67;3,68;4,78
2013;2013-09-29;Athletico-PR;Vitoria;3;5;A;1,58;4,25;6,38;1,53;3,89;6,08
2013;2013-09-29;Internacional;Cruzeiro;1;2;A;2,83;3,53;2,56;2,72;3,26;2,48
2013;2013-10-01;Ponte Preta;Nautico;1;2;A;1,58;4,02;7,06;1,56;3,72;6,05
2013;2013-10-02;Cruzeiro;Portuguesa;4;0;H;1,42;4,23;7,69;1,39;4,45;7,65
2013;2013-10-02;Gremio;Athletico-PR;1;0;H;1,8;3,38;4,54;1,79;3,44;4,37
2013;2013-10-03;Fluminense;Botafogo RJ;1;1;D;2,62;3,46;2,82;2,37;3,22;2,91
2013;2013-10-03;Vitoria;Goias;2;1;H;1,99;3,56;4,13;1,93;3,41;3,76
2013;2013-10-03;Corinthians;Bahia;2;0;H;1,7;3,29;6,26;1,67;3,46;5,3
2013;2013-10-03;Coritiba;Flamengo RJ;0;2;A;2,72;3,04;3,03;2,51;3,04;2,87
2013;2013-10-03;Santos;Sao Paulo;3;0;H;3,13;3,44;2,41;2,93;3,18;2,37
2013;2013-10-03;Atletico-MG;Ponte Preta;4;0;H;1,39;5;9,38;1,35;4,64;8,53
2013;2013-10-04;Vasco;Internacional;3;1;H;3,38;3,56;2,22;2,96;3,31;2,31
2013;2013-10-05;Botafogo RJ;Gremio;0;1;A;2,24;3,3;3,6;2,17;3,23;3,27
2013;2013-10-06;Sao Paulo;Vitoria;3;2;H;1,74;3,8;5,32;1,68;3,62;4,95
2013;2013-10-06;Atletico-MG;Corinthians;0;0;D;2,17;3,17;4,03;2,06;3,19;3,61
2013;2013-10-06;Athletico-PR;Coritiba;2;1;H;2,01;3,45;4,21;1,89;3,3;4,05
2013;2013-10-06;Flamengo RJ;Vasco;1;1;D;2,29;3,51;3,27;2,17;3,26;3,24
2013;2013-10-06;Internacional;Fluminense;1;0;H;1,79;3,6;5,24;1,77;3,49;4,46
2013;2013-10-06;Nautico;Cruzeiro;1;4;A;5,54;4,06;1,67;5,34;3,71;1,61
2013;2013-10-06;Bahia;Ponte Preta;1;1;D;2,06;3,3;4,18;1,96;3,26;3,86
2013;2013-10-06;Goias;Criciuma;1;1;D;1,65;3,91;6,07;1,62;3,71;5,29
2013;2013-10-06;Portuguesa;Santos;3;0;H;2,37;3,3;3,33;2,24;3,23;3,12
2013;2013-10-09;Coritiba;Santos;1;0;H;2,24;3,33;3,57;2,16;3,27;3,26
2013;2013-10-09;Gremio;Criciuma;1;2;A;1,52;4,3;7,32;1,47;4,06;6,84
2013;2013-10-10;Bahia;Vitoria;2;0;H;2,75;3,23;2,83;2,57;3,17;2,7
2013;2013-10-10;Ponte Preta;Atletico-MG;2;0;H;2,6;3,33;2,93;2,51;3,18;2,75
2013;2013-10-10;Corinthians;Athletico-PR;0;0;D;2,14;3,3;3,92;1,99;3,29;3,73
2013;2013-10-10;Cruzeiro;Sao Paulo;0;2;A;1,6;4,15;6,34;1,52;4,01;6,13
2013;2013-10-10;Nautico;Botafogo RJ;1;3;A;3,24;3,62;2,28;3,15;3,32;2,17
2013;2013-10-10;Vasco;Fluminense;1;0;H;2,81;3,32;2,72;2,73;3,23;2,51
2013;2013-10-10;Portuguesa;Goias;1;2;A;1,75;3,85;5,13;1,7;3,73;4,63
2013;2013-10-11;Flamengo RJ;Internacional;2;1;H;2,35;3,32;3,33;2,24;3,2;3,17
2013;2013-10-12;Fluminense;Gremio;1;1;D;2,26;3,09;3,87;2,21;3,1;3,32
2013;2013-10-12;Vitoria;Coritiba;2;1;H;1,99;3,44;4,32;1,92;3,31;3,95
2013;2013-10-13;Santos;Ponte Preta;2;1;H;2,04;3,42;4,08;1,97;3,31;3,74
2013;2013-10-13;Atletico-MG;Cruzeiro;1;0;H;2,63;3,49;2,8;2,65;3,29;2,53
2013;2013-10-13;Criciuma;Vasco;3;2;H;2,5;3,51;2,93;2,37;3,24;2,89
2013;2013-10-13;Internacional;Nautico;4;1;H;1,33;5,46;11,27;1,31;4,91;9,08
2013;2013-10-13;Sao Paulo;Corinthians;0;0;D;2,31;3,14;3,65;2,25;3,02;3,33
2013;2013-10-13;Athletico-PR;Portuguesa;1;0;H;1,75;3,76;5,36;1,68;3,6;4,95
2013;2013-10-13;Botafogo RJ;Flamengo RJ;2;1;H;2,84;3,38;2,65;2,61;3,17;2,65
2013;2013-10-13;Goias;Bahia;3;1;H;1,8;3,68;5,03;1,76;3,48;4,55
2013;2013-10-16;Cruzeiro;Fluminense;1;0;H;1,55;4,44;6,42;1,51;4,11;5,83
2013;2013-10-16;Santos;Internacional;0;0;D;2,67;3,45;2,77;2,49;3,22;2,76
2013;2013-10-17;Criciuma;Portuguesa;1;3;A;2,23;3,39;3,55;2,12;3,28;3,35
2013;2013-10-17;Ponte Preta;Coritiba;1;0;H;2,08;3,53;3,83;2,05;3,32;3,48
2013;2013-10-17;Sao Paulo;Nautico;3;0;H;1,31;5,82;11,09;1,29;5,24;9,33
2013;2013-10-17;Athletico-PR;Atletico-MG;1;0;H;2,13;3,42;3,8;2,01;3,33;3,59
2013;2013-10-17;Flamengo RJ;Bahia;2;1;H;1,52;4,22;7,72;1,52;3,8;6,42
2013;2013-10-17;Gremio;Corinthians;1;0;H;2,16;3,09;4,22;2,05;3,06;3,83
2013;2013-10-17;Vasco;Goias;0;2;A;2,17;3,57;3,52;2,17;3,35;3,15
2013;2013-10-18;Vitoria;Botafogo RJ;1;0;H;2,62;3,47;2,81;2,48;3,25;2,75
2013;2013-10-19;Fluminense;Ponte Preta;1;1;D;1,77;3,64;5,41;1,71;3,47;4,89
2013;2013-10-19;Nautico;Santos;1;5;A;2,85;3,29;2,7;2,83;3,24;2,41
2013;2013-10-20;Corinthians;Criciuma;1;0;H;1,74;3,64;5,76;1,65;3,57;5,38
2013;2013-10-20;Atletico-MG;Flamengo RJ;1;0;H;2,26;3,57;3,31;2,22;3,26;3,13
2013;2013-10-20;Bahia;Sao Paulo;0;1;A;3,12;3,21;2,54;2,93;3,09;2,43
2013;2013-10-20;Goias;Athletico-PR;3;0;H;2,2;3,49;3,48;2,16;3,29;3,24
2013;2013-10-20;Internacional;Gremio;2;2;D;2,2;3,23;3,82;2,18;3,15;3,35
2013;2013-10-20;Botafogo RJ;Vasco;2;2;D;2,35;3,52;3,17;2,14;3,29;3,31
2013;2013-10-20;Coritiba;Cruzeiro;2;1;H;2,96;3,47;2,51;2,99;3,23;2,33
2013;2013-10-20;Portuguesa;Vitoria;1;1;D;2,09;3,41;3,95;1,97;3,34;3,73
2013;2013-10-26;Botafogo RJ;Atletico-MG;1;0;H;2,41;3,37;3,19;2,23;3,25;3,12
2013;2013-10-26;Cruzeiro;Criciuma;5;3;H;1,32;5,65;10,69;1,32;5;8,76
2013;2013-10-27;Bahia;Athletico-PR;1;1;D;2,22;3,27;3,71;2,2;3,14;3,3
2013;2013-10-27;Corinthians;Santos;1;1;D;2,24;3,13;3,85;2,15;3,13;3,42
2013;2013-10-27;Internacional;Sao Paulo;2;3;A;2,02;3,46;4,14;1,99;3,31;3,66
2013;2013-10-27;Ponte Preta;Vasco;2;1;H;2,4;3,44;3,15;2,28;3,24;3,03
2013;2013-10-27;Portuguesa;Flamengo RJ;0;0;D;3,51;3,62;2,16;3,16;3,31;2,18
2013;2013-10-27;Coritiba;Gremio;4;0;H;2,5;3,15;3,25;2,4;3,01;3,05
2013;2013-10-27;Fluminense;Vitoria;2;3;A;1,71;3,72;5,84;1,7;3,53;4,94
2013;2013-10-27;Nautico;Goias;0;2;A;2,57;3,58;2,77;2,59;3,33;2,55
2013;2013-11-02;Sao Paulo;Portuguesa;2;1;H;1,66;3,97;5,81;1,66;3,7;4,96
2013;2013-11-02;Vasco;Coritiba;2;1;H;2,06;3,52;3,91;1,98;3,34;3,68
2013;2013-11-02;Atletico-MG;Nautico;5;0;H;1,24;6,54;15,15;1,23;5,88;11,22
2013;2013-11-03;Goias;Botafogo RJ;1;0;H;2,33;3,49;3,23;2,28;3,27;3,01
2013;2013-11-03;Gremio;Bahia;0;0;D;1,61;3,88;6,92;1,54;3,7;6,34
2013;2013-11-03;Santos;Cruzeiro;0;1;A;3,14;3,5;2,37;2,98;3,25;2,3
2013;2013-11-03;Vitoria;Corinthians;1;1;D;2,3;3,3;3,48;2,28;3,1;3,18
2013;2013-11-03;Athletico-PR;Internacional;1;0;H;2,45;3,41;3,08;2,42;3,19;2,87
2013;2013-11-03;Criciuma;Ponte Preta;1;1;D;2,18;3,45;3,6;2,09;3,27;3,41
2013;2013-11-03;Flamengo RJ;Fluminense;1;0;H;3,2;3,34;2,43;2,93;3,12;2,39
2013;2013-11-09;Bahia;Atletico-MG;0;0;D;2,77;3,11;2,92;2,65;3,06;2,69
2013;2013-11-09;Portuguesa;Coritiba;0;0;D;2,18;3,43;3,63;2,07;3,3;3,44
2013;2013-11-09;Flamengo RJ;Goias;1;1;D;2,41;3,37;3,19;2,28;3,2;3,08
2013;2013-11-10;Athletico-PR;Sao Paulo;3;0;H;2,44;3,29;3,21;2,36;3,19;2,95
2013;2013-11-10;Cruzeiro;Gremio;3;0;H;1,75;3,57;5,8;1,65;3,52;5,42
2013;2013-11-10;Internacional;Botafogo RJ;2;1;H;2,01;3,56;4,04;1,97;3,38;3,63
2013;2013-11-10;Ponte Preta;Vitoria;0;3;A;2,38;3,3;3,32;2,29;3,19;3,05
2013;2013-11-10;Corinthians;Fluminense;1;0;H;2,62;3,14;3,12;2,36;3,05;3,08
2013;2013-11-10;Nautico;Criciuma;0;1;A;3,18;3,79;2,24;3,14;3,38;2,16
2013;2013-11-10;Vasco;Santos;2;2;D;1,85;3,81;4,51;1,81;3,51;4,15
2013;2013-11-13;Goias;Ponte Preta;2;0;H;1,65;4,03;5,91;1,6;3,76;5,36
2013;2013-11-13;Gremio;Vasco;1;0;H;1,79;3,85;4,8;1,73;3,47;4,71
2013;2013-11-13;Botafogo RJ;Portuguesa;0;0;D;1,59;4,21;6,34;1,58;3,86;5,5
2013;2013-11-13;Criciuma;Athletico-PR;2;1;H;2,2;3,54;3,46;2,13;3,33;3,27
2013;2013-11-13;Coritiba;Corinthians;0;1;A;2,63;3,03;3,17;2,41;3;3,06
2013;2013-11-13;Sao Paulo;Flamengo RJ;2;0;H;2,54;3,15;3,19;2,35;3,15;3,01
2013;2013-11-13;Vitoria;Cruzeiro;1;3;A;2,51;3,49;2,94;2,47;3,25;2,75
2013;2013-11-14;Santos;Bahia;3;0;H;1,89;3,54;4,64;1,84;3,35;4,23
2013;2013-11-14;Atletico-MG;Internacional;2;1;H;1,72;3,41;5,06;1,76;3,43;4,61
2013;2013-11-14;Fluminense;Nautico;2;0;H;1,27;6,1;13,5;1,24;5,55;11,05
2013;2013-11-16;Botafogo RJ;Athletico-PR;4;0;H;2,02;3,58;3,98;1,91;3,37;3,88
2013;2013-11-16;Coritiba;Criciuma;1;2;A;1,68;3,78;6,01;1,66;3,57;5,16
2013;2013-11-17;Corinthians;Vasco;0;0;D;2;3,28;4,54;1,85;3,23;4,41
2013;2013-11-17;Cruzeiro;Ponte Preta;2;2;D;1,66;4,07;5,63;1,58;3,84;5,48
2013;2013-11-17;Fluminense;Sao Paulo;2;1;H;1,65;3,78;6,42;1,63;3,6;5,39
2013;2013-11-17;Vitoria;Santos;2;0;H;2,09;3,46;3,89;2;3,3;3,67
2013;2013-11-17;Goias;Internacional;3;1;H;1,84;3,69;4,86;1,77;3,48;4,45
2013;2013-11-17;Gremio;Flamengo RJ;2;1;H;1,48;4,28;8,68;1,44;3,98;7,59
2013;2013-11-17;Nautico;Bahia;0;1;A;3,87;3,45;2,09;3,71;3,29;1,98
2013;2013-11-17;Portuguesa;Atletico-MG;2;0;H;2,26;3,41;3,45;2,17;3,25;3,25
2013;2013-11-23;Criciuma;Vitoria;1;1;D;2,39;3,43;3,19;2,29;3,28;2,98
2013;2013-11-23;Vasco;Cruzeiro;2;1;H;1,79;4,03;4,58;1,78;3,63;4,17
2013;2013-11-23;Atletico-MG;Goias;4;1;H;2,15;3,35;3,85;2,1;3,25;3,41
2013;2013-11-24;Athletico-PR;Nautico;6;1;H;1,24;6,61;15,44;1,22;5,96;11,27
2013;2013-11-24;Flamengo RJ;Corinthians;1;0;H;2,64;3,02;3,16;2,52;2,97;2,91
2013;2013-11-24;Ponte Preta;Gremio;1;1;D;3,41;3,55;2,22;3,26;3,23;2,18
2013;2013-11-24;Santos;Fluminense;1;0;H;3,1;3,37;2,47;2,9;3,21;2,39
2013;2013-11-24;Bahia;Portuguesa;1;0;H;2,24;3,29;3,64;2,15;3,2;3,34
2013;2013-11-24;Internacional;Coritiba;0;0;D;1,7;3,86;5,63;1,74;3,54;4,57
2013;2013-11-24;Sao Paulo;Botafogo RJ;1;1;D;2,85;3,37;2,65;2,78;3,25;2,43
2013;2013-11-30;Fluminense;Atletico-MG;2;2;D;1,8;3,66;5,1;1,69;3,55;4,9
2013;2013-11-30;Corinthians;Internacional;0;0;D;2,54;3,1;3,22;2,42;3,02;3,02
2013;2013-12-01;Coritiba;Botafogo RJ;2;1;H;2,28;3,54;3,29;2,26;3,24;3,06
2013;2013-12-01;Criciuma;Sao Paulo;1;0;H;2,01;3,57;4,03;2;3,34;3,61
2013;2013-12-01;Cruzeiro;Bahia;1;2;A;1,5;4,55;7,36;1,5;4,04;6,08
2013;2013-12-01;Ponte Preta;Portuguesa;0;2;A;4,94;3,94;1,76;4,64;3,61;1,71
2013;2013-12-01;Vasco;Nautico;2;0;H;1,2;7,59;16,87;1,18;6,61;13,67
2013;2013-12-01;Vitoria;Flamengo RJ;4;2;H;1,66;4,05;5,68;1,6;3,76;5,38
2013;2013-12-01;Gremio;Goias;1;0;H;1,75;3,65;5,56;1,75;3,43;4,74
2013;2013-12-01;Santos;Athletico-PR;2;1;H;2,96;3,13;2,41;3,05;3,22;2,28
2013;2013-12-07;Flamengo RJ;Cruzeiro;1;1;D;1,85;3,39;4,6;1,87;3,45;3,95
2013;2013-12-07;Nautico;Corinthians;1;0;H;4,07;3,45;2,04;3,97;3,31;1,92
2013;2013-12-08;Atletico-MG;Vitoria;2;2;D;1,98;3,74;3,94;1,95;3,5;3,6
2013;2013-12-08;Athletico-PR;Vasco;5;1;H;1,91;3,79;4,2;1,9;3,5;3,76
2013;2013-12-08;Bahia;Fluminense;1;2;A;4,13;3,6;1,98;3,88;3,36;1,92
2013;2013-12-08;Botafogo RJ;Criciuma;3;0;H;1,59;4,43;5,86;1,56;3,93;5,53
2013;2013-12-08;Goias;Santos;0;3;A;1,5;4,6;7,19;1,48;4,12;6,44
2013;2013-12-08;Internacional;Ponte Preta;0;0;D;1,23;6,41;17,21;1,22;5,8;12,47
2013;2013-12-08;Portuguesa;Gremio;0;0;D;2,81;3,19;2,81;2,66;2,98;2,73
2013;2013-12-08;Sao Paulo;Coritiba;0;1;A;2,84;3,58;2,54;2,76;3,35;2,41
2014;2014-04-19;Fluminense;Figueirense;3;0;H;1,55;4,23;7,02;1,53;3,85;6,2
2014;2014-04-19;Internacional;Vitoria;1;0;H;1,51;4,41;7,41;1,49;4,01;6,57
2014;2014-04-20;Chapecoense-SC;Coritiba;0;0;D;2,48;3,3;3,15;2,34;3,15;3,01
2014;2014-04-20;Atletico-MG;Corinthians;0;0;D;2,48;3,19;3,24;2,34;3,09;3,08
2014;2014-04-20;Athletico-PR;Gremio;1;0;H;3,53;3,4;2,23;3,1;3,18;2,27
2014;2014-04-20;Bahia;Cruzeiro;1;2;A;2,58;3,43;2,89;2,49;3,2;2,75
2014;2014-04-20;Sao Paulo;Botafogo RJ;3;0;H;1,79;3,69;5,06;1,76;3,52;4,49
2014;2014-04-20;Criciuma;Palmeiras;1;2;A;3,13;3,33;2,47;2,87;3,16;2,43
2014;2014-04-20;Flamengo RJ;Goias;0;0;D;2,28;3,33;3,49;2,09;3,27;3,46
2014;2014-04-20;Santos;Sport Recife;1;1;D;1,37;5,12;9,68;1,39;4,41;7,87
2014;2014-04-26;Coritiba;Santos;0;0;D;2,46;3,34;3,14;2,37;3,19;2,93
2014;2014-04-27;Palmeiras;Fluminense;0;1;A;2,42;3,33;3,2;2,29;3,2;3,04
2014;2014-04-27;Botafogo RJ;Internacional;2;2;D;2,77;3,31;2,76;2,62;3,19;2,62
2014;2014-04-27;Corinthians;Flamengo RJ;2;0;H;1,94;3,31;4,79;1,89;3,26;4,19
2014;2014-04-27;Cruzeiro;Sao Paulo;1;1;D;2,21;3,4;3,58;2,14;3,26;3,28
2014;2014-04-27;Vitoria;Athletico-PR;2;2;D;2,15;3,48;3,72;2,12;3,29;3,32
2014;2014-04-27;Figueirense;Bahia;0;2;A;3,24;3,38;2,38;2,93;3,19;2,37
2014;2014-04-27;Goias;Criciuma;1;0;H;1,85;3,53;5;1,73;3,43;4,89
2014;2014-04-27;Gremio;Atletico-MG;2;1;H;2,45;3,32;3,16;2,36;3,12;3,03
2014;2014-04-27;Sport Recife;Chapecoense-SC;2;1;H;1,85;3,61;4,85;1,83;3,41;4,22
2014;2014-05-03;Athletico-PR;Cruzeiro;2;3;A;3,03;3,46;2,46;2,91;3,25;2,35
2014;2014-05-03;Santos;Gremio;0;0;D;2,17;3,3;3,82;1,99;3,24;3,77
2014;2014-05-03;Sao Paulo;Coritiba;2;2;D;1,68;3,88;5,77;1,59;3,67;5,81
2014;2014-05-04;Fluminense;Vitoria;1;2;A;1,38;5,01;10,01;1,38;4,37;8,13
2014;2014-05-04;Bahia;Botafogo RJ;1;0;H;2,32;3,3;3,42;2,2;3,21;3,22
2014;2014-05-04;Criciuma;Figueirense;1;0;H;1,88;3,66;4,53;1,87;3,38;4,06
2014;2014-05-04;Flamengo RJ;Palmeiras;4;2;H;2,29;3,39;3,41;2,21;3,21;3,2
2014;2014-05-04;Internacional;Sport Recife;2;1;H;1,36;5,2;10,55;1,33;4,65;9,12
2014;2014-05-04;Atletico-MG;Goias;0;1;A;1,93;3,56;4,46;1,8;3,45;4,34
2014;2014-05-04;Chapecoense-SC;Corinthians;0;1;A;3,84;3,11;2,26;3,41;2,98;2,23
2014;2014-05-10;Internacional;Athletico-PR;2;1;H;1,56;4,27;6,67;1,5;3,92;6,34
2014;2014-05-10;Palmeiras;Goias;2;0;H;2,04;3,39;4,15;1,92;3,34;3,91
2014;2014-05-11;Botafogo RJ;Criciuma;6;0;H;1,61;3,95;6,68;1,6;3,74;5,45
2014;2014-05-11;Atletico-MG;Cruzeiro;2;1;H;2,19;3,38;3,67;2,15;3,25;3,3
2014;2014-05-11;Chapecoense-SC;Gremio;1;2;A;3,91;3,14;2,23;3,49;3,11;2,13
2014;2014-05-11;Fluminense;Flamengo RJ;2;0;H;2,14;3,39;3,78;2,02;3,27;3,61
2014;2014-05-11;Sao Paulo;Corinthians;1;1;D;2,81;3,08;2,9;2,65;3;2,73
2014;2014-05-11;Bahia;Vitoria;1;1;D;2,41;3,29;3,27;2,31;3,17;3,04
2014;2014-05-11;Coritiba;Sport Recife;0;1;A;1,55;4,48;6,33;1,52;3,88;6,22
2014;2014-05-11;Figueirense;Santos;0;2;A;5,72;3,98;1,67;5,07;3,65;1,65
2014;2014-05-15;Goias;Botafogo RJ;2;0;H;3,86;3,39;2,13;3,35;3,21;2,16
2014;2014-05-17;Cruzeiro;Coritiba;3;2;H;1,46;4,65;7,92;1,45;4,16;7,02
2014;2014-05-18;Athletico-PR;Chapecoense-SC;1;1;D;1,71;3,85;5,52;1,71;3,56;4,81
2014;2014-05-18;Corinthians;Figueirense;0;1;A;1,32;5,38;12,7;1,3;4,82;10,44
2014;2014-05-18;Flamengo RJ;Sao Paulo;0;2;A;2,48;3,33;3,11;2,37;3,14;2,98
2014;2014-05-18;Gremio;Fluminense;1;0;H;2,09;3,24;4,24;2,05;3,2;3,64
2014;2014-05-18;Criciuma;Internacional;0;0;D;3,42;3,41;2,27;3,33;3,27;2,13
2014;2014-05-18;Santos;Atletico-MG;1;2;A;2,49;3,42;3,03;2,38;3,17;2,93
2014;2014-05-18;Vitoria;Palmeiras;0;1;A;2,28;3,37;3,44;2,26;3,21;3,11
2014;2014-05-21;Coritiba;Internacional;1;1;D;2,43;3,45;3,08;2,31;3,16;3,07
2014;2014-05-21;Flamengo RJ;Bahia;1;1;D;1,88;3,76;4,4;1,83;3,4;4,23
2014;2014-05-22;Criciuma;Chapecoense-SC;1;0;H;2,1;3,59;3,69;2,04;3,27;3,56
2014;2014-05-22;Cruzeiro;Sport Recife;2;0;H;1,31;5,92;10,62;1,29;5,15;9,61
2014;2014-05-22;Corinthians;Athletico-PR;1;1;D;1,64;3,85;6,4;1,62;3,59;5,6
2014;2014-05-22;Fluminense;Sao Paulo;5;2;H;2,4;3,34;3,23;2,26;3,18;3,15
2014;2014-05-22;Gremio;Botafogo RJ;2;1;H;1,88;3,71;4,49;1,74;3,5;4,66
2014;2014-05-22;Goias;Santos;2;2;D;1,99;3,51;4,22;2,03;3,25;3,66
2014;2014-05-22;Palmeiras;Figueirense;1;0;H;1,58;4,08;6,76;1,52;3,9;6,24
2014;2014-05-23;Vitoria;Atletico-MG;2;3;A;2,43;3,37;3,15;2,28;3,2;3,06
2014;2014-05-24;Bahia;Fluminense;0;1;A;4,66;3,5;1,91;4,22;3,33;1,86
2014;2014-05-25;Sao Paulo;Gremio;1;0;H;2,08;3,48;3,95;2,01;3,28;3,65
2014;2014-05-25;Athletico-PR;Coritiba;2;0;H;2,94;3,33;2,6;2,73;3,15;2,55
2014;2014-05-25;Figueirense;Goias;0;1;A;2,76;3,29;2,77;2,65;3,05;2,69
2014;2014-05-25;Santos;Flamengo RJ;0;0;D;2,22;3,21;3,75;2,1;3,2;3,47
2014;2014-05-25;Sport Recife;Corinthians;1;4;A;2,92;3,08;2,79;2,87;2,94;2,58
2014;2014-05-25;Atletico-MG;Criciuma;0;0;D;1,65;4;5,96;1,58;3,7;5,82
2014;2014-05-25;Botafogo RJ;Vitoria;1;1;D;1,86;3,95;4,25;1,78;3,59;4,28
2014;2014-05-25;Chapecoense-SC;Palmeiras;2;0;H;2,49;3,27;3,15;2,45;3,04;2,95
2014;2014-05-25;Internacional;Cruzeiro;1;3;A;2,52;3,42;2,97;2,37;3,2;2,92
2014;2014-05-28;Criciuma;Coritiba;1;0;H;2,42;3,33;3,21;2,29;3,13;3,12
2014;2014-05-28;Palmeiras;Botafogo RJ;0;2;A;2,41;3,28;3,27;2,32;3,15;3,05
2014;2014-05-28;Sport Recife;Gremio;0;0;D;3,86;3,47;2,09;3,54;3,22;2,07
2014;2014-05-29;Goias;Vitoria;0;0;D;1,95;3,68;4,14;1,86;3,37;4,11
2014;2014-05-29;Internacional;Chapecoense-SC;2;0;H;1,63;3,87;6,43;1,58;3,65;5,94
2014;2014-05-29;Atletico-MG;Fluminense;2;0;H;2,54;3,37;2,63;2,61;3,16;2,64
2014;2014-05-29;Athletico-PR;Sao Paulo;2;2;D;2,94;3,44;2,53;2,97;3,23;2,35
2014;2014-05-29;Corinthians;Cruzeiro;1;0;H;2,38;3,37;3,25;2,44;3,05;2,99
2014;2014-05-29;Flamengo RJ;Figueirense;1;1;D;1,76;3,64;5,52;1,74;3,45;4,75
2014;2014-05-30;Bahia;Santos;0;2;A;2,35;3,12;3,59;2,26;3,05;3,3
2014;2014-05-31;Coritiba;Goias;3;0;H;2,13;3,38;3,88;2,06;3,22;3,55
2014;2014-05-31;Sao Paulo;Atletico-MG;2;1;H;1,73;4,06;5;1,72;3,63;4,61
2014;2014-06-01;Vitoria;Sport Recife;0;1;A;1,71;3,85;5,57;1,73;3,55;4,63
2014;2014-06-01;Chapecoense-SC;Bahia;2;1;H;2,07;3,29;4,11;2,06;3,13;3,7
2014;2014-06-01;Corinthians;Botafogo RJ;1;1;D;1,69;3,74;5,79;1,7;3,47;5,05
2014;2014-06-01;Cruzeiro;Flamengo RJ;3;0;H;1,83;3,89;4,54;1,77;3,53;4,38
2014;2014-06-01;Gremio;Palmeiras;0;0;D;1,91;3,36;4,89;1,83;3,28;4,42
2014;2014-06-01;Figueirense;Athletico-PR;1;3;A;3,04;3,37;2,5;2,89;3,17;2,41
2014;2014-06-01;Fluminense;Internacional;1;1;D;2,05;3,33;4,23;2,03;3,2;3,7
2014;2014-06-01;Santos;Criciuma;2;0;H;2,12;3,42;3,84;1,93;3,35;3,89
2014;2014-06-05;Sport Recife;Bahia;1;0;H;2,45;3,27;3,2;2,29;3,09;3,17
2014;2014-07-16;Coritiba;Figueirense;0;2;A;1,51;4,03;8,75;1,52;3,78;6,64
2014;2014-07-16;Gremio;Goias;0;0;D;1,56;3,79;8,21;1,56;3,66;6,28
2014;2014-07-16;Sport Recife;Botafogo RJ;1;0;H;2,24;3,51;3,39;2,29;3,21;3,03
2014;2014-07-17;Bahia;Sao Paulo;0;2;A;3,45;3,31;2,31;3,16;3,14;2,25
2014;2014-07-17;Criciuma;Fluminense;3;2;H;3,65;3,34;2,21;3,28;3,19;2,18
2014;2014-07-17;Flamengo RJ;Athletico-PR;1;2;A;2,24;3,45;3,47;2,11;3,32;3,29
2014;2014-07-17;Corinthians;Internacional;2;1;H;1,97;3,33;4,62;1,95;3,18;4,01
2014;2014-07-17;Santos;Palmeiras;2;0;H;1,99;3,48;4,25;1,94;3,29;3,87
2014;2014-07-18;Cruzeiro;Vitoria;3;1;H;1,36;5,3;9,7;1,33;4,9;8,53
2014;2014-07-19;Atletico-MG;Bahia;1;1;D;1,72;3,83;5,44;1,64;3,61;5,24
2014;2014-07-19;Figueirense;Gremio;0;1;A;3,72;3,27;2,17;3,46;3,16;2,11
2014;2014-07-19;Sao Paulo;Chapecoense-SC;0;1;A;1,4;4,98;9,17;1,35;4,56;8,9
2014;2014-07-20;Botafogo RJ;Coritiba;1;0;H;2,18;3,4;3,68;2,12;3,24;3,38
2014;2014-07-20;Internacional;Flamengo RJ;4;0;H;1,62;3,94;6,49;1,59;3,68;5,66
2014;2014-07-20;Palmeiras;Cruzeiro;1;2;A;3,84;3,36;2,15;3,31;3,22;2,16
2014;2014-07-20;Vitoria;Corinthians;0;0;D;3,02;3,17;2,65;2,91;3,08;2,45
2014;2014-07-20;Athletico-PR;Criciuma;2;0;H;1,75;3,8;5,27;1,74;3,58;4,53
2014;2014-07-20;Fluminense;Santos;1;0;H;2,04;3,37;4,17;1,94;3,3;3,9
2014;2014-07-20;Goias;Sport Recife;0;0;D;1,75;3,62;5,67;1,79;3,41;4,45
2014;2014-07-26;Criciuma;Vitoria;1;3;A;2,11;3,32;4,05;1,99;3,26;3,72
2014;2014-07-26;Cruzeiro;Figueirense;5;0;H;1,24;6,3;16,8;1,2;6,22;13,01
2014;2014-07-26;Santos;Chapecoense-SC;3;0;H;1,59;3,99;6,84;1,58;3,64;5,95
2014;2014-07-27;Bahia;Internacional;0;1;A;3,71;3,33;2,19;3,33;3,19;2,16
2014;2014-07-27;Athletico-PR;Fluminense;0;3;A;2,74;3,25;2,84;2,62;3,2;2,62
2014;2014-07-27;Corinthians;Palmeiras;2;0;H;1,83;3,49;5,2;1,78;3,37;4,62
2014;2014-07-27;Goias;Sao Paulo;2;1;H;2,84;3,25;2,74;2,72;3,13;2,57
2014;2014-07-27;Sport Recife;Atletico-MG;2;1;H;3,4;3,4;2,29;2,99;3,2;2,32
2014;2014-07-27;Flamengo RJ;Botafogo RJ;1;0;H;2,85;3,3;2,7;2,67;3,15;2,6
2014;2014-07-27;Gremio;Coritiba;2;3;A;1,71;3,67;5,95;1,67;3,48;5,27
2014;2014-08-02;Botafogo RJ;Cruzeiro;1;1;D;3,11;3,46;2,42;3,02;3,31;2,26
2014;2014-08-02;Sao Paulo;Criciuma;1;1;D;1,39;5,13;9,08;1,32;4,84;9,13
2014;2014-08-03;Vitoria;Gremio;2;1;H;2,71;3,24;2,88;2,62;3,02;2,74
2014;2014-08-03;Chapecoense-SC;Flamengo RJ;1;0;H;2,14;3,23;4,06;2,07;3,11;3,68
2014;2014-08-03;Coritiba;Corinthians;0;0;D;2,83;2,99;2,96;2,79;2,92;2,66
2014;2014-08-03;Figueirense;Sport Recife;3;0;H;2,25;3,27;3,63;2,26;3,12;3,19
2014;2014-08-03;Palmeiras;Bahia;1;1;D;1,83;3,51;5,13;1,78;3,35;4,59
2014;2014-08-03;Atletico-MG;Athletico-PR;3;1;H;1,55;4,36;6,61;1,54;3,94;5,74
2014;2014-08-03;Fluminense;Goias;2;0;H;1,66;3,87;6,04;1,61;3,62;5,69
2014;2014-08-03;Internacional;Santos;1;0;H;1,82;3,53;5,18;1,76;3,41;4,62
2014;2014-08-07;Chapecoense-SC;Atletico-MG;1;1;D;2,89;3,28;2,67;2,99;3,13;2,39
2014;2014-08-09;Bahia;Goias;1;0;H;2,24;3,2;3,74;2,22;3,05;3,35
2014;2014-08-09;Criciuma;Cruzeiro;0;0;D;4,63;3,97;1,79;4,43;3,51;1,77
2014;2014-08-10;Fluminense;Coritiba;1;1;D;1,83;3,86;4,59;1,68;3,61;4,99
2014;2014-08-10;Athletico-PR;Botafogo RJ;2;0;H;2,31;3,43;3,32;2,17;3,27;3,23
2014;2014-08-10;Flamengo RJ;Sport Recife;1;0;H;1,71;3,85;5,48;1,72;3,53;4,75
2014;2014-08-10;Internacional;Gremio;2;0;H;2,1;3,27;4,11;2,05;3,16;3,71
2014;2014-08-10;Santos;Corinthians;0;1;A;2,74;3,05;2,99;2,55;2,96;2,89
2014;2014-08-10;Atletico-MG;Palmeiras;2;1;H;1,67;4,1;5,5;1,63;3,69;5,29
2014;2014-08-10;Chapecoense-SC;Figueirense;0;1;A;2,02;3,34;4,32;1,94;3,24;4
2014;2014-08-10;Sao Paulo;Vitoria;3;1;H;1,55;4,28;6,82;1,5;3,93;6,62
2014;2014-08-16;Goias;Internacional;0;1;A;2,77;3,26;2,8;2,62;3,04;2,73
2014;2014-08-17;Corinthians;Bahia;1;1;D;1,51;3,93;9,13;1,44;3,86;8,2
2014;2014-08-17;Coritiba;Flamengo RJ;0;1;A;1,88;3,42;5,02;1,88;3,28;4,19
2014;2014-08-17;Cruzeiro;Santos;3;0;H;1,52;4,36;7,31;1,49;3,92;6,71
2014;2014-08-17;Gremio;Criciuma;2;0;H;1,58;3,91;7,3;1,54;3,71;6,43
2014;2014-08-17;Palmeiras;Sao Paulo;1;2;A;2,54;3,35;2,99;2,61;3,16;2,65
2014;2014-08-17;Vitoria;Chapecoense-SC;0;0;D;1,81;3,52;5,3;1,8;3,35;4,54
2014;2014-08-17;Botafogo RJ;Fluminense;2;0;H;4,01;3,53;2,03;3,7;3,3;1,99
2014;2014-08-17;Figueirense;Atletico-MG;2;2;D;3,29;3,45;2,32;3,18;3,19;2,23
2014;2014-08-17;Sport Recife;Athletico-PR;1;1;D;2,36;3,35;3,3;2,27;3,16;3,12
2014;2014-08-20;Figueirense;Botafogo RJ;1;0;H;2,4;3,39;3,2;2,42;3,18;2,85
2014;2014-08-20;Santos;Athletico-PR;2;0;H;1,7;3,72;5,94;1,69;3,49;5,05
2014;2014-08-20;Sport Recife;Palmeiras;2;1;H;2,28;3,41;3,41;2,24;3,21;3,14
2014;2014-08-21;Bahia;Criciuma;0;0;D;1,94;3,4;4,63;1,76;3,34;4,82
2014;2014-08-21;Coritiba;Vitoria;2;0;H;1,85;3,65;4,76;1,77;3,43;4,51
2014;2014-08-21;Chapecoense-SC;Fluminense;1;0;H;3,01;3,2;2,63;2,86;3,06;2,49
2014;2014-08-21;Flamengo RJ;Atletico-MG;2;1;H;2,8;3,17;2,84;2,61;3,15;2,63
2014;2014-08-21;Internacional;Sao Paulo;0;1;A;1,94;3,48;4,49;1,86;3,35;4,14
2014;2014-08-21;Corinthians;Goias;5;2;H;1,56;3,97;7,65;1,5;3,69;7,09
2014;2014-08-22;Cruzeiro;Gremio;1;0;H;1,72;3,72;5,65;1,58;3,67;5,89
2014;2014-08-23;Atletico-MG;Internacional;1;0;H;2,14;3,32;3,9;2,08;3,23;3,45
2014;2014-08-23;Botafogo RJ;Chapecoense-SC;1;0;H;1,82;3,56;5,11;1,81;3,3;4,52
2014;2014-08-24;Palmeiras;Coritiba;1;0;H;2,03;3,41;4,18;1,97;3,25;3,79
2014;2014-08-24;Criciuma;Flamengo RJ;0;2;A;2,19;3,27;3,8;2,19;3,06;3,38
2014;2014-08-24;Fluminense;Sport Recife;4;0;H;1,53;4,32;7,17;1,51;3,86;6,31
2014;2014-08-24;Gremio;Corinthians;2;1;H;2,28;3,16;3,69;2,22;2,99;3,41
2014;2014-08-24;Sao Paulo;Santos;2;1;H;1,91;3,39;4,85;1,86;3,29;4,21
2014;2014-08-24;Vitoria;Figueirense;0;1;A;1,93;3,73;4,2;1,86;3,4;4,04
2014;2014-08-24;Athletico-PR;Bahia;0;0;D;1,89;3,56;4,61;1,85;3,33;4,18
2014;2014-08-24;Goias;Cruzeiro;0;1;A;4,06;3,38;2,07;3,91;3,27;1,94
2014;2014-08-30;Cruzeiro;Chapecoense-SC;4;2;H;1,33;5,5;10,9;1,29;5,01;10,37
2014;2014-08-30;Palmeiras;Internacional;0;1;A;3,04;3,08;2,69;2,74;3;2,64
2014;2014-08-31;Botafogo RJ;Santos;1;0;H;2,6;3,26;3;2,47;3,08;2,89
2014;2014-08-31;Corinthians;Fluminense;1;1;D;1,73;3,66;5,75;1,78;3,38;4,6
2014;2014-08-31;Coritiba;Atletico-MG;0;0;D;2,44;3,5;3,04;2,41;3,16;2,89
2014;2014-08-31;Figueirense;Sao Paulo;1;1;D;2,99;3,26;2,61;2,84;3,15;2,44
2014;2014-08-31;Sport Recife;Criciuma;2;0;H;1,78;3,7;5,16;1,76;3,41;4,59
2014;2014-08-31;Goias;Athletico-PR;3;1;H;2,24;3,27;3,66;2,11;3,19;3,44
2014;2014-08-31;Gremio;Bahia;1;0;H;1,55;3,96;7,74;1,55;3,61;6,4
2014;2014-08-31;Vitoria;Flamengo RJ;1;2;A;2,39;3,28;3,32;2,32;3,09;3,09
2014;2014-09-06;Flamengo RJ;Gremio;0;1;A;2,35;3,14;3,55;2,36;2,98;3,17
2014;2014-09-06;Santos;Vitoria;3;1;H;1,51;4,32;7,64;1,53;3,83;6,27
2014;2014-09-07;Chapecoense-SC;Goias;0;0;D;2,27;3,13;3,78;2,15;3,06;3,54
2014;2014-09-07;Atletico-MG;Botafogo RJ;1;0;H;1,64;4,05;5,94;1,6;3,75;5,52
2014;2014-09-07;Criciuma;Corinthians;0;0;D;3,65;3,21;2,28;3,35;3,07;2,22
2014;2014-09-07;Fluminense;Cruzeiro;3;3;D;2,72;3,34;2,79;2,45;3,25;2,79
2014;2014-09-07;Sao Paulo;Sport Recife;2;0;H;1,47;4,54;7,91;1,42;4,3;7,23
2014;2014-09-07;Athletico-PR;Palmeiras;1;1;D;2,12;3,52;3,7;2,06;3,31;3,49
2014;2014-09-07;Bahia;Coritiba;0;0;D;2,48;3,08;3,37;2,4;2,94;3,14
2014;2014-09-07;Internacional;Figueirense;2;3;A;1,44;4,45;9,34;1,46;3,98;7,22
2014;2014-09-10;Figueirense;Fluminense;1;1;D;3,03;3,52;2,43;2,85;3,25;2,41
2014;2014-09-10;Gremio;Athletico-PR;1;0;H;1,5;4,35;7,75;1,47;3,98;7,06
2014;2014-09-10;Palmeiras;Criciuma;1;0;H;1,88;3,53;4,79;1,77;3,38;4,67
2014;2014-09-11;Coritiba;Chapecoense-SC;3;0;H;1,75;3,43;6,1;1,7;3,37;5,29
2014;2014-09-11;Sport Recife;Santos;3;1;H;2,68;3,36;2,81;2,53;3,12;2,77
2014;2014-09-11;Botafogo RJ;Sao Paulo;2;4;A;5,84;4,17;1,63;5,13;3,69;1,65
2014;2014-09-11;Goias;Flamengo RJ;1;0;H;3,32;3,3;2,38;2,99;3,07;2,42
2014;2014-09-11;Vitoria;Internacional;2;0;H;3,12;3,32;2,47;3;3,17;2,34
2014;2014-09-11;Corinthians;Atletico-MG;1;0;H;2,12;3,2;4,14;2,01;3,13;3,89
2014;2014-09-12;Cruzeiro;Bahia;2;1;H;1,35;5,18;11,2;1,29;5,09;9,88
2014;2014-09-13;Chapecoense-SC;Sport Recife;3;1;H;1,99;3,25;4,65;2,03;3,16;3,77
2014;2014-09-13;Fluminense;Palmeiras;3;0;H;1,6;4,26;5,99;1,57;3,79;5,6
2014;2014-09-14;Santos;Coritiba;2;1;H;1,93;3,62;4,31;1,88;3,33;4,12
2014;2014-09-14;Bahia;Figueirense;3;0;H;2,13;3,3;3,97;2,14;3,11;3,51
2014;2014-09-14;Flamengo RJ;Corinthians;1;0;H;3,07;3,11;2,65;2,96;2,91;2,53
2014;2014-09-14;Internacional;Botafogo RJ;2;0;H;1,57;4,1;6,89;1,51;3,82;6,53
2014;2014-09-14;Sao Paulo;Cruzeiro;2;0;H;2,2;3,39;3,64;2,17;3,26;3,25
2014;2014-09-14;Atletico-MG;Gremio;0;0;D;2,08;3,23;4,26;1,99;3,19;3,86
2014;2014-09-14;Athletico-PR;Vitoria;2;0;H;1,82;3,68;4,93;1,81;3,42;4,35
2014;2014-09-14;Criciuma;Goias;1;0;H;2,39;3,17;3,43;2,29;3,02;3,25
2014;2014-09-17;Cruzeiro;Athletico-PR;2;0;H;1,44;4,86;8,03;1,36;4,62;8,23
2014;2014-09-17;Vitoria;Fluminense;3;1;H;3,18;3,39;2,39;3,01;3,23;2,31
2014;2014-09-18;Figueirense;Criciuma;1;1;D;2,14;3,25;3,96;2,06;3,19;3,63
2014;2014-09-18;Sport Recife;Internacional;0;0;D;2,85;3,35;2,67;2,7;3,12;2,61
2014;2014-09-18;Botafogo RJ;Bahia;2;3;A;1,78;3,57;5,5;1,75;3,38;4,86
2014;2014-09-18;Coritiba;Sao Paulo;3;1;H;2,26;3,47;3,4;2,35;3,23;2,97
2014;2014-09-18;Palmeiras;Flamengo RJ;2;2;D;2,59;3,14;3,11;2,36;3,05;3,09
2014;2014-09-18;Corinthians;Chapecoense-SC;1;1;D;1,54;4,2;7,32;1,47;3,9;7,32
2014;2014-09-18;Goias;Atletico-MG;2;3;A;2,57;3,11;3,19;2,54;3,05;2,82
2014;2014-09-19;Gremio;Santos;0;0;D;1,93;3,43;4,68;1,86;3,25;4,37
2014;2014-09-20;Athletico-PR;Internacional;0;1;A;2,71;3,36;2,8;2,58;3,13;2,71
2014;2014-09-21;Criciuma;Botafogo RJ;1;1;D;2,03;3,44;4,16;1,87;3,37;4,15
2014;2014-09-21;Corinthians;Sao Paulo;3;2;H;2,29;3,23;3,58;2,24;3,11;3,28
2014;2014-09-21;Cruzeiro;Atletico-MG;2;3;A;1,72;3,84;5,46;1,72;3,59;4,73
2014;2014-09-21;Flamengo RJ;Fluminense;1;1;D;2,54;3,35;3;2,58;3,16;2,7
2014;2014-09-21;Sport Recife;Coritiba;1;0;H;2,31;3,22;3,55;2,28;3,07;3,21
2014;2014-09-21;Vitoria;Bahia;2;1;H;2,83;3,25;2,75;2,69;3,08;2,64
2014;2014-09-21;Goias;Palmeiras;6;0;H;2,11;3,42;3,92;2,05;3,21;3,64
2014;2014-09-21;Gremio;Chapecoense-SC;1;0;H;1,65;3,78;6,47;1,59;3,59;5,91
2014;2014-09-21;Santos;Figueirense;3;1;H;1,62;3,99;6,43;1,58;3,68;5,95
2014;2014-09-24;Coritiba;Cruzeiro;1;2;A;2,95;3,37;2,56;2,79;3,21;2,47
2014;2014-09-24;Internacional;Criciuma;3;0;H;1,45;4,48;8,97;1,44;4,09;7,39
2014;2014-09-25;Bahia;Sport Recife;1;0;H;1,96;3,47;4,39;1,94;3,31;3,91
2014;2014-09-25;Chapecoense-SC;Athletico-PR;3;0;H;2,38;3,17;3,46;2,21;3,1;3,35
2014;2014-09-25;Figueirense;Corinthians;1;0;H;3,7;3,12;2,3;3,3;3,09;2,24
2014;2014-09-25;Fluminense;Gremio;0;0;D;2,49;3,18;3,23;2,32;3,07;3,17
2014;2014-09-25;Sao Paulo;Flamengo RJ;2;2;D;1,78;3,88;4,88;1,69;3,6;4,9
2014;2014-09-25;Botafogo RJ;Goias;1;0;H;1,92;3,48;4,65;1,98;3,31;3,72
2014;2014-09-25;Palmeiras;Vitoria;2;0;H;1,85;3,6;4,8;1,87;3,47;4,01
2014;2014-09-26;Atletico-MG;Santos;3;2;H;1,86;3,66;4,67;1,7;3,58;4,75
2014;2014-09-27;Chapecoense-SC;Criciuma;1;1;D;1,86;3,39;5,15;1,81;3,28;4,6
2014;2014-09-27;Sport Recife;Cruzeiro;0;0;D;4,12;3,7;1,95;3,65;3,41;1,97
2014;2014-09-28;Sao Paulo;Fluminense;1;3;A;1,76;4,06;4,76;1,76;3,56;4,48
2014;2014-09-28;Atletico-MG;Vitoria;2;0;H;1,48;4,48;8,07;1,44;4,19;7,16
2014;2014-09-28;Athletico-PR;Corinthians;1;0;H;2,67;3,1;3,05;2,58;2,99;2,83
2014;2014-09-28;Bahia;Flamengo RJ;2;1;H;2,4;3,17;3,44;2,29;3,06;3,22
2014;2014-09-28;Botafogo RJ;Gremio;0;2;A;3,06;3,11;2,65;2,85;2,99;2,56
2014;2014-09-28;Figueirense;Palmeiras;3;1;H;2,12;3,38;3,89;2,11;3,23;3,43
2014;2014-09-28;Internacional;Coritiba;4;2;H;1,64;3,97;6,12;1,59;3,67;5,77
2014;2014-09-28;Santos;Goias;2;0;H;1,79;3,8;4,89;1,74;3,51;4,65
2014;2014-10-02;Palmeiras;Chapecoense-SC;4;2;H;1,88;3,54;4,73;1,88;3,36;4,09
2014;2014-10-04;Coritiba;Athletico-PR;1;0;H;1,9;3,47;4,75;1,88;3,32;4,11
2014;2014-10-04;Flamengo RJ;Santos;0;1;A;2;3,39;4,35;1,98;3,29;3,79
2014;2014-10-04;Fluminense;Bahia;1;1;D;1,94;3,43;4,59;1,86;3,32;4,23
2014;2014-10-04;Gremio;Sao Paulo;0;1;A;1,74;3,5;6,11;1,79;3,33;4,7
2014;2014-10-04;Vitoria;Botafogo RJ;2;1;H;1,68;3,89;5,76;1,67;3,6;5,05
2014;2014-10-04;Corinthians;Sport Recife;3;0;H;1,43;4,35;10,53;1,44;3,91;8
2014;2014-10-04;Criciuma;Atletico-MG;3;1;H;3,26;3,42;2,34;2,97;3,16;2,36
2014;2014-10-04;Cruzeiro;Internacional;2;1;H;1,75;3,79;5,3;1,63;3,64;5,33
2014;2014-10-05;Goias;Figueirense;1;0;H;1,76;3,58;5,64;1,76;3,4;4,72
2014;2014-10-08;Botafogo RJ;Palmeiras;0;1;A;2,5;3,59;2,9;2,42;3,29;2,8
2014;2014-10-08;Coritiba;Criciuma;1;0;H;1,54;4,25;7,1;1,57;3,76;5,87
2014;2014-10-08;Sao Paulo;Athletico-PR;1;0;H;1,69;3,93;5,58;1,6;3,72;5,43
2014;2014-10-09;Vitoria;Goias;2;2;D;2,16;3,48;3,64;2,07;3,31;3,46
2014;2014-10-09;Cruzeiro;Corinthians;0;1;A;1,66;3,69;6,6;1,64;3,51;5,51
2014;2014-10-09;Figueirense;Flamengo RJ;1;2;A;2,9;3,09;2,81;2,68;3,06;2,67
2014;2014-10-09;Gremio;Sport Recife;2;0;H;1,5;4,28;7,97;1,45;4,07;7,3
2014;2014-10-09;Fluminense;Atletico-MG;0;0;D;2,04;3,62;3,88;2,04;3,37;3,46
2014;2014-10-09;Santos;Bahia;1;0;H;1,65;3,78;6,57;1,58;3,66;5,95
2014;2014-10-10;Chapecoense-SC;Internacional;5;0;H;3,44;3,22;2,36;3,2;3,09;2,27
2014;2014-10-11;Botafogo RJ;Corinthians;1;0;H;4,74;3,45;1,91;4,45;3,33;1,82
2014;2014-10-11;Goias;Coritiba;3;0;H;2,28;3,17;3,68;2,29;3,1;3,17
2014;2014-10-12;Palmeiras;Gremio;2;1;H;2,41;3,24;3,32;2,39;3,08;3,02
2014;2014-10-12;Atletico-MG;Sao Paulo;1;0;H;2,05;3,54;3,92;1,97;3,31;3,75
2014;2014-10-12;Bahia;Chapecoense-SC;0;1;A;1,93;3,52;4,5;1,85;3,31;4,29
2014;2014-10-12;Flamengo RJ;Cruzeiro;3;0;H;2,72;3,26;2,85;2,69;3,09;2,64
2014;2014-10-12;Internacional;Fluminense;2;1;H;1,97;3,64;4,07;1,92;3,37;3,84
2014;2014-10-12;Athletico-PR;Figueirense;3;0;H;1,54;4,04;7,7;1,55;3,72;6,29
2014;2014-10-12;Criciuma;Santos;3;0;H;2,4;3,5;3,13;2,39;3,18;2,92
2014;2014-10-12;Sport Recife;Vitoria;1;2;A;2,08;3,58;3,77;1,95;3,36;3,81
2014;2014-10-18;Fluminense;Criciuma;4;2;H;1,53;4,37;7,09;1,51;3,93;6,47
2014;2014-10-18;Goias;Gremio;0;0;D;2,41;3,08;3,5;2,4;2,95;3,15
2014;2014-10-18;Sao Paulo;Bahia;2;1;H;1,42;4,66;9,12;1,41;4,25;7,79
2014;2014-10-19;Atletico-MG;Chapecoense-SC;1;0;H;1,54;4,28;7,06;1,48;3,97;6,77
2014;2014-10-19;Athletico-PR;Flamengo RJ;2;1;H;2,1;3,38;3,98;2,06;3,2;3,62
2014;2014-10-19;Figueirense;Coritiba;4;0;H;3,28;3,33;2,37;2,95;3,11;2,41
2014;2014-10-19;Internacional;Corinthians;1;2;A;1,94;3,36;4,71;1,9;3,21;4,24
2014;2014-10-19;Palmeiras;Santos;1;3;A;2,36;3,41;3,22;2,32;3,22;3
2014;2014-10-19;Botafogo RJ;Sport Recife;1;1;D;2,04;3,5;3,98;2,04;3,26;3,58
2014;2014-10-19;Vitoria;Cruzeiro;0;1;A;3,74;3,51;2,12;3,5;3,3;2,05
2014;2014-10-22;Bahia;Atletico-MG;1;1;D;2,91;3,36;2,6;2,82;3,11;2,51
2014;2014-10-22;Corinthians;Vitoria;2;1;H;1,92;3,43;4,7;1,85;3,29;4,32
2014;2014-10-22;Criciuma;Athletico-PR;0;1;A;2,43;3,47;3,08;2,3;3,18;3,07
2014;2014-10-22;Cruzeiro;Palmeiras;1;1;D;1,34;5,45;10,66;1,32;4,87;8,96
2014;2014-10-22;Flamengo RJ;Internacional;2;0;H;2,08;3,44;3,95;2,04;3,23;3,64
2014;2014-10-23;Coritiba;Botafogo RJ;2;0;H;1,64;4,13;5,83;1,58;3,8;5,63
2014;2014-10-23;Gremio;Figueirense;1;0;H;1,48;4,44;8,07;1,45;4,01;7,43
2014;2014-10-23;Chapecoense-SC;Sao Paulo;0;0;D;2,79;3,34;2,73;2,77;3,13;2,54
2014;2014-10-23;Santos;Fluminense;0;1;A;1,74;3,91;5,21;1,76;3,55;4,46
2014;2014-10-23;Sport Recife;Goias;0;1;A;2;3,37;4,39;1,95;3,21;3,98
2014;2014-10-25;Figueirense;Cruzeiro;1;1;D;4,71;3,58;1,88;4,11;3,39;1,87
2014;2014-10-25;Fluminense;Athletico-PR;2;1;H;1,75;3,77;5,33;1,66;3,64;5,08
2014;2014-10-25;Palmeiras;Corinthians;1;1;D;3;3,11;2,71;2,76;3,02;2,61
2014;2014-10-25;Atletico-MG;Sport Recife;3;2;H;1,69;3,9;5,67;1,63;3,64;5,31
2014;2014-10-25;Chapecoense-SC;Santos;1;1;D;2,12;3,29;3,95;2,05;3,2;3,64
2014;2014-10-25;Coritiba;Gremio;1;1;D;2,31;3,09;3,72;2,21;3,1;3,35
2014;2014-10-25;Vitoria;Criciuma;3;1;H;2,07;3,49;3,9;1,98;3,27;3,8
2014;2014-10-26;Botafogo RJ;Flamengo RJ;2;1;H;2,87;3,33;2,66;2,73;3,13;2,57
2014;2014-10-26;Internacional;Bahia;2;0;H;1,45;4,62;8,35;1,42;4,15;7,7
2014;2014-10-27;Sao Paulo;Goias;3;0;H;1,61;3,94;6,68;1,57;3,72;5,97
2014;2014-11-01;Goias;Fluminense;0;2;A;2,63;3,25;2,97;2,51;3,15;2,78
2014;2014-11-01;Gremio;Vitoria;1;0;H;1,47;4,41;8,42;1,44;4,05;7,44
2014;2014-11-01;Corinthians;Coritiba;2;2;D;1,85;3,56;4,88;1,76;3,39;4,71
2014;2014-11-02;Criciuma;Sao Paulo;1;2;A;2,95;3,51;2,49;2,89;3,22;2,39
2014;2014-11-02;Cruzeiro;Botafogo RJ;2;1;H;1,32;5,56;11,37;1,3;5,03;9,64
2014;2014-11-02;Santos;Internacional;1;2;A;2,33;3,48;3,24;2,35;3,25;2,94
2014;2014-11-02;Sport Recife;Figueirense;1;0;H;1,82;3,52;5,2;1,8;3,34;4,55
2014;2014-11-02;Athletico-PR;Atletico-MG;1;0;H;2,11;3,47;3,76;2,09;3,3;3,41
2014;2014-11-02;Flamengo RJ;Chapecoense-SC;3;0;H;2,02;3,36;4,3;1,89;3,22;4,29
2014;2014-11-02;Bahia;Palmeiras;0;1;A;2,36;3,29;3,35;2,2;3,17;3,26
2014;2014-11-08;Coritiba;Fluminense;1;0;H;2,27;3,48;3,38;2,1;3,29;3,37
2014;2014-11-08;Palmeiras;Atletico-MG;0;2;A;1,76;3,84;5,08;1,76;3,54;4,45
2014;2014-11-08;Botafogo RJ;Athletico-PR;0;2;A;2,26;3,35;3,54;2,24;3,14;3,24
2014;2014-11-09;Figueirense;Chapecoense-SC;1;0;H;2,27;3,14;3,75;2,22;3,09;3,34
2014;2014-11-09;Gremio;Internacional;4;1;H;2,07;3,32;4,14;2,07;3,15;3,67
2014;2014-11-09;Sport Recife;Flamengo RJ;2;2;D;2,21;3,23;3,79;2,13;3,16;3,45
2014;2014-11-09;Vitoria;Sao Paulo;1;2;A;2,71;3,47;2,71;2,65;3,26;2,56
2014;2014-11-09;Corinthians;Santos;1;0;H;1,88;3,61;4,57;1,8;3,39;4,47
2014;2014-11-09;Cruzeiro;Criciuma;3;1;H;1,28;6,02;13,31;1,27;5,35;10,03
2014;2014-11-09;Goias;Bahia;3;0;H;2,07;3,38;4,06;1,97;3,24;3,88
2014;2014-11-13;Sao Paulo;Internacional;1;1;D;1,66;4,04;5,69;1,61;3,77;5,31
2014;2014-11-15;Criciuma;Gremio;0;3;A;3,39;3,32;2,33;3,27;3,18;2,2
2014;2014-11-15;Fluminense;Botafogo RJ;1;0;H;1,74;3,94;5,08;1,65;3,72;5,01
2014;2014-11-16;Athletico-PR;Sport Recife;0;1;A;1,69;3,93;5,49;1,68;3,56;5
2014;2014-11-16;Bahia;Corinthians;1;2;A;3;3,12;2,69;2,89;3,01;2,51
2014;2014-11-16;Flamengo RJ;Coritiba;3;2;H;2,11;3,41;3,89;2,03;3,26;3,6
2014;2014-11-16;Internacional;Goias;1;0;H;1,52;4,34;7,3;1,47;4,06;6,93
2014;2014-11-16;Santos;Cruzeiro;0;1;A;2,56;3,53;2,84;2,4;3,3;2,82
2014;2014-11-16;Atletico-MG;Figueirense;1;1;D;1,56;4,13;7,06;1,52;3,84;6,32
2014;2014-11-16;Chapecoense-SC;Vitoria;0;1;A;1,95;3,4;4,56;1,9;3,28;4,11
2014;2014-11-16;Sao Paulo;Palmeiras;2;0;H;1,74;3,82;5,34;1,63;3,65;5,35
2014;2014-11-19;Athletico-PR;Santos;1;1;D;2,21;3,51;3,51;2,11;3,28;3,37
2014;2014-11-19;Botafogo RJ;Figueirense;0;1;A;2,04;3,48;4,04;1,99;3,28;3,74
2014;2014-11-19;Criciuma;Bahia;0;1;A;2,15;3,68;3,47;2,07;3,38;3,4
2014;2014-11-19;Goias;Corinthians;0;1;A;4,2;3,34;2,04;3,97;3,26;1,94
2014;2014-11-19;Vitoria;Coritiba;1;1;D;2,47;3,27;3,18;2,32;3,18;3,03
2014;2014-11-20;Atletico-MG;Flamengo RJ;4;0;H;1,59;4,22;6,3;1,56;3,82;5,81
2014;2014-11-20;Palmeiras;Sport Recife;0;2;A;1,65;4,04;5,89;1,57;3,81;5,7
2014;2014-11-20;Fluminense;Chapecoense-SC;1;4;A;1,52;4,23;7,53;1,46;4,04;7,02
2014;2014-11-20;Gremio;Cruzeiro;1;2;A;2,13;3,28;4,01;2,05;3,21;3,61
2014;2014-11-22;Internacional;Atletico-MG;2;1;H;1,76;3,99;4,86;1,66;3,71;4,95
2014;2014-11-22;Bahia;Athletico-PR;1;2;A;1,76;3,77;5,19;1,71;3,52;4,85
2014;2014-11-23;Cruzeiro;Goias;2;1;H;1,34;5,26;11,37;1,31;4,89;9,45
2014;2014-11-23;Figueirense;Vitoria;2;0;H;2,2;3,34;3,62;2,14;3,24;3,35
2014;2014-11-23;Flamengo RJ;Criciuma;1;1;D;1,52;4,49;6,95;1,5;4,05;6,33
2014;2014-11-23;Santos;Sao Paulo;0;1;A;2,47;3,59;2,93;2,43;3,25;2,82
2014;2014-11-23;Sport Recife;Fluminense;2;2;D;2,44;3,53;3,01;2,36;3,27;2,9
2014;2014-11-23;Chapecoense-SC;Botafogo RJ;2;0;H;1,91;3,58;4,49;1,81;3,43;4,39
2014;2014-11-23;Corinthians;Gremio;1;0;H;1,94;3,26;4,77;1,89;3,25;4,21
2014;2014-11-23;Coritiba;Palmeiras;2;0;H;1,77;3,69;5,31;1,76;3,5;4,56
2014;2014-11-29;Criciuma;Sport Recife;2;2;D;2,73;3,37;2,76;2,71;3,17;2,56
2014;2014-11-29;Internacional;Palmeiras;3;1;H;1,54;4,43;6,73;1,52;3,94;6,2
2014;2014-11-29;Flamengo RJ;Vitoria;4;0;H;2,78;3,45;2,66;2,59;3,26;2,61
2014;2014-11-30;Chapecoense-SC;Cruzeiro;1;1;D;2,5;3,49;2,95;2,32;3,25;2,97
2014;2014-11-30;Fluminense;Corinthians;5;2;H;3,24;3,32;2,4;2,96;3,18;2,36
2014;2014-11-30;Santos;Botafogo RJ;2;0;H;1,67;4,2;5,35;1,6;3,83;5,31
2014;2014-11-30;Sao Paulo;Figueirense;1;1;D;1,42;4,47;10,22;1,46;3,99;7,37
2014;2014-11-30;Atletico-MG;Coritiba;1;2;A;1,72;3,82;5,5;1,73;3,53;4,69
2014;2014-11-30;Athletico-PR;Goias;1;0;H;1,84;3,62;4,85;1,77;3,42;4,57
2014;2014-11-30;Bahia;Gremio;1;0;H;3,12;3,41;2,43;3,07;3,16;2,31
2014;2014-12-06;Corinthians;Criciuma;2;1;H;1,24;6,25;16,65;1,21;5,84;13,28
2014;2014-12-06;Figueirense;Internacional;1;2;A;3,83;3,57;2,04;3,52;3,32;2,04
2014;2014-12-07;Botafogo RJ;Atletico-MG;0;0;D;4;3,84;1,94;3,98;3,55;1,84
2014;2014-12-07;Coritiba;Bahia;3;2;H;2,06;3,63;3,76;2,12;3,33;3,3
2014;2014-12-07;Cruzeiro;Fluminense;2;1;H;1,68;4,07;5,28;1,62;3,75;5,23
2014;2014-12-07;Goias;Chapecoense-SC;4;2;H;2,07;3,39;3,97;2,04;3,23;3,61
2014;2014-12-07;Gremio;Flamengo RJ;1;1;D;1,5;4,34;7,91;1,46;4,04;7,08
2014;2014-12-07;Palmeiras;Athletico-PR;1;1;D;1,44;4,64;8,37;1,4;4,41;7,35
2014;2014-12-07;Sport Recife;Sao Paulo;1;0;H;2,46;3,52;2,94;2,38;3,27;2,85
2014;2014-12-07;Vitoria;Santos;0;1;A;1,79;3,83;4,92;1,75;3,57;4,46
2015;2015-05-09;Chapecoense-SC;Coritiba;2;1;H;2,21;3,24;3,77;2,12;3,15;3,5
2015;2015-05-09;Palmeiras;Atletico-MG;2;2;D;1,72;3,72;5,76;1,65;3,52;5,35
2015;2015-05-10;Fluminense;Joinville;1;0;H;1,62;3,89;6,69;1,57;3,72;5,96
2015;2015-05-10;Gremio;Ponte Preta;3;3;D;1,64;3,71;6,64;1,57;3,63;6,16
2015;2015-05-10;Athletico-PR;Internacional;3;0;H;2,19;3,31;3,74;2,16;3,18;3,37
2015;2015-05-10;Cruzeiro;Corinthians;0;1;A;2,84;3,24;2,74;2,76;3,09;2,57
2015;2015-05-10;Sao Paulo;Flamengo RJ;2;1;H;2,23;3,38;3,6;2,12;3,23;3,39
2015;2015-05-10;Sport Recife;Figueirense;4;1;H;1,71;3,66;5,91;1,71;3,46;4,97
2015;2015-05-10;Avai;Santos;1;1;D;3,82;3,47;2,11;3,43;3,27;2,09
2015;2015-05-10;Vasco;Goias;0;0;D;1,66;3,72;6,46;1,65;3,53;5,44
2015;2015-05-16;Coritiba;Gremio;2;0;H;2,6;3,18;3,06;2,54;3,02;2,87
2015;2015-05-16;Goias;Athletico-PR;2;0;H;2,3;3,21;3,6;2,23;3,1;3,3
2015;2015-05-17;Corinthians;Chapecoense-SC;1;0;H;1,71;3,68;5,95;1,6;3,59;5,93
2015;2015-05-17;Figueirense;Vasco;0;0;D;2,58;3,18;3,08;2,5;3,08;2,87
2015;2015-05-17;Atletico-MG;Fluminense;4;1;H;2,04;3,43;4,1;1,99;3,3;3,72
2015;2015-05-17;Flamengo RJ;Sport Recife;2;2;D;1,68;3,89;5,7;1,62;3,66;5,47
2015;2015-05-17;Santos;Cruzeiro;1;0;H;1,88;3,57;4,7;1,82;3,4;4,3
2015;2015-05-17;Internacional;Avai;1;0;H;1,76;3,9;5,01;1,65;3,68;5,26
2015;2015-05-17;Joinville;Palmeiras;0;0;D;3,3;3,21;2,43;3,09;3,11;2,33
2015;2015-05-17;Ponte Preta;Sao Paulo;1;0;H;3,11;3,25;2,53;2,99;3,14;2,37
2015;2015-05-23;Sao Paulo;Joinville;3;0;H;1,48;4,21;8,78;1,43;4;8,07
2015;2015-05-23;Vasco;Internacional;1;1;D;1,89;3,46;4,81;1,8;3,37;4,56
2015;2015-05-24;Gremio;Figueirense;1;0;H;1,53;4,1;7,9;1,5;3,79;7,08
2015;2015-05-24;Palmeiras;Goias;0;1;A;1,63;3,91;6,64;1,53;3,76;6,54
2015;2015-05-24;Athletico-PR;Atletico-MG;1;0;H;3,68;3,35;2,2;3,34;3,25;2,14
2015;2015-05-24;Avai;Flamengo RJ;2;1;H;2,96;3,16;2,73;2,64;3,06;2,71
2015;2015-05-24;Chapecoense-SC;Santos;1;0;H;2,81;3,17;2,83;2,63;3,1;2,69
2015;2015-05-24;Fluminense;Corinthians;0;0;D;2,77;3,17;2,87;2,6;3,05;2,76
2015;2015-05-24;Cruzeiro;Ponte Preta;1;1;D;2,39;3,34;3,25;2,22;3,21;3,21
2015;2015-05-24;Sport Recife;Coritiba;1;0;H;1,82;3,57;5,1;1,82;3,38;4,41
2015;2015-05-30;Coritiba;Avai;1;2;A;1,69;3,74;5,95;1,69;3,52;5,13
2015;2015-05-30;Ponte Preta;Chapecoense-SC;3;1;H;1,9;3,58;4,53;1,82;3,4;4,35
2015;2015-05-31;Joinville;Athletico-PR;1;2;A;2,41;3,26;3,3;2,33;3,08;3,11
2015;2015-05-31;Santos;Sport Recife;2;2;D;1,53;4,32;7,2;1,52;3,91;6,33
2015;2015-05-31;Atletico-MG;Vasco;3;0;H;1,42;4,79;8,92;1,41;4,24;7,79
2015;2015-05-31;Corinthians;Palmeiras;0;2;A;2,11;3,26;4,1;2,05;3,17;3,71
2015;2015-05-31;Goias;Gremio;1;1;D;2,92;3,1;2,77;2,72;2,97;2,69
2015;2015-05-31;Internacional;Sao Paulo;0;0;D;2,48;3,34;3,09;2,35;3,17;3,03
2015;2015-05-31;Figueirense;Cruzeiro;2;1;H;3,02;3,22;2,61;2,91;3,08;2,47
2015;2015-05-31;Flamengo RJ;Fluminense;2;3;A;2,4;3,33;3,25;2,35;3,15;3,03
2015;2015-06-03;Athletico-PR;Figueirense;1;0;H;1,65;3,66;6,83;1,64;3,48;5,73
2015;2015-06-03;Chapecoense-SC;Joinville;2;0;H;1,65;3,73;6,65;1,65;3,52;5,46
2015;2015-06-03;Vasco;Ponte Preta;0;3;A;2,44;3,28;3,25;2,41;3,11;2,98
2015;2015-06-04;Sao Paulo;Santos;3;2;H;1,9;3,64;4,45;1,86;3,38;4,16
2015;2015-06-04;Avai;Atletico-MG;1;4;A;3,95;3,61;2,03;3,73;3,35;1,97
2015;2015-06-04;Cruzeiro;Flamengo RJ;1;0;H;1,93;3,55;4,49;1,83;3,41;4,26
2015;2015-06-04;Gremio;Corinthians;3;1;H;2,19;3,15;4,01;2,11;3,06;3,66
2015;2015-06-04;Fluminense;Coritiba;2;0;H;1,83;3,52;5,15;1,74;3,43;4,85
2015;2015-06-05;Palmeiras;Internacional;1;1;D;1,88;3,61;4,68;1,87;3,38;4,1
2015;2015-06-05;Sport Recife;Goias;1;0;H;1,76;3,53;5,71;1,75;3,38;4,81
2015;2015-06-06;Atletico-MG;Cruzeiro;1;3;A;1,69;3,97;5,46;1,63;3,7;5,22
2015;2015-06-06;Flamengo RJ;Chapecoense-SC;1;0;H;1,82;3,56;5,14;1,74;3,43;4,79
2015;2015-06-06;Santos;Ponte Preta;2;2;D;1,98;3,47;4,27;1,92;3,31;4,02
2015;2015-06-07;Athletico-PR;Vasco;2;0;H;1,67;3,85;5,99;1,64;3,57;5,51
2015;2015-06-07;Joinville;Corinthians;0;1;A;4,41;3,21;2,05;3,84;3,09;2,04
2015;2015-06-07;Sao Paulo;Gremio;2;0;H;1,81;3,45;5,44;1,77;3,37;4,76
2015;2015-06-07;Internacional;Coritiba;2;0;H;1,67;3,85;6,05;1,6;3,63;5,74
2015;2015-06-07;Figueirense;Palmeiras;2;1;H;3,42;3,32;2,32;3,22;3,11;2,26
2015;2015-06-07;Fluminense;Sport Recife;0;0;D;1,7;3,79;5,73;1,68;3,53;5,11
2015;2015-06-07;Goias;Avai;0;1;A;1,82;3,53;5,23;1,78;3,32;4,74
2015;2015-06-10;Atletico-MG;Santos;2;2;D;1,53;4,58;6,61;1,5;4,23;6,04
2015;2015-06-13;Chapecoense-SC;Sao Paulo;0;1;A;2,7;3,12;2,99;2,62;3,01;2,76
2015;2015-06-13;Corinthians;Internacional;2;1;H;1,71;3,66;5,92;1,75;3,37;4,94
2015;2015-06-13;Coritiba;Flamengo RJ;0;1;A;2,76;3,2;2,85;2,6;3,04;2,75
2015;2015-06-14;Sport Recife;Joinville;2;1;H;1,62;3,94;6,49;1,58;3,66;5,92
2015;2015-06-14;Vasco;Cruzeiro;1;3;A;3,22;3,22;2,48;2,92;3,07;2,46
2015;2015-06-14;Ponte Preta;Goias;0;0;D;1,6;3,91;7;1,58;3,7;5,84
2015;2015-06-14;Avai;Figueirense;1;1;D;2,13;3,33;3,91;2,06;3,17;3,65
2015;2015-06-14;Gremio;Athletico-PR;2;1;H;1,69;3,72;6,09;1,68;3,49;5,22
2015;2015-06-14;Palmeiras;Fluminense;2;1;H;1,85;3,54;4,99;1,78;3,37;4,63
2015;2015-06-19;Figueirense;Internacional;0;0;D;2,88;3,21;2,73;2,82;3,04;2,56
2015;2015-06-20;Flamengo RJ;Atletico-MG;0;2;A;2,56;3,44;2,91;2,52;3,22;2,71
2015;2015-06-20;Santos;Corinthians;1;0;H;2,28;3,3;3,53;2,28;3,13;3,19
2015;2015-06-20;Sport Recife;Vasco;2;1;H;1,79;3,74;5;1,71;3,49;4,96
2015;2015-06-21;Gremio;Palmeiras;1;0;H;2,02;3,45;4,15;2,02;3,22;3,75
2015;2015-06-21;Cruzeiro;Chapecoense-SC;0;1;A;1,62;3,92;6,53;1,57;3,68;6,14
2015;2015-06-21;Athletico-PR;Coritiba;2;2;D;1,96;3,4;4,52;1,9;3,24;4,19
2015;2015-06-21;Joinville;Goias;2;1;H;2,39;3,12;3,49;2,26;3,01;3,3
2015;2015-06-21;Sao Paulo;Avai;1;1;D;1,53;4,53;6,69;1,47;4,1;6,64
2015;2015-06-24;Fluminense;Ponte Preta;2;0;H;2,03;3,42;4,16;2,05;3,22;3,67
2015;2015-06-27;Avai;Gremio;1;2;A;3,5;3,22;2,34;3,15;3,06;2,32
2015;2015-06-27;Chapecoense-SC;Sport Recife;1;1;D;2,04;3,39;4,19;1,94;3,23;3,98
2015;2015-06-28;Corinthians;Figueirense;2;1;H;1,53;4,14;7,8;1,49;3,79;7,25
2015;2015-06-28;Atletico-MG;Joinville;1;0;H;1,23;6,52;16,59;1,22;5,81;12,55
2015;2015-06-28;Coritiba;Cruzeiro;1;0;H;2,78;3,27;2,78;2,74;3,11;2,57
2015;2015-06-28;Goias;Fluminense;1;2;A;2,41;3,2;3,36;2,3;3,06;3,19
2015;2015-06-28;Palmeiras;Sao Paulo;4;0;H;2,17;3,38;3,74;2,16;3,18;3,41
2015;2015-06-28;Ponte Preta;Athletico-PR;2;1;H;1,92;3,58;4,45;1,84;3,43;4,23
2015;2015-06-28;Internacional;Santos;1;0;H;2,14;3,41;3,77;2,04;3,25;3,65
2015;2015-06-28;Vasco;Flamengo RJ;1;0;H;3,95;3,28;2,14;3,66;3,21;2,05
2015;2015-07-01;Sport Recife;Internacional;3;0;H;2,03;3,41;4,18;1,96;3,29;3,87
2015;2015-07-01;Vasco;Avai;1;0;H;1,85;3,59;4,82;1,88;3,38;4,09
2015;2015-07-02;Atletico-MG;Coritiba;2;0;H;1,36;5,15;10,15;1,33;4,82;8,74
2015;2015-07-02;Palmeiras;Chapecoense-SC;2;0;H;1,58;3,98;7;1,55;3,77;6,16
2015;2015-07-02;Athletico-PR;Sao Paulo;2;1;H;2,27;3,37;3,46;2,29;3,14;3,15
2015;2015-07-02;Gremio;Cruzeiro;1;0;H;2,02;3,41;4,22;1,89;3,3;4,14
2015;2015-07-02;Joinville;Flamengo RJ;0;1;A;3,48;3,15;2,38;3,15;3,05;2,34
2015;2015-07-02;Corinthians;Ponte Preta;2;0;H;1,79;3,58;5,3;1,76;3,37;4,82
2015;2015-07-02;Figueirense;Goias;3;1;H;2,21;3,15;3,91;2,14;3,05;3,6
2015;2015-07-03;Fluminense;Santos;2;1;H;2,22;3,45;3,52;2,17;3,26;3,31
2015;2015-07-04;Coritiba;Joinville;0;0;D;1,68;3,59;6,48;1,64;3,49;5,67
2015;2015-07-05;Chapecoense-SC;Vasco;1;0;H;1,79;3,47;5,65;1,8;3,28;4,72
2015;2015-07-05;Cruzeiro;Athletico-PR;2;0;H;1,74;3,67;5,42;1,68;3,52;5,15
2015;2015-07-05;Avai;Sport Recife;2;2;D;2,32;3,34;3,39;2,29;3,17;3,09
2015;2015-07-05;Goias;Corinthians;0;0;D;3,11;3,08;2,64;3,02;2,92;2,5
2015;2015-07-05;Santos;Gremio;1;3;A;2,2;3,44;3,58;2,15;3,21;3,36
2015;2015-07-05;Sao Paulo;Fluminense;0;0;D;1,71;3,81;5,63;1,7;3,56;4,88
2015;2015-07-05;Flamengo RJ;Figueirense;1;2;A;1,59;4,01;6,75;1,55;3,69;6,42
2015;2015-07-05;Internacional;Atletico-MG;1;3;A;2,42;3,53;3,04;2,41;3,29;2,83
2015;2015-07-05;Ponte Preta;Palmeiras;0;2;A;4,06;3,54;2,02;3,88;3,33;1,94
2015;2015-07-08;Chapecoense-SC;Gremio;1;0;H;2,83;3,06;2,86;2,73;2,93;2,74
2015;2015-07-08;Coritiba;Ponte Preta;0;0;D;2,27;3,28;3,56;2,18;3,14;3,37
2015;2015-07-08;Goias;Santos;4;1;H;2,56;3,26;3,06;2,48;3,02;2,93
2015;2015-07-09;Figueirense;Joinville;0;2;A;1,79;3,46;5,66;1,75;3,34;4,86
2015;2015-07-09;Palmeiras;Avai;3;0;H;1,38;4,93;9,63;1,37;4,4;8,54
2015;2015-07-09;Atletico-MG;Sport Recife;2;1;H;1,39;5,01;9,41;1,39;4,43;7,72
2015;2015-07-09;Internacional;Flamengo RJ;1;2;A;2,02;3,48;4,14;1,96;3,29;3,88
2015;2015-07-09;Vasco;Sao Paulo;0;4;A;4,02;3,34;2,1;3,92;3,2;1,98
2015;2015-07-09;Corinthians;Athletico-PR;2;0;H;1,57;3,9;7,51;1,54;3,71;6,62
2015;2015-07-10;Fluminense;Cruzeiro;1;0;H;2,79;3,24;2,79;2,59;3,12;2,73
2015;2015-07-11;Gremio;Vasco;2;0;H;1,41;4,46;10,6;1,39;4,17;8,81
2015;2015-07-11;Santos;Figueirense;3;0;H;1,55;4,13;7,19;1,54;3,83;6,22
2015;2015-07-12;Ponte Preta;Atletico-MG;0;2;A;2,87;3,39;2,62;2,81;3,25;2,44
2015;2015-07-12;Sao Paulo;Coritiba;3;1;H;1,57;3,9;7,53;1,51;3,82;6,69
2015;2015-07-12;Athletico-PR;Fluminense;1;2;A;1,96;3,53;4,31;1,97;3,28;3,82
2015;2015-07-12;Cruzeiro;Goias;1;0;H;1,61;3,97;6,51;1,54;3,74;6,35
2015;2015-07-12;Flamengo RJ;Corinthians;0;3;A;2,5;3,15;3,26;2,42;2,98;3,08
2015;2015-07-12;Joinville;Internacional;0;2;A;2,36;3,17;3,51;2,26;3,07;3,26
2015;2015-07-12;Avai;Chapecoense-SC;2;1;H;2,74;3;3,06;2,54;2,95;2,91
2015;2015-07-12;Sport Recife;Palmeiras;2;2;D;2,52;3,31;3,07;2,42;3,21;2,87
2015;2015-07-18;Flamengo RJ;Gremio;1;0;H;2,37;3,15;3,5;2,28;3,02;3,29
2015;2015-07-18;Internacional;Goias;2;1;H;2,02;3,34;4,33;1,92;3,25;4,07
2015;2015-07-19;Corinthians;Atletico-MG;1;0;H;2,46;3,38;3,11;2,38;3,15;2,97
2015;2015-07-19;Athletico-PR;Chapecoense-SC;1;0;H;2,13;3,23;4,05;2,01;3,18;3,82
2015;2015-07-19;Figueirense;Coritiba;0;0;D;2,23;3,28;3,67;2,07;3,15;3,62
2015;2015-07-19;Fluminense;Vasco;1;2;A;1,68;3,85;5,91;1,68;3,53;5,11
2015;2015-07-19;Palmeiras;Santos;1;0;H;1,76;3,82;5,14;1,72;3,54;4,77
2015;2015-07-19;Sport Recife;Sao Paulo;2;0;H;2,42;3,42;3,13;2,34;3,21;2,99
2015;2015-07-19;Cruzeiro;Avai;1;1;D;1,46;4,71;7,82;1,41;4,27;7,6
2015;2015-07-19;Joinville;Ponte Preta;1;1;D;2,95;3,14;2,69;2,7;3,04;2,66
2015;2015-07-25;Avai;Athletico-PR;1;2;A;2,32;3,38;3,34;2,26;3,19;3,14
2015;2015-07-25;Gremio;Sport Recife;1;1;D;1,6;4,05;6,59;1,56;3,82;6,07
2015;2015-07-26;Atletico-MG;Figueirense;1;0;H;1,3;5,81;12,33;1,27;5,21;10,87
2015;2015-07-26;Chapecoense-SC;Fluminense;2;1;H;2,23;3,25;3,73;2,15;3,15;3,43
2015;2015-07-26;Santos;Joinville;2;0;H;1,61;4,04;6,45;1,55;3,78;6,14
2015;2015-07-26;Coritiba;Corinthians;1;1;D;2,88;3,12;2,79;2,84;3;2,59
2015;2015-07-26;Goias;Flamengo RJ;0;1;A;2,61;3,11;3,11;2,53;3,04;2,88
2015;2015-07-26;Ponte Preta;Internacional;0;0;D;2,3;3,26;3,53;2,13;3,18;3,48
2015;2015-07-26;Sao Paulo;Cruzeiro;1;0;H;2,04;3,47;4,15;2;3,28;3,78
2015;2015-07-26;Vasco;Palmeiras;1;4;A;3,11;3,33;2,48;2,96;3,12;2,4
2015;2015-07-30;Atletico-MG;Sao Paulo;3;1;H;1,64;4,02;5,99;1,65;3,65;5,17
2015;2015-07-30;Corinthians;Vasco;3;0;H;1,39;4,69;10,46;1,38;4,32;8,67
2015;2015-08-01;Fluminense;Gremio;1;0;H;2,2;3,17;3,83;2,15;3,11;3,49
2015;2015-08-02;Coritiba;Goias;1;1;D;2,03;3,27;4,4;1,93;3,19;4,14
2015;2015-08-02;Palmeiras;Athletico-PR;0;1;A;1,52;4,3;7,51;1,49;3,99;6,73
2015;2015-08-02;Figueirense;Ponte Preta;3;1;H;2,29;3,28;3,52;2,19;3,13;3,37
2015;2015-08-02;Flamengo RJ;Santos;2;2;D;2,02;3,44;4,18;1,91;3,34;4,01
2015;2015-08-02;Internacional;Chapecoense-SC;0;0;D;1,67;3,67;6,5;1,64;3,49;5,65
2015;2015-08-02;Joinville;Avai;2;0;H;2,55;3,24;3,09;2,39;3,09;3,02
2015;2015-08-02;Sport Recife;Cruzeiro;0;0;D;2,23;3,37;3,58;2,18;3,2;3,3
2015;2015-08-08;Avai;Fluminense;1;0;H;2,43;3,36;3,17;2,44;3,16;2,87
2015;2015-08-09;Santos;Coritiba;3;0;H;1,54;4,3;6,92;1,51;3,93;6,35
2015;2015-08-09;Athletico-PR;Sport Recife;1;1;D;1,79;3,65;5,2;1,79;3,41;4,52
2015;2015-08-09;Vasco;Joinville;0;0;D;1,89;3,43;4,86;1,84;3,26;4,46
2015;2015-08-09;Cruzeiro;Palmeiras;2;1;H;2,09;3,33;4,06;2,04;3,19;3,7
2015;2015-08-09;Goias;Atletico-MG;0;0;D;3,12;3,27;2,51;2,95;3,15;2,39
2015;2015-08-09;Ponte Preta;Flamengo RJ;1;0;H;2,66;3,29;2,89;2,58;3,1;2,75
2015;2015-08-09;Sao Paulo;Corinthians;1;1;D;2,42;3,1;3,45;2,32;3;3,22
2015;2015-08-09;Chapecoense-SC;Figueirense;2;2;D;1,93;3,22;5,1;1,86;3,2;4,45
2015;2015-08-09;Gremio;Internacional;5;0;H;1,77;3,67;5,33;1,81;3,36;4,47
2015;2015-08-12;Coritiba;Palmeiras;2;1;H;3,12;3,21;2,54;2,91;3,11;2,45
2015;2015-08-12;Flamengo RJ;Athletico-PR;3;2;H;1,85;3,61;4,82;1,83;3,43;4,27
2015;2015-08-13;Goias;Chapecoense-SC;0;0;D;1,83;3,44;5,31;1,8;3,25;4,78
2015;2015-08-13;Santos;Vasco;1;0;H;1,41;4,92;8,85;1,39;4,44;7,78
2015;2015-08-13;Corinthians;Sport Recife;4;3;H;1,57;4,06;6,98;1,53;3,83;6,29
2015;2015-08-13;Figueirense;Sao Paulo;0;2;A;3,01;3,35;2,53;2,93;3,14;2,41
2015;2015-08-13;Internacional;Fluminense;1;0;H;2,12;3,35;3,94;2,02;3,24;3,67
2015;2015-08-13;Ponte Preta;Avai;2;0;H;1,63;3,97;6,24;1,63;3,62;5,43
2015;2015-08-14;Atletico-MG;Gremio;0;2;A;1,77;3,55;5,61;1,73;3,44;4,91
2015;2015-08-14;Joinville;Cruzeiro;3;0;H;3,48;3,15;2,38;3,32;3,02;2,26
2015;2015-08-15;Athletico-PR;Santos;0;0;D;2,45;3,32;3,16;2,35;3,18;2,99
2015;2015-08-15;Vasco;Coritiba;0;1;A;2,27;3,31;3,56;2,18;3,15;3,37
2015;2015-08-16;Sao Paulo;Goias;0;3;A;1,66;3,75;6,4;1,6;3,64;5,75
2015;2015-08-16;Palmeiras;Flamengo RJ;4;2;H;2,04;3,44;4,09;1,96;3,3;3,8
2015;2015-08-16;Avai;Corinthians;1;2;A;3,31;3,23;2,42;3,1;3,09;2,34
2015;2015-08-16;Cruzeiro;Internacional;0;0;D;1,69;3,72;6,11;1,73;3,42;4,96
2015;2015-08-16;Fluminense;Figueirense;2;1;H;1,7;3,77;5,81;1,66;3,53;5,36
2015;2015-08-16;Sport Recife;Ponte Preta;1;1;D;1,85;3,72;4,64;1,81;3,46;4,32
2015;2015-08-16;Chapecoense-SC;Atletico-MG;2;1;H;3,31;3,37;2,35;3,16;3,18;2,26
2015;2015-08-16;Gremio;Joinville;2;1;H;1,43;4,52;9,43;1,39;4,28;8,39
2015;2015-08-22;Goias;Vasco;3;0;H;1,65;3,78;6,43;1,66;3,56;5,28
2015;2015-08-22;Santos;Avai;5;2;H;1,42;4,77;8,92;1,4;4,38;7,95
2015;2015-08-23;Figueirense;Sport Recife;2;1;H;2,3;3,37;3,42;2,13;3,22;3,41
2015;2015-08-23;Coritiba;Chapecoense-SC;1;0;H;2,04;3,32;4,27;1,92;3,21;4,19
2015;2015-08-23;Ponte Preta;Gremio;0;0;D;2,7;3,23;2,9;2,52;3,09;2,84
2015;2015-08-23;Corinthians;Cruzeiro;3;0;H;2,08;3,3;4,14;1,98;3,22;3,91
2015;2015-08-23;Flamengo RJ;Sao Paulo;2;1;H;1,96;3,6;4,23;1,95;3,34;3,85
2015;2015-08-23;Internacional;Athletico-PR;2;0;H;1,94;3,44;4,45;1,88;3,3;4,22
2015;2015-08-23;Joinville;Fluminense;2;1;H;2,62;3,19;2,99;2,55;3,06;2,82
2015;2015-08-23;Atletico-MG;Palmeiras;2;1;H;1,6;4,11;6,33;1,61;3,78;5,39
2015;2015-08-29;Vasco;Figueirense;0;1;A;2,08;3,24;4,24;2,04;3,15;3,8
2015;2015-08-30;Sao Paulo;Ponte Preta;3;0;H;1,78;3,68;5,26;1,75;3,47;4,74
2015;2015-08-30;Avai;Internacional;3;0;H;3,07;3,19;2,59;2,84;3,13;2,49
2015;2015-08-30;Gremio;Coritiba;0;0;D;1,56;4,07;7,27;1,52;3,8;6,72
2015;2015-08-30;Chapecoense-SC;Corinthians;1;3;A;2,58;3,03;3,25;2,5;2,95;2,99
2015;2015-08-30;Fluminense;Atletico-MG;1;2;A;2,89;3,34;2,62;2,73;3,23;2,51
2015;2015-08-30;Palmeiras;Joinville;3;2;H;1,44;4,45;9,34;1,42;4,16;7,67
2015;2015-08-30;Sport Recife;Flamengo RJ;0;1;A;2,21;3,45;3,55;2,16;3,3;3,26
2015;2015-08-30;Athletico-PR;Goias;3;0;H;2,04;3,29;4,33;1,97;3,23;3,92
2015;2015-08-30;Cruzeiro;Santos;0;1;A;2,16;3,29;3,87;2,05;3,24;3,64
2015;2015-09-02;Internacional;Vasco;6;0;H;1,56;4,12;7,03;1,51;3,84;6,64
2015;2015-09-02;Joinville;Sao Paulo;0;0;D;3,05;3,25;2,57;2,85;3,18;2,44
2015;2015-09-02;Ponte Preta;Cruzeiro;1;2;A;2,4;3,28;3,3;2,3;3,11;3,13
2015;2015-09-03;Atletico-MG;Athletico-PR;0;1;A;1,39;5,02;9,53;1,4;4,41;7,72
2015;2015-09-03;Flamengo RJ;Avai;3;0;H;1,6;4,07;6,58;1,59;3,72;5,79
2015;2015-09-03;Corinthians;Fluminense;2;0;H;1,82;3,53;5,2;1,76;3,36;4,8
2015;2015-09-03;Coritiba;Sport Recife;0;0;D;1,96;3,49;4,36;1,96;3,28;3,85
2015;2015-09-03;Goias;Palmeiras;1;0;H;2,39;3,25;3,35;2,33;3,11;3,09
2015;2015-09-03;Santos;Chapecoense-SC;3;1;H;1,51;4,29;7,84;1,48;3,96;6,98
2015;2015-09-04;Figueirense;Gremio;0;2;A;2,58;3,16;3,11;2,54;2,99;2,91
2015;2015-09-05;Sao Paulo;Internacional;2;0;H;2,28;3,48;3,35;2,2;3,26;3,24
2015;2015-09-05;Vasco;Atletico-MG;1;2;A;5,17;3,95;1,73;4,76;3,65;1,7
2015;2015-09-06;Athletico-PR;Joinville;0;0;D;1,6;3,95;6,92;1,53;3,77;6,53
2015;2015-09-06;Chapecoense-SC;Ponte Preta;0;0;D;2,04;3,24;4,41;1,96;3,22;4,01
2015;2015-09-06;Cruzeiro;Figueirense;5;1;H;1,55;4,02;7,69;1,51;3,82;6,89
2015;2015-09-06;Avai;Coritiba;0;2;A;2,19;3,29;3,78;2,13;3,15;3,52
2015;2015-09-06;Fluminense;Flamengo RJ;1;3;A;3,59;3,3;2,25;3,27;3,15;2,22
2015;2015-09-06;Gremio;Goias;2;1;H;1,8;3,49;5,46;1,74;3,36;5,06
2015;2015-09-06;Palmeiras;Corinthians;3;3;D;2,24;3,33;3,59;2,16;3,2;3,36
2015;2015-09-06;Sport Recife;Santos;1;1;D;2,24;3,48;3,43;2,18;3,28;3,24
2015;2015-09-09;Atletico-MG;Avai;2;0;H;1,24;6,57;14,5;1,26;5,58;10,76
2015;2015-09-09;Internacional;Palmeiras;1;0;H;1,8;3,7;5,01;1,79;3,48;4,48
2015;2015-09-09;Ponte Preta;Vasco;0;1;A;1,69;3,69;6,15;1,71;3,48;5,02
2015;2015-09-10;Figueirense;Athletico-PR;1;1;D;2,61;3,24;3;2,51;3,06;2,89
2015;2015-09-10;Corinthians;Gremio;1;1;D;1,94;3,34;4,76;1,89;3,24;4,28
2015;2015-09-10;Coritiba;Fluminense;1;1;D;2,22;3,27;3,71;2,18;3,12;3,42
2015;2015-09-10;Santos;Sao Paulo;3;0;H;2,14;3,46;3,72;2,11;3,23;3,48
2015;2015-09-10;Goias;Sport Recife;1;0;H;1,91;3,42;4,79;1,89;3,25;4,23
2015;2015-09-11;Flamengo RJ;Cruzeiro;2;0;H;2,04;3,34;4,25;2;3,21;3,84
2015;2015-09-11;Joinville;Chapecoense-SC;0;0;D;2,43;3,11;3,45;2,35;3;3,19
2015;2015-09-12;Coritiba;Internacional;0;1;A;2,48;3,25;3,18;2,35;3,08;3,11
2015;2015-09-13;Palmeiras;Figueirense;2;0;H;1,48;4,52;7,85;1,45;4,23;6,96
2015;2015-09-13;Corinthians;Joinville;3;0;H;1,38;4,65;11,5;1,36;4,37;9,66
2015;2015-09-13;Ponte Preta;Santos;3;1;H;3,05;3,29;2,54;2,98;3,16;2,38
2015;2015-09-13;Chapecoense-SC;Flamengo RJ;1;3;A;2,64;3,04;3,16;2,66;2,93;2,83
2015;2015-09-13;Cruzeiro;Atletico-MG;1;1;D;2,68;3,27;2,89;2,59;3,12;2,73
2015;2015-09-13;Gremio;Sao Paulo;1;2;A;1,97;3,51;4,28;1,88;3,37;4,1
2015;2015-09-13;Vasco;Athletico-PR;2;0;H;2,33;3,25;3,47;2,3;3,11;3,16
2015;2015-09-13;Avai;Goias;2;1;H;2,2;3,23;3,84;2,16;3,09;3,5
2015;2015-09-13;Sport Recife;Fluminense;1;0;H;2,12;3,39;3,88;2,08;3,3;3,46
2015;2015-09-16;Fluminense;Palmeiras;1;4;A;2,34;3,35;3,34;2,26;3,18;3,16
2015;2015-09-16;Goias;Ponte Preta;1;2;A;1,86;3,6;4,73;1,8;3,44;4,46
2015;2015-09-16;Joinville;Sport Recife;1;1;D;2,79;3,11;2,92;2,59;3,01;2,81
2015;2015-09-17;Athletico-PR;Gremio;1;2;A;2,8;3,22;2,8;2,61;3,08;2,73
2015;2015-09-17;Figueirense;Avai;0;1;A;2,18;3,26;3,84;2,12;3,13;3,55
2015;2015-09-17;Cruzeiro;Vasco;2;2;D;1,41;4,77;9,34;1,39;4,39;8,12
2015;2015-09-17;Internacional;Corinthians;2;1;H;2,4;3,23;3,33;2,29;3,08;3,2
2015;2015-09-17;Santos;Atletico-MG;4;0;H;2,14;3,6;3,56;2,13;3,39;3,25
2015;2015-09-17;Sao Paulo;Chapecoense-SC;0;0;D;1,48;4,39;8,28;1,45;4,05;7,53
2015;2015-09-18;Flamengo RJ;Coritiba;0;2;A;1,63;3,82;6,6;1,56;3,69;6,09
2015;2015-09-19;Internacional;Figueirense;1;1;D;1,79;3,6;5,28;1,67;3,51;5,38
2015;2015-09-19;Palmeiras;Gremio;3;2;H;1,96;3,53;4,31;1,94;3,31;3,93
2015;2015-09-20;Ponte Preta;Fluminense;3;1;H;2,54;3,31;3,04;2,43;3,13;2,91
2015;2015-09-20;Corinthians;Santos;2;0;H;2,25;3,31;3,59;2,16;3,23;3,32
2015;2015-09-20;Goias;Joinville;3;0;H;1,64;3,84;6,49;1,58;3,66;6,01
2015;2015-09-20;Atletico-MG;Flamengo RJ;4;1;H;1,73;3,97;5,15;1,7;3,63;4,72
2015;2015-09-20;Avai;Sao Paulo;2;1;H;2,57;3,25;3,06;2,52;3,13;2,8
2015;2015-09-20;Vasco;Sport Recife;2;1;H;2,17;3,39;3,72;2,12;3,2;3,44
2015;2015-09-20;Chapecoense-SC;Cruzeiro;0;2;A;2,86;3,07;2,87;2,65;2,95;2,8
2015;2015-09-20;Coritiba;Athletico-PR;2;0;H;2,77;3,12;2,92;2,6;2,98;2,82
2015;2015-09-26;Fluminense;Goias;2;0;H;1,92;3,49;4,62;1,87;3,34;4,17
2015;2015-09-27;Gremio;Avai;3;1;H;1,49;4,24;8,38;1,47;3,99;7,19
2015;2015-09-27;Athletico-PR;Ponte Preta;1;2;A;1,93;3,48;4,57;1,91;3,31;4,06
2015;2015-09-27;Santos;Internacional;3;1;H;1,75;3,67;5,5;1,72;3,51;4,83
2015;2015-09-27;Figueirense;Corinthians;1;3;A;3,34;3,24;2,4;3,12;3,13;2,31
2015;2015-09-27;Flamengo RJ;Vasco;1;2;A;1,79;3,74;5,01;1,73;3,51;4,84
2015;2015-09-27;Joinville;Atletico-MG;2;2;D;4,95;3,69;1,81;4,38;3,47;1,8
2015;2015-09-27;Sao Paulo;Palmeiras;1;1;D;2,12;3,6;3,64;2,13;3,31;3,32
2015;2015-09-27;Cruzeiro;Coritiba;2;0;H;1,5;4,31;8,06;1,46;3,99;7,47
2015;2015-09-27;Sport Recife;Chapecoense-SC;3;0;H;1,83;3,47;5,27;1,8;3,31;4,68
2015;2015-10-03;Coritiba;Atletico-MG;0;3;A;3,19;3,41;2,39;3,06;3,27;2,26
2015;2015-10-03;Internacional;Sport Recife;2;1;H;1,73;3,88;5,3;1,68;3,6;5
2015;2015-10-04;Sao Paulo;Athletico-PR;1;0;H;1,8;3,62;5,14;1,75;3,46;4,73
2015;2015-10-04;Avai;Vasco;1;1;D;1,96;3,41;4,5;2,02;3,25;3,71
2015;2015-10-04;Flamengo RJ;Joinville;2;0;H;1,43;4,63;9,03;1,4;4,28;8,09
2015;2015-10-04;Cruzeiro;Gremio;0;0;D;2,19;3,29;3,78;2,06;3,19;3,67
2015;2015-10-04;Goias;Figueirense;2;3;A;1,62;3,78;7,03;1,63;3,53;5,7
2015;2015-10-04;Ponte Preta;Corinthians;2;2;D;3,39;3,18;2,41;3,06;3,11;2,35
2015;2015-10-04;Santos;Fluminense;3;1;H;1,53;4,23;7,47;1,51;3,92;6,42
2015;2015-10-04;Chapecoense-SC;Palmeiras;5;1;H;2,84;3,15;2,82;2,73;3,04;2,64
2015;2015-10-14;Atletico-MG;Internacional;2;1;H;1,46;4,87;7,47;1,46;4,29;6,61
2015;2015-10-14;Sport Recife;Avai;3;0;H;1,81;3,67;4,99;1,77;3,49;4,56
2015;2015-10-15;Figueirense;Flamengo RJ;3;0;H;3,04;3,32;2,52;2,93;3,13;2,44
2015;2015-10-15;Joinville;Coritiba;3;1;H;2,69;3,09;3,04;2,55;3,01;2,87
2015;2015-10-15;Palmeiras;Ponte Preta;0;1;A;1,61;4,22;6,02;1,58;3,93;5,51
2015;2015-10-15;Athletico-PR;Cruzeiro;2;2;D;2,37;3,3;3,34;2,31;3,12;3,14
2015;2015-10-15;Fluminense;Sao Paulo;2;0;H;2,42;3,36;3,18;2,33;3,2;3,02
2015;2015-10-15;Corinthians;Goias;3;0;H;1,68;3,79;6;1,59;3,7;5,87
2015;2015-10-15;Vasco;Chapecoense-SC;1;1;D;2,22;3,29;3,69;2,12;3,16;3,52
2015;2015-10-16;Gremio;Santos;1;0;H;2,02;3,54;4,03;1,99;3,31;3,74
2015;2015-10-17;Avai;Palmeiras;1;3;A;2,63;3,35;2,88;2,54;3,15;2,76
2015;2015-10-18;Joinville;Figueirense;1;0;H;2,44;3,24;3,27;2,36;3,09;3,08
2015;2015-10-18;Cruzeiro;Fluminense;2;0;H;1,71;3,65;5,95;1,71;3,49;4,97
2015;2015-10-18;Ponte Preta;Coritiba;3;0;H;1,86;3,53;4,88;1,77;3,39;4,72
2015;2015-10-18;Athletico-PR;Corinthians;1;4;A;3,04;3,29;2,55;2,88;3,13;2,46
2015;2015-10-18;Flamengo RJ;Internacional;0;1;A;1,9;3,56;4,6;1,79;3,46;4,43
2015;2015-10-18;Sao Paulo;Vasco;2;2;D;1,51;4,29;7,81;1,49;3,97;6,8
2015;2015-10-18;Gremio;Chapecoense-SC;2;3;A;1,54;4,15;7,49;1,5;3,89;6,84
2015;2015-10-18;Santos;Goias;3;1;H;1,56;4,15;6,95;1,5;3,93;6,7
2015;2015-10-18;Sport Recife;Atletico-MG;4;1;H;3,22;3,48;2,34;3;3,28;2,3
2015;2015-10-24;Fluminense;Athletico-PR;0;1;A;2,02;3,38;4,26;1,95;3,28;3,94
2015;2015-10-24;Figueirense;Santos;0;0;D;2,81;3,37;2,69;2,76;3,19;2,51
2015;2015-10-24;Internacional;Joinville;1;0;H;1,48;4,56;7,75;1,44;4,15;7,42
2015;2015-10-25;Palmeiras;Sport Recife;0;2;A;1,74;3,88;5,24;1,74;3,6;4,56
2015;2015-10-25;Chapecoense-SC;Avai;0;0;D;2;3,31;4,45;1,88;3,3;4,21
2015;2015-10-25;Corinthians;Flamengo RJ;1;0;H;1,69;3,91;5,6;1,68;3,6;5,12
2015;2015-10-25;Coritiba;Sao Paulo;1;2;A;2,62;3,32;2,93;2,52;3,14;2,79
2015;2015-10-25;Vasco;Gremio;0;0;D;2,54;3,3;3,04;2,47;3,14;2,88
2015;2015-10-25;Goias;Cruzeiro;0;1;A;2,47;3,21;3,24;2,4;3,07;3,03
2015;2015-10-25;Atletico-MG;Ponte Preta;2;1;H;1,4;5,2;8,59;1,37;4,67;7,92
2015;2015-10-31;Sao Paulo;Sport Recife;3;0;H;1,48;4,44;8,01;1,46;4,12;7,15
2015;2015-10-31;Avai;Cruzeiro;1;1;D;2,88;3,1;2,81;2,76;3,06;2,61
2015;2015-10-31;Ponte Preta;Joinville;1;0;H;1,56;3,98;7,47;1,57;3,68;6,2
2015;2015-10-31;Coritiba;Figueirense;1;1;D;2,13;3,21;4,09;2,07;3,12;3,73
2015;2015-11-01;Atletico-MG;Corinthians;0;3;A;1,85;3,77;4,52;1,82;3,54;4,18
2015;2015-11-01;Chapecoense-SC;Athletico-PR;0;0;D;1,96;3,3;4,7;1,92;3,2;4,18
2015;2015-11-01;Gremio;Flamengo RJ;2;0;H;1,72;3,72;5,65;1,68;3,52;5,24
2015;2015-11-01;Santos;Palmeiras;2;1;H;1,79;4;4,59;1,76;3,63;4,34
2015;2015-11-01;Vasco;Fluminense;0;1;A;2,34;3,37;3,33;2,28;3,12;3,18
2015;2015-11-01;Goias;Internacional;2;1;H;2,2;3,4;3,63;2,21;3,18;3,29
2015;2015-11-07;Internacional;Ponte Preta;1;0;H;1,57;4,03;7,07;1,55;3,79;6,11
2015;2015-11-07;Athletico-PR;Avai;2;1;H;1,93;3,52;4,49;1,84;3,38;4,29
2015;2015-11-07;Corinthians;Coritiba;2;1;H;1,34;5,24;11,38;1,33;4,66;9,63
2015;2015-11-07;Fluminense;Chapecoense-SC;2;3;A;2,06;3,34;4,17;1,98;3,17;3,96
2015;2015-11-08;Cruzeiro;Sao Paulo;2;1;H;2;3,45;4,26;2,02;3,25;3,72
2015;2015-11-08;Figueirense;Atletico-MG;0;1;A;3,01;3,36;2,5;2,93;3,22;2,38
2015;2015-11-08;Flamengo RJ;Goias;4;1;H;1,59;4,02;6,79;1,57;3,77;5,97
2015;2015-11-08;Palmeiras;Vasco;0;2;A;1,57;4,35;6,27;1,54;3,98;5,84
2015;2015-11-08;Joinville;Santos;0;0;D;4,38;3,61;1,93;4,01;3,42;1,89
2015;2015-11-08;Sport Recife;Gremio;1;0;H;2,49;3,26;3,16;2,35;3,16;3,04
2015;2015-11-15;Cruzeiro;Sport Recife;3;0;H;1,5;4,53;7,28;1,48;4,08;6,73
2015;2015-11-18;Goias;Coritiba;1;3;A;2;3,45;4,27;1,96;3,28;3,91
2015;2015-11-18;Athletico-PR;Palmeiras;3;3;D;2,38;3,47;3,16;2,29;3,26;3,06
2015;2015-11-18;Avai;Joinville;2;1;H;1,98;3,47;4,32;1,95;3,27;3,98
2015;2015-11-18;Ponte Preta;Figueirense;0;1;A;2,04;3,42;4,14;1,95;3,31;3,91
2015;2015-11-19;Chapecoense-SC;Internacional;1;0;H;2,59;3,14;3,12;2,43;3,03;3,03
2015;2015-11-19;Gremio;Fluminense;1;0;H;1,53;4,08;8;1,51;3,86;6,76
2015;2015-11-20;Santos;Flamengo RJ;0;0;D;1,7;3,93;5,49;1,65;3,73;5,11
2015;2015-11-20;Sao Paulo;Atletico-MG;4;2;H;2,08;3,79;3,57;2,01;3,48;3,51
2015;2015-11-20;Vasco;Corinthians;1;1;D;2,89;3,21;2,72;2,76;3,1;2,59
2015;2015-11-21;Palmeiras;Cruzeiro;1;1;D;3,3;3,6;2,25;3,15;3,3;2,22
2015;2015-11-22;Atletico-MG;Goias;2;2;D;1,5;4,79;6,75;1,48;4,33;6,23
2015;2015-11-22;Corinthians;Sao Paulo;6;1;H;2,6;3,32;2,95;2,46;3,2;2,82
2015;2015-11-22;Figueirense;Chapecoense-SC;0;0;D;1,85;3,54;4,96;1,81;3,39;4,48
2015;2015-11-22;Internacional;Gremio;1;0;H;2,63;3,25;2,97;2,6;3,08;2,74
2015;2015-11-22;Joinville;Vasco;1;2;A;2,77;3,47;2,66;2,67;3,26;2,56
2015;2015-11-22;Flamengo RJ;Ponte Preta;1;1;D;1,74;3,84;5,29;1,74;3,54;4,67
2015;2015-11-22;Coritiba;Santos;1;0;H;2,74;3,34;2,78;2,65;3,22;2,6
2015;2015-11-22;Fluminense;Avai;3;1;H;2,14;3,24;4,02;2,07;3,18;3,65
2015;2015-11-22;Sport Recife;Athletico-PR;0;0;D;1,79;3,71;5,11;1,72;3,58;4,75
2015;2015-11-28;Sao Paulo;Figueirense;3;2;H;1,56;4,2;6,93;1,49;4,01;6,63
2015;2015-11-28;Fluminense;Internacional;1;1;D;3,46;3,5;2,22;3,27;3,26;2,18
2015;2015-11-28;Avai;Ponte Preta;1;0;H;1,72;3,78;5,56;1,72;3,57;4,82
2015;2015-11-29;Cruzeiro;Joinville;3;0;H;1,31;5,76;11,16;1,28;5,15;10,35
2015;2015-11-29;Gremio;Atletico-MG;2;1;H;2,19;3,48;3,55;2,09;3,33;3,39
2015;2015-11-29;Sport Recife;Corinthians;2;0;H;2,37;3,5;3,15;2,29;3,29;3,03
2015;2015-11-29;Chapecoense-SC;Goias;1;3;A;2,09;3,4;3,95;2,01;3,31;3,67
2015;2015-11-29;Palmeiras;Coritiba;0;2;A;2,9;3,31;2,61;2,75;3,2;2,54
2015;2015-11-29;Vasco;Santos;1;0;H;1,69;3,75;5,98;1,63;3,66;5,44
2015;2015-11-29;Athletico-PR;Flamengo RJ;3;0;H;2,54;3,48;2,91;2,38;3,26;2,91
2015;2015-12-06;Atletico-MG;Chapecoense-SC;3;0;H;1,31;5,67;12,06;1,29;5,18;9,93
2015;2015-12-06;Corinthians;Avai;1;1;D;1,65;4,4;5,17;1,62;3,94;4,99
2015;2015-12-06;Coritiba;Vasco;0;0;D;2,39;3,37;3,23;2,39;3,18;2,95
2015;2015-12-06;Figueirense;Fluminense;1;0;H;1,35;5,01;11,67;1,33;4,74;9,18
2015;2015-12-06;Flamengo RJ;Palmeiras;1;2;A;1,56;4,31;6,6;1,54;4,02;5,8
2015;2015-12-06;Goias;Sao Paulo;0;1;A;2,73;3,37;2,76;2,62;3,36;2,57
2015;2015-12-06;Internacional;Cruzeiro;2;0;H;1,85;3,63;4,68;1,77;3,56;4,42
2015;2015-12-06;Joinville;Gremio;0;2;A;4,76;3,73;1,83;4,36;3,48;1,81
2015;2015-12-06;Ponte Preta;Sport Recife;0;1;A;2,57;3,49;2,87;2,47;3,28;2,75
2015;2015-12-06;Santos;Athletico-PR;5;1;H;1,7;4,09;5,2;1,66;3,72;4,97
2016;2016-05-14;Flamengo RJ;Sport Recife;1;0;H;1,6;4,15;6,33;1,58;3,8;5,7
2016;2016-05-14;Palmeiras;Athletico-PR;4;0;H;1,81;3,72;4,94;1,74;3,52;4,72
2016;2016-05-14;Atletico-MG;Santos;1;0;H;3,17;3,25;2,49;2,84;3,14;2,47
2016;2016-05-15;Coritiba;Cruzeiro;1;0;H;2,68;3,25;2,91;2,69;3,09;2,66
2016;2016-05-15;Botafogo RJ;Sao Paulo;0;1;A;1,95;3,46;4,45;1,9;3,3;4,11
2016;2016-05-15;Santa Cruz;Vitoria;4;1;H;1,83;3,62;4,9;1,9;3,31;4,05
2016;2016-05-15;America MG;Fluminense;0;1;A;2,63;3,33;2,91;2,49;3,16;2,8
2016;2016-05-15;Corinthians;Gremio;0;0;D;1,85;3,44;5,2;1,8;3,3;4,67
2016;2016-05-15;Figueirense;Ponte Preta;0;0;D;2,33;3,19;3,53;2,3;3,08;3,21
2016;2016-05-15;Internacional;Chapecoense-SC;0;0;D;1,67;3,7;6,41;1,63;3,53;5,78
2016;2016-05-21;Ponte Preta;Palmeiras;2;1;H;2,64;3,25;2,95;2,71;3,08;2,63
2016;2016-05-21;Fluminense;Santa Cruz;2;2;D;1,63;3,9;5,2;1,62;3,66;5,53
2016;2016-05-22;Cruzeiro;Figueirense;2;2;D;1,41;4,48;10,69;1,4;4,12;8,77
2016;2016-05-22;Athletico-PR;Atletico-MG;1;1;D;2,27;3,45;3,4;2,23;3,17;3,24
2016;2016-05-22;Santos;Coritiba;2;1;H;1,57;4,03;7,06;1,52;3,81;6,59
2016;2016-05-22;Chapecoense-SC;America MG;3;1;H;1,66;3,78;6,31;1,64;3,55;5,58
2016;2016-05-22;Gremio;Flamengo RJ;1;0;H;2,17;3,39;3,71;2,03;3,23;3,69
2016;2016-05-22;Sao Paulo;Internacional;1;2;A;2;3,39;4,34;1,97;3,22;3,91
2016;2016-05-22;Vitoria;Corinthians;3;2;H;2,88;3,28;2,44;3,01;3,09;2,38
2016;2016-05-22;Sport Recife;Botafogo RJ;1;1;D;1,88;3,61;4,67;1,83;3,42;4,28
2016;2016-05-25;Botafogo RJ;Athletico-PR;2;1;H;2,21;3,38;3,62;2,17;3,19;3,34
2016;2016-05-25;Figueirense;Santos;2;2;D;2,53;3,16;3,19;2,41;3,09;2,97
2016;2016-05-26;America MG;Vitoria;1;1;D;2,18;3,44;3,62;2,14;3,32;3,28
2016;2016-05-26;Flamengo RJ;Chapecoense-SC;2;2;D;1,68;3,75;6,11;1,65;3,55;5,41
2016;2016-05-26;Coritiba;Sao Paulo;1;1;D;2,27;3,25;3,61;2,2;3,11;3,36
2016;2016-05-26;Palmeiras;Fluminense;2;0;H;1,95;3,56;4,31;1,91;3,4;3,94
2016;2016-05-26;Santa Cruz;Cruzeiro;4;1;H;2,54;3,31;3,03;2,39;3,21;2,91
2016;2016-05-26;Corinthians;Ponte Preta;3;0;H;1,6;4,12;6,46;1,52;3,9;6,17
2016;2016-05-26;Internacional;Sport Recife;1;0;H;1,6;3,92;6,83;1,54;3,74;6,45
2016;2016-05-27;Atletico-MG;Gremio;0;3;A;2,39;3,27;3,34;2,31;3,15;3,11
2016;2016-05-28;Cruzeiro;America MG;1;1;D;1,57;4,08;7,02;1,55;3,8;6,15
2016;2016-05-28;Athletico-PR;Figueirense;2;1;H;1,75;3,75;5,4;1,69;3,56;5,04
2016;2016-05-29;Chapecoense-SC;Santa Cruz;1;1;D;2;3,46;4,22;1,93;3,29;3,89
2016;2016-05-29;Ponte Preta;Flamengo RJ;1;2;A;2,55;3,24;3,08;2,41;3,11;2,95
2016;2016-05-29;Sport Recife;Corinthians;0;2;A;2,99;3,19;2,65;2,83;3,06;2,53
2016;2016-05-29;Fluminense;Botafogo RJ;1;0;H;2,05;3,53;3,95;2;3,33;3,64
2016;2016-05-29;Sao Paulo;Palmeiras;1;0;H;2,26;3,3;3,56;2,19;3,15;3,32
2016;2016-05-29;Vitoria;Atletico-MG;1;1;D;2,41;3,3;3,26;2,33;3,21;2,99
2016;2016-05-29;Gremio;Coritiba;2;0;H;1,6;3,99;6,74;1,57;3,69;6,06
2016;2016-05-29;Santos;Internacional;0;1;A;2,22;3,33;3,65;2,18;3,14;3,38
2016;2016-06-01;Internacional;Athletico-PR;1;0;H;1,57;4;7,14;1,53;3,77;6,54
2016;2016-06-02;Corinthians;Santos;1;0;H;1,57;3,93;7,48;1,58;3,64;6,11
2016;2016-06-02;Coritiba;Chapecoense-SC;3;4;A;2,33;3,11;3,21;2,31;2,99;3,26
2016;2016-06-02;Santa Cruz;Sport Recife;0;1;A;2,14;3,34;3,86;2,05;3,22;3,6
2016;2016-06-02;Atletico-MG;Fluminense;1;1;D;1,92;3,52;4,55;1,91;3,38;3,95
2016;2016-06-02;Botafogo RJ;Cruzeiro;0;1;A;5,11;3,55;1,83;4,36;3,37;1,82
2016;2016-06-02;Figueirense;Sao Paulo;1;0;H;2,69;3,15;2,98;2,62;3,03;2,77
2016;2016-06-02;America MG;Ponte Preta;1;2;A;2,34;3,25;3,06;2,33;3,1;3,12
2016;2016-06-03;Flamengo RJ;Vitoria;1;0;H;1,46;4,58;8,35;1,45;4,17;7,03
2016;2016-06-03;Palmeiras;Gremio;4;3;H;2;3,45;4,26;2,01;3,27;3,75
2016;2016-06-04;Athletico-PR;Santa Cruz;1;0;H;1,55;4,17;7,07;1,54;3,88;6,08
2016;2016-06-05;Chapecoense-SC;Fluminense;0;0;D;2,63;3,31;2,92;2,52;3,09;2,82
2016;2016-06-05;Corinthians;Coritiba;2;1;H;1,47;4,34;8,55;1,42;4,1;7,87
2016;2016-06-05;America MG;Figueirense;1;0;H;2,3;3,29;3,49;2,18;3,16;3,36
2016;2016-06-05;Santos;Botafogo RJ;3;0;H;1,78;3,66;5,3;1,73;3,46;4,84
2016;2016-06-05;Flamengo RJ;Palmeiras;1;2;A;2,49;3,34;3,08;2,4;3,2;2,9
2016;2016-06-05;Gremio;Ponte Preta;1;0;H;1,51;4,11;8,5;1,49;3,88;6,85
2016;2016-06-05;Sport Recife;Atletico-MG;4;4;D;2,23;3,44;3,5;2,17;3,26;3,24
2016;2016-06-05;Vitoria;Internacional;1;0;H;2,96;3,32;2,59;2,92;3,08;2,45
2016;2016-06-05;Cruzeiro;Sao Paulo;0;1;A;1,79;3,52;4,57;1,73;3,37;4,98
2016;2016-06-11;Internacional;America MG;3;1;H;1,47;4,39;8,68;1,46;4,01;7,2
2016;2016-06-11;Ponte Preta;Chapecoense-SC;2;1;H;2,15;3,37;3,79;2,06;3,16;3,67
2016;2016-06-11;Fluminense;Gremio;1;1;D;2,26;3,13;3,81;2,16;3,06;3,54
2016;2016-06-12;Sao Paulo;Athletico-PR;1;2;A;1,76;3,65;5,44;1,74;3,48;4,75
2016;2016-06-12;Botafogo RJ;Vitoria;1;1;D;1,93;3,58;4,4;1,9;3,38;4,04
2016;2016-06-12;Coritiba;Sport Recife;3;2;H;1,96;3,46;4,43;1,92;3,28;4,11
2016;2016-06-12;Atletico-MG;Cruzeiro;2;3;A;2,01;3,55;4,06;1,97;3,36;3,75
2016;2016-06-12;Figueirense;Flamengo RJ;1;0;H;2,85;3,23;2,75;2,74;3,07;2,61
2016;2016-06-12;Palmeiras;Corinthians;1;0;H;2,32;3,2;3,56;2,23;3,11;3,29
2016;2016-06-12;Santa Cruz;Santos;0;2;A;2,67;3,17;2,98;2,41;3,04;3,05
2016;2016-06-15;Chapecoense-SC;Gremio;3;3;D;3;3,15;2,67;2,8;2,99;2,62
2016;2016-06-15;Ponte Preta;Athletico-PR;3;2;H;2,08;3,42;3,98;1,98;3,27;3,81
2016;2016-06-15;Sao Paulo;Vitoria;2;0;H;1,44;4,61;8,63;1,4;4,35;7,9
2016;2016-06-16;Botafogo RJ;America MG;3;1;H;1,83;3,59;4,97;1,8;3,37;4,55
2016;2016-06-16;Santa Cruz;Figueirense;1;0;H;1,92;3,5;4,61;1,86;3,33;4,31
2016;2016-06-16;Santos;Sport Recife;2;0;H;1,57;4,23;6,61;1,52;3,97;6,18
2016;2016-06-16;Coritiba;Palmeiras;2;2;D;3,05;3,36;2,51;2,96;3,18;2,39
2016;2016-06-16;Cruzeiro;Flamengo RJ;0;1;A;2,16;3,25;3,93;2,07;3,19;3,63
2016;2016-06-16;Internacional;Atletico-MG;2;0;H;1,91;3,63;4,45;1,85;3,47;4,17
2016;2016-06-17;Fluminense;Corinthians;1;0;H;3,59;3,27;2,27;3,32;3,11;2,23
2016;2016-06-18;Palmeiras;Santa Cruz;3;1;H;1,42;4,63;7,16;1,38;4,53;7,93
2016;2016-06-18;Athletico-PR;Santos;1;0;H;2,19;3,29;3,77;2,14;3,19;3,45
2016;2016-06-19;America MG;Coritiba;2;1;H;2,32;3,32;3,4;2,26;3,18;3,18
2016;2016-06-19;Atletico-MG;Ponte Preta;3;0;H;1,52;4,44;7,14;1,49;4,08;6,49
2016;2016-06-19;Vitoria;Chapecoense-SC;1;2;A;2,01;3,5;4,14;1,96;3,32;3,84
2016;2016-06-19;Corinthians;Botafogo RJ;3;1;H;1,48;4,28;6,52;1,45;4,09;7,15
2016;2016-06-19;Figueirense;Internacional;3;2;H;3,46;3,16;2,38;3,3;3,03;2,28
2016;2016-06-19;Flamengo RJ;Sao Paulo;2;2;D;2,66;3,07;3,09;2,55;3,05;2,85
2016;2016-06-19;Sport Recife;Fluminense;2;1;H;2,28;3,37;3,46;2,24;3,17;3,23
2016;2016-06-19;Gremio;Cruzeiro;2;0;H;1,75;3,75;5,39;1,72;3,55;4,82
2016;2016-06-22;Palmeiras;America MG;2;0;H;1,3;5,72;11,91;1,31;5,08;9,03
2016;2016-06-22;Ponte Preta;Cruzeiro;0;4;A;2,68;3,27;2,89;2,61;3,08;2,75
2016;2016-06-23;Botafogo RJ;Figueirense;0;0;D;1,93;3,48;3,89;1,9;3,33;4,12
2016;2016-06-23;Santa Cruz;Flamengo RJ;0;1;A;3;3,31;2,55;2,88;3,16;2,46
2016;2016-06-23;Atletico-MG;Corinthians;2;1;H;1,9;3,64;4,45;1,87;3,42;4,12
2016;2016-06-23;Fluminense;Santos;2;4;A;2,63;3,24;2,98;2,47;3,06;2,94
2016;2016-06-23;Chapecoense-SC;Athletico-PR;0;0;D;2,05;3,17;4,59;2;3,13;3,96
2016;2016-06-23;Gremio;Vitoria;1;2;A;1,33;5,2;12,51;1,31;4,85;9,79
2016;2016-06-24;Sao Paulo;Sport Recife;0;0;D;1,41;4,76;9,41;1,38;4,49;8,07
2016;2016-06-24;Coritiba;Internacional;1;1;D;3,14;3,33;2,46;3,02;3,16;2,36
2016;2016-06-25;Cruzeiro;Palmeiras;2;1;H;2,18;3,52;3,55;2,18;3,29;3,25
2016;2016-06-26;Corinthians;Santa Cruz;2;1;H;1,46;4,55;8,36;1,42;4,32;7,5
2016;2016-06-26;America MG;Atletico-MG;0;1;A;6,41;4,32;1,57;5,98;3,99;1,54
2016;2016-06-26;Athletico-PR;Gremio;2;0;H;2,44;3,29;3,21;2,4;3,09;3,03
2016;2016-06-26;Flamengo RJ;Fluminense;1;2;A;2,15;3,22;4,01;2,08;3,18;3,62
2016;2016-06-26;Internacional;Botafogo RJ;2;3;A;1,71;3,86;5,49;1,65;3,69;5,17
2016;2016-06-26;Santos;Sao Paulo;3;0;H;2,14;3,43;3,74;2,13;3,22;3,45
2016;2016-06-26;Vitoria;Ponte Preta;1;1;D;2,1;3,48;3,81;2,05;3,3;3,57
2016;2016-06-26;Figueirense;Coritiba;0;0;D;2,35;3,23;3,45;2,23;3,12;3,33
2016;2016-06-26;Sport Recife;Chapecoense-SC;5;1;H;1,83;3,65;4,87;1,75;3,5;4,66
2016;2016-06-29;Flamengo RJ;Internacional;1;0;H;2,16;3,35;3,79;2,15;3,23;3,39
2016;2016-06-29;Gremio;Santos;3;2;H;2,27;3,2;3,68;2,15;3,15;3,48
2016;2016-06-29;Vitoria;Sport Recife;3;2;H;2,45;3,28;3,2;2,37;3,2;2,96
2016;2016-06-30;Chapecoense-SC;Cruzeiro;3;2;H;2,86;3,28;2,69;2,76;3,09;2,59
2016;2016-06-30;Coritiba;Athletico-PR;1;0;H;2,44;3,23;3,27;2,33;3,1;3,14
2016;2016-06-30;America MG;Corinthians;0;2;A;3,96;3,35;2,11;3,62;3,2;2,07
2016;2016-06-30;Sao Paulo;Fluminense;2;1;H;1,92;3,41;4,73;1,9;3,29;4,11
2016;2016-06-30;Palmeiras;Figueirense;4;0;H;1,43;4,8;8,46;1,38;4,62;7,88
2016;2016-06-30;Santa Cruz;Ponte Preta;0;3;A;2,29;3,25;3,55;2,17;3,2;3,37
2016;2016-07-01;Atletico-MG;Botafogo RJ;5;3;H;1,61;4,12;6,28;1,59;3,91;5,41
2016;2016-07-02;Fluminense;Coritiba;0;0;D;1,97;3,46;4,36;1,88;3,33;4,18
2016;2016-07-02;Athletico-PR;America MG;1;0;H;1,51;4,43;7,39;1,48;4,03;6,68
2016;2016-07-03;Cruzeiro;Vitoria;2;2;D;1,48;4,56;7,78;1,47;4,15;6,67
2016;2016-07-03;Internacional;Gremio;0;1;A;2,48;3,27;3,17;2,33;3,12;3,13
2016;2016-07-03;Botafogo RJ;Santa Cruz;2;1;H;1,56;4,05;7,21;1,56;3,92;5,74
2016;2016-07-03;Corinthians;Flamengo RJ;4;0;H;2,06;3,39;3,55;2,03;3,24;3,7
2016;2016-07-03;Ponte Preta;Sao Paulo;1;0;H;2,35;3,38;3,3;2,14;3,23;3,47
2016;2016-07-03;Santos;Chapecoense-SC;3;0;H;1,44;4,68;8,68;1,41;4,37;7,78
2016;2016-07-03;Figueirense;Atletico-MG;1;1;D;3,36;3,48;2,28;3,23;3,31;2,18
2016;2016-07-05;Sport Recife;Palmeiras;1;3;A;2,87;3,4;2,61;2,81;3,3;2,42
2016;2016-07-09;Chapecoense-SC;Corinthians;0;2;A;3,16;3,28;2,47;3;3,17;2,36
2016;2016-07-09;Coritiba;Botafogo RJ;0;0;D;1,96;3,51;4,35;1,89;3,41;4,03
2016;2016-07-10;Ponte Preta;Sport Recife;2;1;H;1,88;3,55;4,68;1,85;3,46;4,19
2016;2016-07-10;Flamengo RJ;Atletico-MG;2;0;H;2,69;3,24;2,91;2,53;3,2;2,76
2016;2016-07-10;Gremio;Figueirense;2;1;H;1,35;5,11;11,02;1,33;4,69;9,7
2016;2016-07-10;Santa Cruz;Internacional;1;0;H;2,78;3,26;2,79;2,7;3,1;2,64
2016;2016-07-10;Sao Paulo;America MG;3;0;H;1,58;4,08;6,69;1,55;3,82;6,05
2016;2016-07-10;Vitoria;Fluminense;0;0;D;2,12;3,55;3,7;2,07;3,37;3,45
2016;2016-07-12;Cruzeiro;Athletico-PR;0;3;A;1,75;3,83;5,22;1,69;3,66;4,84
2016;2016-07-13;Palmeiras;Santos;1;1;D;2,2;3,47;3,54;2,13;3,3;3,34
2016;2016-07-16;Botafogo RJ;Flamengo RJ;3;3;D;3,04;3,43;2,26;3,17;3,22;2,25
2016;2016-07-16;Santos;Ponte Preta;3;1;H;1,45;4,69;8,08;1,42;4,39;7,24
2016;2016-07-17;America MG;Santa Cruz;0;3;A;2,21;3,3;3,71;2,16;3,16;3,45
2016;2016-07-17;Athletico-PR;Vitoria;1;1;D;1,59;4,04;6,78;1,59;3,76;5,74
2016;2016-07-17;Corinthians;Sao Paulo;1;1;D;1,64;3,86;6,4;1,62;3,63;5,69
2016;2016-07-17;Figueirense;Chapecoense-SC;1;1;D;2,27;3,25;3,6;2,22;3,12;3,34
2016;2016-07-17;Fluminense;Cruzeiro;2;0;H;2,48;3,27;3,16;2,37;3,14;3,03
2016;2016-07-17;Internacional;Palmeiras;0;1;A;2,33;3,33;3,37;2,3;3,22;3,08
2016;2016-07-17;Sport Recife;Gremio;4;2;H;2,73;3,3;2,81;2,69;3,14;2,62
2016;2016-07-19;Atletico-MG;Coritiba;2;1;H;1,72;3,92;5,24;1,65;3,78;5,01
2016;2016-07-23;Corinthians;Figueirense;1;1;D;1,28;5,6;15,4;1,3;4,91;10,67
2016;2016-07-23;Santa Cruz;Coritiba;0;1;A;2,45;3,25;3,23;2,28;3,14;3,21
2016;2016-07-24;Palmeiras;Atletico-MG;0;1;A;1,78;4,07;4,57;1,78;3,79;4,11
2016;2016-07-24;Ponte Preta;Internacional;2;2;D;2,45;3,16;3,33;2,36;3,09;3,09
2016;2016-07-24;Athletico-PR;Fluminense;1;0;H;2,29;3,28;3,52;2,16;3,18;3,42
2016;2016-07-24;Chapecoense-SC;Botafogo RJ;2;1;H;2,09;3,48;3,92;2,03;3,29;3,65
2016;2016-07-24;Cruzeiro;Sport Recife;1;2;A;1,57;4,27;6,41;1,56;4,01;5,58
2016;2016-07-24;Gremio;Sao Paulo;1;0;H;2,04;3,48;4,03;1,96;3,31;3,88
2016;2016-07-24;Vitoria;Santos;2;3;A;2,38;3,47;3,15;2,4;3,31;2,84
2016;2016-07-26;Flamengo RJ;America MG;2;1;H;1,38;5,07;9,57;1,35;4,77;8,52
2016;2016-07-30;Figueirense;Vitoria;1;0;H;2,55;3,36;2,98;2,47;3,18;2,85
2016;2016-07-30;Sport Recife;Athletico-PR;2;0;H;1,69;3,77;5,91;1,64;3,65;5,35
2016;2016-07-31;Atletico-MG;Santa Cruz;3;0;H;1,41;5,03;8,55;1,38;4,61;7,69
2016;2016-07-31;Fluminense;Ponte Preta;3;0;H;2;3,47;4,21;1,92;3,34;4,01
2016;2016-07-31;Sao Paulo;Chapecoense-SC;2;2;D;1,61;3,8;7,18;1,56;3,65;6,48
2016;2016-07-31;Coritiba;Flamengo RJ;0;2;A;2,59;3,07;3,19;2,49;3,05;2,93
2016;2016-07-31;Internacional;Corinthians;0;1;A;2,62;3,09;3,12;2,51;3,02;2,93
2016;2016-07-31;Santos;Cruzeiro;2;0;H;1,93;3,51;4,51;1,88;3,41;4,08
2016;2016-07-31;America MG;Gremio;0;0;D;4,53;3,67;1,88;4,09;3,37;1,89
2016;2016-07-31;Botafogo RJ;Palmeiras;3;1;H;2,64;3,52;2,77;2,63;3,26;2,62
2016;2016-08-03;Sport Recife;America MG;1;1;D;1,52;4,22;7,64;1,49;4,14;6,47
2016;2016-08-03;Vitoria;Coritiba;3;1;H;2,09;3,34;4,05;2,04;3,25;3,68
2016;2016-08-04;Athletico-PR;Corinthians;2;0;H;3,19;3,23;2,49;2,96;3,05;2,47
2016;2016-08-04;Santos;Flamengo RJ;0;0;D;4,15;3,22;2,1;3,46;3,2;2,13
2016;2016-08-04;Ponte Preta;Botafogo RJ;2;0;H;2,06;3,47;3,96;2,02;3,35;3,61
2016;2016-08-04;Gremio;Santa Cruz;0;0;D;1,53;4,55;6,66;1,47;4,19;6,63
2016;2016-08-04;Sao Paulo;Atletico-MG;1;2;A;2,29;3,56;3,25;2,23;3,34;3,11
2016;2016-08-05;Cruzeiro;Internacional;4;2;H;1,72;3,82;5,5;1,69;3,6;4,99
2016;2016-08-05;Chapecoense-SC;Palmeiras;1;1;D;2,88;3,3;2,67;2,72;3,19;2,57
2016;2016-08-06;Flamengo RJ;Athletico-PR;1;0;H;1,78;3,58;5,47;1,72;3,44;5,05
2016;2016-08-07;America MG;Santos;1;0;H;3,18;3,28;2,46;3,07;3,2;2,33
2016;2016-08-07;Coritiba;Ponte Preta;3;1;H;1,97;3,36;4,54;1,93;3,27;4,05
2016;2016-08-07;Palmeiras;Vitoria;2;1;H;1,46;4,71;7,87;1,41;4,51;7,08
2016;2016-08-07;Internacional;Fluminense;2;2;D;2,22;3,41;3,55;2,15;3,22;3,4
2016;2016-08-07;Santa Cruz;Sao Paulo;1;2;A;2,56;3,23;3,06;2,48;3,1;2,89
2016;2016-08-07;Figueirense;Sport Recife;1;1;D;2,39;3,32;3,27;2,31;3,15;3,11
2016;2016-08-09;Atletico-MG;Chapecoense-SC;3;1;H;1,47;4,61;7,76;1,43;4,26;7,25
2016;2016-08-09;Corinthians;Cruzeiro;1;1;D;1,69;3,91;5,64;1,64;3,71;5,21
2016;2016-08-13;Sport Recife;Flamengo RJ;1;0;H;2,91;3,3;2,63;2,78;3,2;2,5
2016;2016-08-13;Ponte Preta;Figueirense;2;0;H;1,61;4,02;6,42;1,6;3,72;5,71
2016;2016-08-14;Fluminense;America MG;1;0;H;1,51;4,31;7,77;1,47;3,99;7,22
2016;2016-08-14;Gremio;Corinthians;3;0;H;2,21;3,24;3,78;2,15;3,14;3,49
2016;2016-08-14;Cruzeiro;Coritiba;2;2;D;1,53;4,18;7,57;1,52;3,9;6,53
2016;2016-08-14;Santos;Atletico-MG;3;0;H;2,24;3,42;3,51;2,23;3,29;3,14
2016;2016-08-14;Vitoria;Santa Cruz;2;2;D;1,82;3,7;4,85;1,77;3,56;4,44
2016;2016-08-14;Sao Paulo;Botafogo RJ;0;1;A;1,61;3,99;6,46;1,61;3,73;5,53
2016;2016-08-14;Athletico-PR;Palmeiras;0;1;A;2,65;3,23;2,95;2,54;3,13;2,79
2016;2016-08-16;Chapecoense-SC;Internacional;1;0;H;2,42;3,15;3,39;2,33;3,06;3,18
2016;2016-08-20;America MG;Chapecoense-SC;1;2;A;2,2;3,26;3,79;2,18;3,09;3,46
2016;2016-08-21;Botafogo RJ;Sport Recife;3;0;H;1,94;3,49;4,49;1,92;3,34;3,98
2016;2016-08-21;Atletico-MG;Athletico-PR;1;0;H;1,44;4,76;8,33;1,42;4,33;7,46
2016;2016-08-21;Flamengo RJ;Gremio;2;1;H;2,05;3,45;4,03;2,01;3,29;3,71
2016;2016-08-21;Internacional;Sao Paulo;1;1;D;2,09;3,34;4,04;2,08;3,19;3,64
2016;2016-08-21;Palmeiras;Ponte Preta;2;2;D;1,69;3,93;5,59;1,63;3,74;5,35
2016;2016-08-21;Santa Cruz;Fluminense;0;1;A;2,51;3,31;3,08;2,46;3,15;2,88
2016;2016-08-21;Coritiba;Santos;2;1;H;2,57;3,15;3,15;2,44;3,1;2,97
2016;2016-08-21;Figueirense;Cruzeiro;1;2;A;3,41;3,3;2,33;3,16;3,21;2,26
2016;2016-08-23;Corinthians;Vitoria;2;1;H;1,42;5,02;8,23;1,39;4,56;7,73
2016;2016-08-27;Ponte Preta;Corinthians;2;0;H;2,77;3,27;2,79;2,73;3,1;2,62
2016;2016-08-28;Cruzeiro;Santa Cruz;2;0;H;1,41;4,87;8,95;1,4;4,55;7,57
2016;2016-08-28;Santos;Figueirense;0;1;A;1,43;4,58;9,48;1,38;4,56;8,12
2016;2016-08-28;Chapecoense-SC;Flamengo RJ;1;3;A;2,91;3,25;2,67;2,82;3,08;2,56
2016;2016-08-28;Fluminense;Palmeiras;0;2;A;3,25;3,37;2,35;3,05;3,24;2,3
2016;2016-08-28;Gremio;Atletico-MG;1;1;D;1,77;3,83;5,02;1,77;3,57;4,48
2016;2016-08-28;Sao Paulo;Coritiba;0;0;D;1,76;3,69;5,35;1,72;3,54;4,87
2016;2016-08-28;Sport Recife;Internacional;1;1;D;2,52;3,22;3,14;2,4;3,1;2,98
2016;2016-08-28;Vitoria;America MG;2;1;H;1,72;3,89;5,36;1,67;3,67;5,03
2016;2016-08-30;Athletico-PR;Botafogo RJ;1;0;H;2,29;3,35;3,45;2,19;3,21;3,32
2016;2016-09-03;Fluminense;Figueirense;3;2;H;1,46;4,4;9,01;1,42;4,17;7,98
2016;2016-09-04;Botafogo RJ;Gremio;2;1;H;2,46;3,46;3,04;2,38;3,27;2,91
2016;2016-09-07;Botafogo RJ;Fluminense;1;0;H;2,47;3,14;3,31;2,38;3,07;3,08
2016;2016-09-07;Figueirense;Athletico-PR;1;0;H;2,43;3,14;3,37;2,33;3,04;3,2
2016;2016-09-07;Santa Cruz;Chapecoense-SC;2;2;D;2,19;3,27;3,82;2,1;3,18;3,58
2016;2016-09-07;Atletico-MG;Vitoria;2;1;H;1,43;5,02;7,79;1,4;4,63;7,16
2016;2016-09-08;Coritiba;Gremio;4;0;H;2,52;3,11;3,25;2,4;3,05;3,07
2016;2016-09-08;Flamengo RJ;Ponte Preta;2;1;H;1,71;3,86;5,46;1,66;3,61;5,18
2016;2016-09-08;Palmeiras;Sao Paulo;2;1;H;1,74;3,75;5,44;1,7;3,58;4,9
2016;2016-09-08;Corinthians;Sport Recife;3;0;H;1,53;4,34;7,16;1,5;4,02;6,6
2016;2016-09-09;America MG;Cruzeiro;0;2;A;4,72;3,66;1,85;4,24;3,45;1,84
2016;2016-09-09;Internacional;Santos;2;1;H;2,12;3,39;3,88;2,06;3,25;3,6
2016;2016-09-10;Vitoria;Flamengo RJ;1;2;A;3,15;3,69;2,29;3;3,38;2,27
2016;2016-09-11;Chapecoense-SC;Coritiba;1;0;H;2,02;3,45;4,16;2,04;3,24;3,7
2016;2016-09-11;Sao Paulo;Figueirense;3;1;H;1,46;4,45;8,69;1,45;4,1;7,38
2016;2016-09-11;Athletico-PR;Internacional;2;1;H;2,58;3,17;3,06;2,48;3,02;2,98
2016;2016-09-11;Cruzeiro;Botafogo RJ;0;2;A;1,52;4,43;7,17;1,5;4,15;6,14
2016;2016-09-11;Santos;Corinthians;2;1;H;2,33;3,29;3,43;2,3;3,15;3,16
2016;2016-09-11;Sport Recife;Santa Cruz;5;3;H;2,08;3,46;3,91;2,03;3,29;3,65
2016;2016-09-11;Gremio;Palmeiras;0;0;D;2,16;3,53;3,58;2,11;3,38;3,33
2016;2016-09-11;Ponte Preta;America MG;1;1;D;1,48;4,32;8,5;1,45;4,01;7,44
2016;2016-09-13;Fluminense;Atletico-MG;4;2;H;2,27;3,61;3,25;2,19;3,41;3,12
2016;2016-09-14;Botafogo RJ;Santos;0;1;A;2,74;3,3;2,81;2,58;3,22;2,68
2016;2016-09-14;Figueirense;America MG;2;2;D;2,31;3,15;3,64;2,2;3,07;3,42
2016;2016-09-15;Ponte Preta;Gremio;3;0;H;2,39;3,22;3,37;2,34;3,07;3,14
2016;2016-09-15;Santa Cruz;Athletico-PR;1;0;H;2,01;3,51;4,11;1,95;3,29;3,93
2016;2016-09-15;Coritiba;Corinthians;1;1;D;2,49;3,29;3,13;2,44;3,09;2,96
2016;2016-09-15;Palmeiras;Flamengo RJ;1;1;D;1,97;3,61;4,16;1,94;3,4;3,82
2016;2016-09-15;Atletico-MG;Sport Recife;1;0;H;1,47;4,8;7,44;1,45;4,4;6,69
2016;2016-09-15;Fluminense;Chapecoense-SC;1;2;A;1,68;3,72;6,16;1,66;3,54;5,4
2016;2016-09-16;Internacional;Vitoria;0;1;A;1,53;4,28;7,16;1,5;4,01;6,52
2016;2016-09-16;Sao Paulo;Cruzeiro;1;0;H;1,98;3,48;4,31;1,93;3,34;3,96
2016;2016-09-17;Corinthians;Palmeiras;0;2;A;2,35;3,32;3,37;2,29;3,15;3,15
2016;2016-09-18;Flamengo RJ;Figueirense;2;0;H;1,33;5,36;11,76;1,31;4,88;9,77
2016;2016-09-18;Athletico-PR;Sao Paulo;1;0;H;2,95;3,09;2,76;2,78;2,94;2,69
2016;2016-09-18;Chapecoense-SC;Ponte Preta;2;2;D;2,66;3,09;3,07;2,49;3,01;2,95
2016;2016-09-18;Cruzeiro;Atletico-MG;1;1;D;1,98;3,71;4,01;1,93;3,49;3,74
2016;2016-09-18;Gremio;Fluminense;0;1;A;1,78;3,63;5,34;1,75;3,43;4,85
2016;2016-09-18;Sport Recife;Coritiba;0;1;A;1,89;3,56;4,64;1,85;3,38;4,25
2016;2016-09-18;Santos;Santa Cruz;3;2;H;1,53;4,42;6,83;1,49;4,11;6,4
2016;2016-09-18;Vitoria;Botafogo RJ;0;1;A;2;3,53;4,13;2,03;3,37;3,57
2016;2016-09-20;America MG;Internacional;1;0;H;3,07;3,25;2,55;2,98;3,07;2,45
2016;2016-09-24;Palmeiras;Coritiba;2;1;H;1,44;4,56;9,05;1,39;4,41;8,1
2016;2016-09-24;Sport Recife;Santos;1;0;H;2,36;3,29;3,35;2,28;3,2;3,14
2016;2016-09-25;America MG;Botafogo RJ;1;0;H;2,53;3,17;3,12;2,5;3,09;2,86
2016;2016-09-25;Athletico-PR;Ponte Preta;3;0;H;2,42;3,06;3,5;2,34;2,98;3,25
2016;2016-09-25;Figueirense;Santa Cruz;3;1;H;2,59;3,12;3,14;2,43;3,12;2,96
2016;2016-09-25;Corinthians;Fluminense;0;1;A;1,79;3,39;5,87;1,74;3,38;5,01
2016;2016-09-25;Flamengo RJ;Cruzeiro;2;1;H;1,9;3,69;4,37;1,84;3,53;4,1
2016;2016-09-25;Gremio;Chapecoense-SC;1;0;H;1,61;3,85;7,04;1,59;3,69;5,9
2016;2016-09-25;Vitoria;Sao Paulo;2;0;H;2,47;3,29;3,16;2,34;3,22;2,99
2016;2016-09-25;Atletico-MG;Internacional;3;1;H;1,76;3,63;5,56;1,68;3,6;5,07
2016;2016-10-01;Fluminense;Sport Recife;3;1;H;1,75;3,66;5,5;1,68;3,6;5,04
2016;2016-10-01;Chapecoense-SC;Vitoria;1;4;A;1,95;3,45;4,5;1,91;3,34;4,06
2016;2016-10-01;Santos;Athletico-PR;2;0;H;1,56;3,88;7,99;1,56;3,69;6,43
2016;2016-10-01;Sao Paulo;Flamengo RJ;0;0;D;2,49;3,33;3,1;2,4;3,18;2,93
2016;2016-10-01;Botafogo RJ;Corinthians;2;0;H;2,35;3,22;3,46;2,3;3,09;3,21
2016;2016-10-01;Ponte Preta;Atletico-MG;1;2;A;2,25;3,41;3,48;2,23;3,25;3,2
2016;2016-10-01;Cruzeiro;Gremio;1;0;H;1,67;3,97;5,73;1,64;3,69;5,22
2016;2016-10-02;Internacional;Figueirense;1;0;H;1,43;4,58;9,29;1,44;4,11;7,64
2016;2016-10-04;Santa Cruz;Palmeiras;2;3;A;3,2;3,26;2,47;3,01;3,19;2,35
2016;2016-10-04;Coritiba;America MG;3;0;H;1,54;4,1;7,66;1,52;3,84;6,6
2016;2016-10-05;Athletico-PR;Chapecoense-SC;3;1;H;1,99;3,26;4,65;1,95;3,14;4,2
2016;2016-10-05;Vitoria;Gremio;0;1;A;2,13;3,43;3,79;2,09;3,28;3,47
2016;2016-10-06;Corinthians;Atletico-MG;0;0;D;2,03;3,63;3,89;1,91;3,49;3,88
2016;2016-10-06;Santos;Fluminense;2;1;H;2,03;3,49;4,08;1,95;3,34;3,89
2016;2016-10-06;Sport Recife;Sao Paulo;1;1;D;2,21;3,28;3,74;2,14;3,2;3,45
2016;2016-10-06;Internacional;Coritiba;1;0;H;1,83;3,45;5,33;1,77;3,31;4,95
2016;2016-10-09;Cruzeiro;Ponte Preta;2;0;H;1,7;3,79;5,79;1,67;3,64;5,1
2016;2016-10-09;America MG;Palmeiras;0;2;A;9;4,64;1,43;7,37;4,24;1,43
2016;2016-10-09;Figueirense;Botafogo RJ;0;1;A;2,71;3,19;2,93;2,57;3,09;2,8
2016;2016-10-09;Flamengo RJ;Santa Cruz;3;0;H;1,38;5,19;9,19;1,36;4,74;7,85
2016;2016-10-12;Chapecoense-SC;Sport Recife;3;0;H;1,99;3,41;4,35;1,94;3,36;3,91
2016;2016-10-12;Coritiba;Figueirense;0;0;D;1,53;4,12;7,82;1,5;3,83;6,9
2016;2016-10-13;Botafogo RJ;Internacional;1;0;H;2,01;3,37;4,51;1,95;3,21;4,07
2016;2016-10-13;Santa Cruz;Corinthians;2;4;A;4,53;3,62;1,89;4,27;3,48;1,82
2016;2016-10-13;Atletico-MG;America MG;3;0;H;1,34;5,39;10,77;1,32;4,95;8,83
2016;2016-10-13;Palmeiras;Cruzeiro;0;0;D;1,75;3,79;5,31;1,73;3,58;4,69
2016;2016-10-13;Ponte Preta;Vitoria;2;0;H;1,72;3,76;5,62;1,67;3,64;5,04
2016;2016-10-14;Fluminense;Flamengo RJ;1;2;A;3,33;3,31;2,37;3,17;3,16;2,28
2016;2016-10-14;Gremio;Athletico-PR;1;0;H;1,56;3,89;7,88;1,54;3,66;6,87
2016;2016-10-14;Sao Paulo;Santos;0;1;A;2,54;3,19;3,15;2,46;3,09;2,93
2016;2016-10-16;Athletico-PR;Coritiba;2;0;H;3,12;3,08;2,63;2,88;2,91;2,63
2016;2016-10-16;Botafogo RJ;Atletico-MG;3;2;H;2,59;3,26;3,01;2,57;3,15;2,75
2016;2016-10-16;Cruzeiro;Chapecoense-SC;0;0;D;1,46;4,34;9,23;1,45;4,09;7,42
2016;2016-10-16;Figueirense;Palmeiras;1;2;A;5,02;3,68;1,81;4,65;3,46;1,77
2016;2016-10-16;Internacional;Flamengo RJ;2;1;H;2,63;3,19;3,01;2,57;3,06;2,81
2016;2016-10-16;Corinthians;America MG;2;0;H;1,36;5,13;10,46;1,33;4,82;8,85
2016;2016-10-16;Ponte Preta;Santa Cruz;3;0;H;1,6;4,17;6,27;1,58;3,84;5,59
2016;2016-10-16;Santos;Gremio;1;1;D;1,62;4;6,33;1,61;3,71;5,5
2016;2016-10-16;Sport Recife;Vitoria;1;0;H;1,83;3,76;4,73;1,81;3,55;4,16
2016;2016-10-17;Fluminense;Sao Paulo;1;2;A;1,99;3,43;4,34;1,93;3,31;3,98
2016;2016-10-20;Santa Cruz;Botafogo RJ;0;1;A;2,9;3,29;2,64;2,76;3,2;2,52
2016;2016-10-22;Sao Paulo;Ponte Preta;2;0;H;1,93;3,46;4,57;1,9;3,34;4,09
2016;2016-10-23;Flamengo RJ;Corinthians;2;2;D;1,67;3,93;5,86;1,64;3,67;5,29
2016;2016-10-23;Gremio;Internacional;0;0;D;2,18;3,23;3,89;2,14;3,07;3,6
2016;2016-10-23;Palmeiras;Sport Recife;2;1;H;1,37;5,12;10,13;1,36;4,72;8,32
2016;2016-10-23;Vitoria;Cruzeiro;0;1;A;2,66;3,26;2,88;2,58;3,16;2,71
2016;2016-10-23;Coritiba;Fluminense;1;1;D;2,22;3,33;3,66;2,21;3,18;3,29
2016;2016-10-23;Atletico-MG;Figueirense;3;0;H;1,31;5,61;12,02;1,27;5,2;10,91
2016;2016-10-23;Chapecoense-SC;Santos;0;1;A;2,81;3,37;2,69;2,74;3,16;2,57
2016;2016-10-24;America MG;Athletico-PR;1;0;H;2,7;3,09;3,02;2,6;2,96;2,87
2016;2016-10-27;Sport Recife;Ponte Preta;1;0;H;2,06;3,4;4,07;1,91;3,35;4,04
2016;2016-10-28;Fluminense;Vitoria;2;2;D;1,61;4,3;5,84;1,59;3,88;5,46
2016;2016-10-29;Atletico-MG;Flamengo RJ;2;2;D;2,3;3,65;3,15;2,23;3,36;3,09
2016;2016-10-29;Athletico-PR;Cruzeiro;1;0;H;2,19;3,26;3,83;2,13;3,07;3,63
2016;2016-10-29;Corinthians;Chapecoense-SC;1;1;D;1,58;4,17;6,62;1,53;3,86;6,46
2016;2016-10-29;Botafogo RJ;Coritiba;0;0;D;1,75;3,69;5,45;1,73;3,42;5
2016;2016-10-29;Internacional;Santa Cruz;1;1;D;1,37;5;10,4;1,33;4,66;9,56
2016;2016-10-29;Figueirense;Gremio;0;0;D;2,5;3,18;3,21;2,39;3,06;3,07
2016;2016-10-29;Santos;Palmeiras;1;0;H;2,34;3,43;3,26;2,3;3,25;3,05
2016;2016-10-31;America MG;Sao Paulo;1;0;H;4,43;3,37;1,99;3,94;3,25;1,97
2016;2016-11-05;Flamengo RJ;Botafogo RJ;0;0;D;1,67;3,9;5,92;1,67;3,65;5,13
2016;2016-11-05;Sao Paulo;Corinthians;4;0;H;2,11;3,25;4,1;2,09;3,18;3,62
2016;2016-11-06;Ponte Preta;Santos;1;2;A;2,46;3,26;3,2;2,34;3,2;3
2016;2016-11-06;Cruzeiro;Fluminense;4;2;H;1,87;3,52;4,87;1,81;3,41;4,45
2016;2016-11-06;Palmeiras;Internacional;1;0;H;1,61;3,97;6,57;1,59;3,66;5,98
2016;2016-11-06;Santa Cruz;America MG;1;0;H;1,83;3,72;4,8;1,8;3,49;4,38
2016;2016-11-06;Vitoria;Athletico-PR;3;2;H;1,81;3,53;5,23;1,79;3,39;4,63
2016;2016-11-06;Chapecoense-SC;Figueirense;1;0;H;1,86;3,55;4,84;1,81;3,34;4,58
2016;2016-11-06;Coritiba;Atletico-MG;2;0;H;2,52;3,37;3,01;2,45;3,19;2,87
2016;2016-11-07;Gremio;Sport Recife;0;3;A;1,88;3,48;4,88;1,77;3,41;4,75
2016;2016-11-15;Fluminense;Athletico-PR;1;1;D;1,69;3,65;6,28;1,62;3,55;5,79
2016;2016-11-16;Botafogo RJ;Chapecoense-SC;0;2;A;1,61;3,9;6,86;1,6;3,65;5,87
2016;2016-11-16;Coritiba;Santa Cruz;1;0;H;1,45;4,69;8,23;1,41;4,43;7,39
2016;2016-11-16;America MG;Flamengo RJ;0;1;A;7,63;4,44;1,5;6,78;4,12;1,47
2016;2016-11-16;Figueirense;Corinthians;1;1;D;2,91;3,3;2,61;2,85;3,14;2,5
2016;2016-11-16;Sport Recife;Cruzeiro;0;1;A;2,24;3,19;3,77;2,17;3,13;3,45
2016;2016-11-17;Santos;Vitoria;3;2;H;1,43;4,91;8,09;1,4;4,59;7,12
2016;2016-11-17;Sao Paulo;Gremio;1;1;D;2,04;3,28;4,34;1,94;3,18;4,16
2016;2016-11-17;Atletico-MG;Palmeiras;1;1;D;2,31;3,47;3,3;2,2;3,3;3,2
2016;2016-11-17;Internacional;Ponte Preta;1;1;D;1,56;4,04;7,25;1,52;3,77;6,65
2016;2016-11-20;Athletico-PR;Sport Recife;2;0;H;1,83;3,67;4,86;1,81;3,4;4,49
2016;2016-11-20;Cruzeiro;Santos;2;2;D;2,19;3,61;3,44;2,14;3,34;3,29
2016;2016-11-20;Gremio;America MG;3;0;H;1,53;4,27;7,24;1,51;3,99;6,38
2016;2016-11-20;Palmeiras;Botafogo RJ;1;0;H;1,53;4,28;7,28;1,52;3,91;6,48
2016;2016-11-20;Ponte Preta;Fluminense;1;0;H;2,31;3,42;3,34;2,24;3,23;3,19
2016;2016-11-20;Vitoria;Figueirense;4;0;H;1,56;4,37;6,39;1,56;3,96;5,74
2016;2016-11-20;Chapecoense-SC;Sao Paulo;2;0;H;2,69;3,21;2,93;2,62;3,05;2,77
2016;2016-11-20;Flamengo RJ;Coritiba;2;2;D;1,4;4,83;9,52;1,39;4,41;8,01
2016;2016-11-20;Santa Cruz;Atletico-MG;3;3;D;2,33;3,85;2,97;2,28;3,48;2,9
2016;2016-11-21;Corinthians;Internacional;1;0;H;2;3,4;4,31;2,08;3,15;3,68
2016;2016-11-26;America MG;Sport Recife;2;2;D;3,57;3,38;2,23;3,33;3,23;2,18
2016;2016-11-26;Botafogo RJ;Ponte Preta;1;1;D;1,75;3,68;5,47;1,71;3,51;5,02
2016;2016-11-26;Corinthians;Athletico-PR;0;0;D;1,78;3,6;5,37;1,71;3,45;5,11
2016;2016-11-27;Atletico-MG;Sao Paulo;1;2;A;2,81;3,5;2,61;2,73;3,28;2,5
2016;2016-11-27;Flamengo RJ;Santos;2;0;H;1,88;3,76;4,43;1,84;3,48;4,13
2016;2016-11-27;Internacional;Cruzeiro;1;0;H;1,69;3,83;5,73;1,67;3,58;5,22
2016;2016-11-27;Palmeiras;Chapecoense-SC;1;0;H;1,46;4,49;8,66;1,43;4,22;7,58
2016;2016-11-27;Figueirense;Fluminense;1;0;H;2,95;3,26;2,63;2,94;3,14;2,42
2016;2016-11-27;Santa Cruz;Gremio;5;1;H;2,46;3,6;2,93;2,34;3,31;2,93
2016;2016-11-28;Coritiba;Vitoria;0;1;A;2,37;3,3;3,34;2,26;3,26;3,12
2016;2016-12-11;Athletico-PR;Flamengo RJ;0;0;D;2,18;3,48;3,59;2,13;3,29;3,34
2016;2016-12-11;Cruzeiro;Corinthians;3;2;H;2,51;3,41;2,99;2,39;3,28;2,87
2016;2016-12-11;Fluminense;Internacional;1;1;D;4,06;3,87;1,92;3,9;3,47;1,9
2016;2016-12-11;Gremio;Botafogo RJ;0;1;A;3,92;3,41;2,08;3,52;3,3;2,05
2016;2016-12-11;Ponte Preta;Coritiba;2;0;H;1,65;4,1;5,76;1,63;3,78;5,22
2016;2016-12-11;Santos;America MG;1;0;H;1,21;7,39;16,2;1,19;6,42;14,32
2016;2016-12-11;Sao Paulo;Santa Cruz;5;0;H;1,27;6,7;11;1,26;5,77;10,12
2016;2016-12-11;Sport Recife;Figueirense;2;0;H;1,24;6,36;15,86;1,24;5,55;11,75
2016;2016-12-11;Vitoria;Palmeiras;1;2;A;1,92;3,65;4,33;1,88;3,46;4
2017;2017-05-13;Flamengo RJ;Atletico-MG;1;1;D;1,91;3,7;4,34;1,87;3,49;4,04
2017;2017-05-13;Corinthians;Chapecoense-SC;1;1;D;1,37;4,85;10,91;1,34;4,55;9,79
2017;2017-05-14;Fluminense;Santos;3;2;H;2,01;3,75;3,83;1,92;3,43;3,9
2017;2017-05-14;Avai;Vitoria;0;0;D;2,39;3,31;3,29;2,32;3,11;3,15
2017;2017-05-14;Bahia;Athletico-PR;6;2;H;1,73;3,61;5,91;1,72;3,37;5,25
2017;2017-05-14;Cruzeiro;Sao Paulo;1;0;H;2,04;3,29;4,32;1,99;3,19;3,95
2017;2017-05-14;Palmeiras;Vasco;4;0;H;1,42;4,96;8,52;1,4;4,41;7,88
2017;2017-05-14;Ponte Preta;Sport Recife;4;0;H;1,63;4,02;6,24;1,61;3,69;5,65
2017;2017-05-14;Gremio;Botafogo RJ;2;0;H;1,72;3,69;5,77;1,69;3,48;5,27
2017;2017-05-16;Coritiba;Atletico GO;4;1;H;1,63;3,79;6,75;1,6;3,6;5,99
2017;2017-05-20;Santos;Coritiba;1;0;H;1,6;4,14;6,3;1,58;3,88;5,56
2017;2017-05-20;Atletico GO;Flamengo RJ;0;3;A;4,42;3,52;1,94;4,02;3,32;1,92
2017;2017-05-20;Chapecoense-SC;Palmeiras;1;0;H;3,18;3,42;2,39;3,03;3,19;2,34
2017;2017-05-21;Vasco;Bahia;2;1;H;1,88;3,65;4,58;1,82;3,46;4,31
2017;2017-05-21;Atletico-MG;Fluminense;1;2;A;1,68;4,22;5,21;1,64;3,92;4,91
2017;2017-05-21;Athletico-PR;Gremio;0;2;A;2,63;3,13;3,07;2,53;3,02;2,89
2017;2017-05-21;Vitoria;Corinthians;0;1;A;3,25;3,36;2,38;3,13;3,12;2,32
2017;2017-05-21;Botafogo RJ;Ponte Preta;2;0;H;2,14;3,34;3,88;2,06;3,22;3,63
2017;2017-05-21;Sport Recife;Cruzeiro;1;1;D;2,73;3,21;2,88;2,61;3,13;2,72
2017;2017-05-23;Sao Paulo;Avai;2;0;H;1,33;5,3;11,75;1,32;4,82;9,71
2017;2017-05-27;Vasco;Fluminense;3;2;H;2,74;3,47;2,69;2,63;3,23;2,62
2017;2017-05-27;Sao Paulo;Palmeiras;2;0;H;2,57;3,28;3,01;2,47;3,11;2,9
2017;2017-05-28;Vitoria;Coritiba;0;1;A;2,23;3,32;3,63;2,14;3,19;3,46
2017;2017-05-28;Atletico-MG;Ponte Preta;2;2;D;1,55;4,17;7,15;1,51;4,1;6,09
2017;2017-05-28;Atletico GO;Corinthians;0;1;A;4,28;3,4;2,01;4,06;3,23;1,94
2017;2017-05-28;Athletico-PR;Flamengo RJ;1;1;D;2,99;3,32;2,53;2,87;3,13;2,48
2017;2017-05-28;Santos;Cruzeiro;0;1;A;1,96;3,58;4,25;1,97;3,31;3,86
2017;2017-05-28;Sport Recife;Gremio;4;3;H;1,94;3,41;4,62;1,89;3,29;4,23
2017;2017-05-28;Botafogo RJ;Bahia;1;0;H;2,06;3,33;4,04;1,99;3,27;3,86
2017;2017-05-30;Chapecoense-SC;Avai;2;0;H;1,6;3,85;7,16;1,58;3,62;6,19
2017;2017-06-03;Coritiba;Athletico-PR;1;0;H;1,93;3,36;4,8;1,86;3,27;4,4
2017;2017-06-03;Fluminense;Vitoria;2;1;H;1,58;4,22;6,46;1,53;4,05;5,92
2017;2017-06-03;Corinthians;Santos;2;0;H;1,75;3,7;5,51;1,74;3,45;4,9
2017;2017-06-04;Avai;Sport Recife;1;0;H;2,47;3,22;3,22;2,4;3,08;3,04
2017;2017-06-04;Flamengo RJ;Botafogo RJ;0;0;D;1,65;3,81;6,45;1,65;3,62;5,37
2017;2017-06-04;Gremio;Vasco;2;0;H;1,4;4,83;9,55;1,39;4,4;8,36
2017;2017-06-04;Palmeiras;Atletico-MG;0;0;D;1,76;3,83;5,14;1,73;3,69;4,53
2017;2017-06-04;Ponte Preta;Sao Paulo;1;0;H;2,45;3,29;3,19;2,44;3,12;2,94
2017;2017-06-04;Cruzeiro;Chapecoense-SC;0;2;A;1,56;3,95;7,79;1,53;3,73;6,59
2017;2017-06-06;Bahia;Atletico GO;3;0;H;1,48;4,69;7,37;1,45;4,27;6,92
2017;2017-06-07;Fluminense;Athletico-PR;1;1;D;1,71;3,88;5,46;1,63;3,67;5,43
2017;2017-06-07;Atletico-MG;Avai;1;0;H;1,32;5,54;11,57;1,31;5,03;9,66
2017;2017-06-07;Coritiba;Palmeiras;1;0;H;2,56;3,2;3,1;2,44;3,09;2,95
2017;2017-06-08;Santos;Botafogo RJ;1;0;H;1,75;3,85;5,18;1,7;3,57;4,91
2017;2017-06-08;Sport Recife;Flamengo RJ;2;0;H;3,23;3,33;2,4;3,05;3,15;2,35
2017;2017-06-08;Vasco;Corinthians;2;5;A;2,6;3,31;2,96;2,51;3,11;2,84
2017;2017-06-08;Atletico GO;Ponte Preta;3;0;H;3,19;3,45;2,37;3,02;3,22;2,33
2017;2017-06-08;Sao Paulo;Vitoria;2;0;H;1,43;4,58;9,44;1,4;4,33;8,02
2017;2017-06-09;Chapecoense-SC;Gremio;3;6;A;2,57;3,22;3,07;2,5;3,07;2,89
2017;2017-06-09;Bahia;Cruzeiro;1;0;H;2,37;3,27;3,36;2,31;3,12;3,14
2017;2017-06-10;Palmeiras;Fluminense;3;1;H;1,54;4,21;7,19;1,55;3,81;6,11
2017;2017-06-10;Vasco;Sport Recife;2;1;H;1,77;3,8;5,06;1,75;3,61;4,54
2017;2017-06-11;Botafogo RJ;Coritiba;2;2;D;2,08;3,26;4,22;2,01;3,15;3,91
2017;2017-06-11;Avai;Flamengo RJ;1;1;D;3,75;3,33;2,18;3,52;3,2;2,1
2017;2017-06-11;Corinthians;Sao Paulo;3;2;H;2;3,27;4,55;1,95;3,18;4,15
2017;2017-06-11;Ponte Preta;Chapecoense-SC;3;2;H;1,88;3,51;4,81;1,85;3,36;4,33
2017;2017-06-11;Vitoria;Atletico-MG;2;0;H;2,61;3,45;2,84;2,59;3,28;2,64
2017;2017-06-11;Cruzeiro;Atletico GO;2;0;H;1,38;4,87;10,23;1,36;4,68;8,48
2017;2017-06-11;Athletico-PR;Santos;0;2;A;2,12;3,31;3,97;2,04;3,18;3,77
2017;2017-06-13;Gremio;Bahia;1;0;H;1,53;4,15;7,76;1,53;3,89;6,45
2017;2017-06-14;Atletico GO;Avai;3;1;H;1,97;3,38;4,52;1,92;3,26;4,12
2017;2017-06-14;Atletico-MG;Athletico-PR;0;1;A;1,6;4,11;6,36;1,57;3,85;5,82
2017;2017-06-14;Sport Recife;Sao Paulo;0;0;D;2,47;3,35;3,11;2,38;3,19;2,96
2017;2017-06-14;Vitoria;Botafogo RJ;2;2;D;2,33;3,29;3,42;2,25;3,11;3,31
2017;2017-06-15;Flamengo RJ;Ponte Preta;2;0;H;1,56;4,2;6,95;1,55;3,92;5,96
2017;2017-06-15;Chapecoense-SC;Vasco;2;1;H;1,76;3,71;5,31;1,74;3,51;4,75
2017;2017-06-15;Corinthians;Cruzeiro;1;0;H;1,91;3,48;4,68;1,82;3,33;4,59
2017;2017-06-15;Santos;Palmeiras;1;0;H;2,25;3,44;3,44;2,23;3,23;3,2
2017;2017-06-15;Coritiba;Bahia;0;0;D;1,92;3,45;4,67;1,83;3,31;4,56
2017;2017-06-16;Fluminense;Gremio;0;2;A;2,54;3,31;3,03;2,45;3,15;2,89
2017;2017-06-17;Atletico GO;Athletico-PR;0;1;A;2,32;3,32;3,42;2,28;3,15;3,17
2017;2017-06-17;Vasco;Avai;1;0;H;1,46;4,4;8,77;1,46;4,08;7,16
2017;2017-06-18;Santos;Ponte Preta;0;0;D;1,76;3,64;5,47;1,68;3,53;5,29
2017;2017-06-18;Coritiba;Corinthians;0;0;D;2,81;3,13;2,86;2,71;2,99;2,73
2017;2017-06-18;Bahia;Palmeiras;2;4;A;2,47;3,27;3,17;2,38;3,08;3,07
2017;2017-06-18;Chapecoense-SC;Botafogo RJ;0;2;A;1,85;3,54;4,91;1,81;3,39;4,49
2017;2017-06-18;Fluminense;Flamengo RJ;2;2;D;3,87;3,5;2,08;3,53;3,3;2,08
2017;2017-06-18;Sao Paulo;Atletico-MG;1;2;A;1,68;3,99;5,55;1,67;3,73;5,01
2017;2017-06-18;Sport Recife;Vitoria;1;3;A;1,69;3,78;5,89;1,68;3,6;5,13
2017;2017-06-20;Cruzeiro;Gremio;3;3;D;2,54;3,26;3,08;2,24;3,12;3,27
2017;2017-06-21;Vitoria;Santos;0;2;A;2,44;3,31;3,2;2,4;3,14;2,99
2017;2017-06-22;Botafogo RJ;Vasco;3;1;H;2,08;3,45;3,93;2,03;3,32;3,63
2017;2017-06-22;Palmeiras;Atletico GO;1;0;H;1,25;6,21;15,6;1,24;5,56;11,9
2017;2017-06-22;Atletico-MG;Sport Recife;2;2;D;1,46;4,7;7,75;1,44;4,35;6,88
2017;2017-06-22;Athletico-PR;Sao Paulo;1;0;H;2,58;3,11;3,17;2,44;3,02;3,04
2017;2017-06-22;Avai;Fluminense;0;3;A;3,17;3,24;2,5;2,9;3,12;2,46
2017;2017-06-22;Corinthians;Bahia;3;0;H;1,53;4,15;7,53;1,49;3,92;6,99
2017;2017-06-22;Ponte Preta;Cruzeiro;1;0;H;2,19;3,33;3,72;2,17;3,19;3,35
2017;2017-06-23;Flamengo RJ;Chapecoense-SC;5;1;H;1,5;4,42;7,69;1,48;4,13;6,73
2017;2017-06-23;Gremio;Coritiba;2;0;H;1,55;4,18;7,06;1,53;3,88;6,29
2017;2017-06-24;Santos;Sport Recife;0;1;A;1,44;4,55;8,98;1,45;4,16;7,28
2017;2017-06-25;Vasco;Atletico GO;1;0;H;1,56;4,2;6,95;1,54;3,94;6,1
2017;2017-06-25;Athletico-PR;Vitoria;4;1;H;1,85;3,59;4,85;1,78;3,43;4,65
2017;2017-06-25;Cruzeiro;Coritiba;2;0;H;1,59;3,99;6,85;1,56;3,71;6,32
2017;2017-06-25;Gremio;Corinthians;0;1;A;1,88;3,44;4,93;1,84;3,38;4,37
2017;2017-06-25;Ponte Preta;Palmeiras;1;2;A;2,81;3,36;2,7;2,74;3,15;2,58
2017;2017-06-25;Sao Paulo;Fluminense;1;1;D;1,71;3,95;5,3;1,68;3,74;4,85
2017;2017-06-25;Bahia;Flamengo RJ;0;1;A;2,74;3,41;2,73;2,6;3,28;2,62
2017;2017-06-25;Chapecoense-SC;Atletico-MG;0;1;A;1,74;3,92;5,16;1,72;3,7;4,61
2017;2017-06-27;Botafogo RJ;Avai;0;2;A;1,43;4,38;10,2;1,42;4,12;8,31
2017;2017-07-01;Palmeiras;Gremio;1;0;H;1,92;3,47;4,66;1,9;3,38;4,1
2017;2017-07-01;Atletico GO;Santos;1;1;D;2,72;3,29;2,83;2,63;3,14;2,7
2017;2017-07-02;Atletico-MG;Cruzeiro;3;1;H;2,49;3,41;3,03;2,38;3,2;2,98
2017;2017-07-02;Corinthians;Botafogo RJ;1;0;H;1,55;4,16;7,19;1,53;3,9;6,28
2017;2017-07-02;Flamengo RJ;Sao Paulo;2;0;H;1,61;4,08;6,28;1,59;3,81;5,7
2017;2017-07-02;Sport Recife;Athletico-PR;1;0;H;1,67;3,78;6,19;1,64;3,62;5,49
2017;2017-07-02;Vitoria;Bahia;0;0;D;2,57;3,3;3;2,47;3,1;2,92
2017;2017-07-02;Avai;Ponte Preta;0;0;D;2,93;3,01;2,84;2,81;2,91;2,7
2017;2017-07-02;Coritiba;Vasco;2;2;D;1,93;3,45;4,52;1,88;3,31;4,23
2017;2017-07-04;Fluminense;Chapecoense-SC;3;3;D;1,74;3,74;5,5;1,7;3,65;4,9
2017;2017-07-08;Atletico GO;Vitoria;1;2;A;2,17;3,3;3,84;2,15;3,18;3,45
2017;2017-07-08;Vasco;Flamengo RJ;0;1;A;3,99;3,53;2,04;3,64;3,33;2,01
2017;2017-07-08;Corinthians;Ponte Preta;2;0;H;1,72;3,68;5,74;1,66;3,52;5,51
2017;2017-07-09;Chapecoense-SC;Athletico-PR;1;1;D;1,88;3,56;4,76;1,82;3,36;4,53
2017;2017-07-09;Bahia;Fluminense;1;1;D;2,22;3,6;3,37;2,12;3,39;3,31
2017;2017-07-09;Cruzeiro;Palmeiras;3;1;H;2,14;3,21;4,06;2,08;3,22;3,61
2017;2017-07-09;Gremio;Avai;0;2;A;1,21;6,99;18,91;1,22;5,77;13,25
2017;2017-07-09;Botafogo RJ;Atletico-MG;1;1;D;2,03;3,47;4,07;2,02;3,3;3,69
2017;2017-07-09;Santos;Sao Paulo;3;2;H;2,32;3,39;3,33;2,21;3,2;3,3
2017;2017-07-11;Coritiba;Sport Recife;0;3;A;1,78;3,57;5,52;1,77;3,38;4,83
2017;2017-07-12;Atletico-MG;Santos;0;1;A;1,63;4,03;6,16;1,61;3,76;5,53
2017;2017-07-12;Ponte Preta;Bahia;0;3;A;1,91;3,44;4,73;1,87;3,31;4,29
2017;2017-07-13;Fluminense;Botafogo RJ;0;1;A;2,1;3,34;4,03;2,07;3,23;3,61
2017;2017-07-13;Athletico-PR;Cruzeiro;0;2;A;2,73;3,33;2,79;2,62;3,1;2,74
2017;2017-07-13;Palmeiras;Corinthians;0;2;A;2,24;3,4;3,52;2,13;3,23;3,43
2017;2017-07-13;Vitoria;Vasco;1;4;A;1,89;3,73;4,38;1,85;3,5;4,1
2017;2017-07-13;Flamengo RJ;Gremio;0;1;A;1,88;3,65;4,57;1,83;3,44;4,3
2017;2017-07-13;Sao Paulo;Atletico GO;2;2;D;1,39;5;9,24;1,36;4,65;8,56
2017;2017-07-13;Sport Recife;Chapecoense-SC;3;0;H;1,96;3,64;4,15;1,91;3,48;3,85
2017;2017-07-14;Avai;Coritiba;1;4;A;2,73;3,17;2,91;2,61;3;2,81
2017;2017-07-15;Corinthians;Athletico-PR;2;2;D;1,5;4,32;8;1,45;4,1;7,43
2017;2017-07-16;Palmeiras;Vitoria;4;2;H;1,28;5,95;13,3;1,26;5,46;10,8
2017;2017-07-16;Atletico GO;Atletico-MG;1;2;A;3,35;3,55;2,25;3,19;3,31;2,2
2017;2017-07-16;Chapecoense-SC;Sao Paulo;2;0;H;2,74;3,34;2,78;2,68;3,2;2,6
2017;2017-07-16;Cruzeiro;Flamengo RJ;1;1;D;2,44;3,33;3,18;2,38;3,23;2,94
2017;2017-07-16;Gremio;Ponte Preta;3;1;H;1,53;4,24;7,34;1,5;3,93;6,77
2017;2017-07-16;Vasco;Santos;0;0;D;2,51;3,39;3,01;2,46;3,24;2,83
2017;2017-07-16;Bahia;Avai;1;1;D;1,5;4,19;8,5;1,46;4,01;7,48
2017;2017-07-16;Coritiba;Fluminense;1;2;A;2,06;3,51;3,93;2,04;3,36;3,54
2017;2017-07-18;Botafogo RJ;Sport Recife;2;1;H;2,01;3,45;4,23;1,92;3,33;4,01
2017;2017-07-19;Santos;Chapecoense-SC;1;0;H;1,72;3,84;5,44;1,69;3,67;4,91
2017;2017-07-19;Vitoria;Gremio;1;3;A;3,14;3,38;2,43;3,09;3,25;2,28
2017;2017-07-20;Avai;Corinthians;0;0;D;4,35;3,34;2,02;3,97;3,19;1,98
2017;2017-07-20;Ponte Preta;Coritiba;4;0;H;1,96;3,41;4,52;1,9;3,28;4,21
2017;2017-07-20;Atletico-MG;Bahia;0;2;A;1,79;3,63;5,18;1,72;3,57;4,79
2017;2017-07-20;Flamengo RJ;Palmeiras;2;2;D;1,8;3,78;4,86;1,76;3,52;4,59
2017;2017-07-20;Sao Paulo;Vasco;1;0;H;1,55;4,35;6,71;1,54;3,95;5,99
2017;2017-07-20;Fluminense;Cruzeiro;1;1;D;2,51;3,41;3;2,44;3,2;2,85
2017;2017-07-21;Sport Recife;Atletico GO;4;0;H;1,49;4,44;7,77;1,47;4,16;6,8
2017;2017-07-21;Athletico-PR;Botafogo RJ;0;0;D;2,29;3,2;3,62;2,21;3,08;3,42
2017;2017-07-22;Vitoria;Chapecoense-SC;1;2;A;2,16;3,51;3,6;2,14;3,33;3,32
2017;2017-07-22;Flamengo RJ;Coritiba;2;1;H;1,4;4,86;9,31;1,38;4,55;8,1
2017;2017-07-23;Santos;Bahia;3;0;H;1,99;3,41;4,35;1,95;3,28;3,94
2017;2017-07-23;Avai;Cruzeiro;1;0;H;4,17;3,35;2,05;3,92;3,2;1,98
2017;2017-07-23;Fluminense;Corinthians;0;1;A;2,82;3,36;2,68;2,74;3,16;2,57
2017;2017-07-23;Sport Recife;Palmeiras;0;2;A;2,2;3,53;3,48;2,08;3,37;3,43
2017;2017-07-23;Atletico GO;Botafogo RJ;1;1;D;2,44;3,15;3,36;2,39;3,02;3,12
2017;2017-07-23;Atletico-MG;Vasco;1;2;A;1,74;3,83;5,35;1,75;3,61;4,52
2017;2017-07-23;Athletico-PR;Ponte Preta;0;2;A;2,29;3,26;3,55;2,18;3,09;3,43
2017;2017-07-25;Sao Paulo;Gremio;1;1;D;2,4;3,34;3,24;2,3;3,12;3,15
2017;2017-07-29;Botafogo RJ;Sao Paulo;3;4;A;2,56;3,32;3;2,41;3,12;2,97
2017;2017-07-29;Palmeiras;Avai;2;0;H;1,31;5,45;12,4;1,31;4,84;10,02
2017;2017-07-30;Chapecoense-SC;Atletico GO;1;2;A;1,55;4,27;6,83;1,53;4,03;6,01
2017;2017-07-30;Bahia;Sport Recife;1;3;A;1,63;3,93;6,31;1,62;3,67;5,5
2017;2017-07-30;Corinthians;Flamengo RJ;1;1;D;2,58;3,19;3,08;2,43;3,11;2,96
2017;2017-07-30;Coritiba;Atletico-MG;0;2;A;2,41;3,25;3,3;2,34;3,2;3,02
2017;2017-07-30;Cruzeiro;Vitoria;0;0;D;1,43;4,73;8,67;1,41;4,4;7,5
2017;2017-07-30;Gremio;Santos;1;1;D;1,7;3,64;6,09;1,65;3,56;5,48
2017;2017-08-01;Vasco;Athletico-PR;0;1;A;2,57;3,05;3,24;2,38;2,96;3,14
2017;2017-08-02;Chapecoense-SC;Bahia;1;1;D;1,94;3,49;4,5;1,95;3,3;3,94
2017;2017-08-02;Sport Recife;Fluminense;2;2;D;1,81;3,76;4,8;1,81;3,54;4,25
2017;2017-08-03;Atletico-MG;Corinthians;0;2;A;2,26;3,38;3,49;2,17;3,21;3,32
2017;2017-08-03;Vitoria;Ponte Preta;3;1;H;2,31;3,4;3,36;2,27;3,22;3,12
2017;2017-08-03;Atletico GO;Gremio;0;1;A;3,7;3,48;2,14;3,56;3,29;2,04
2017;2017-08-03;Botafogo RJ;Palmeiras;1;2;A;2,86;3,19;2,77;2,71;3,09;2,64
2017;2017-08-03;Santos;Flamengo RJ;3;2;H;3;3,27;2,59;2,72;3,23;2,53
2017;2017-08-03;Athletico-PR;Avai;5;0;H;1,71;3,56;6,24;1,69;3,39;5,42
2017;2017-08-03;Sao Paulo;Coritiba;1;2;A;1,41;4,74;9,69;1,4;4,3;8,17
2017;2017-08-04;Vasco;Cruzeiro;0;3;A;3,44;3,18;2,38;3,1;3,05;2,38
2017;2017-08-05;Corinthians;Sport Recife;3;1;H;1,51;4,25;7,98;1,5;3,96;6,67
2017;2017-08-05;Fluminense;Atletico GO;3;1;H;1,64;4,18;5,7;1,59;3,88;5,42
2017;2017-08-06;Flamengo RJ;Vitoria;0;2;A;1,3;5,72;12;1,3;5,2;9,45
2017;2017-08-06;Bahia;Sao Paulo;2;1;H;2,73;3,41;2,73;2,6;3,24;2,65
2017;2017-08-06;Coritiba;Chapecoense-SC;2;0;H;1,87;3,59;4,72;1,82;3,44;4,33
2017;2017-08-06;Cruzeiro;Botafogo RJ;0;0;D;1,49;4,28;8,37;1,46;3,97;7,37
2017;2017-08-06;Gremio;Atletico-MG;2;0;H;1,65;4,02;5,87;1,63;3,75;5,25
2017;2017-08-06;Palmeiras;Athletico-PR;0;1;A;1,65;3,89;6,25;1,6;3,65;5,81
2017;2017-08-06;Avai;Santos;0;0;D;3,43;3,33;2,31;3,34;3,16;2,19
2017;2017-08-06;Ponte Preta;Vasco;0;0;D;1,68;3,78;6,03;1,65;3,6;5,32
2017;2017-08-10;Ponte Preta;Fluminense;0;0;D;2,28;3,49;3,33;2,17;3,27;3,29
2017;2017-08-12;Atletico GO;Coritiba;1;0;H;2,36;3,26;3,39;2,33;3,11;3,12
2017;2017-08-12;Vitoria;Avai;0;1;A;1,65;4,03;5,88;1,62;3,72;5,45
2017;2017-08-13;Sao Paulo;Cruzeiro;3;2;H;1,98;3,34;4,52;1,89;3,3;4,21
2017;2017-08-13;Atletico-MG;Flamengo RJ;2;0;H;2,59;3,31;2,98;2,46;3,21;2,83
2017;2017-08-13;Sport Recife;Ponte Preta;0;0;D;1,68;3,91;5,72;1,67;3,6;5,19
2017;2017-08-13;Vasco;Palmeiras;1;1;D;3,6;3,3;2,25;3,36;3,19;2,18
2017;2017-08-13;Athletico-PR;Bahia;4;1;H;2,05;3,37;4,16;1,96;3,21;4,01
2017;2017-08-13;Botafogo RJ;Gremio;1;0;H;2,54;3,27;3,07;2,46;3,08;2,94
2017;2017-08-15;Santos;Fluminense;0;0;D;1,99;3,64;3,94;1,99;3,28;3,67
2017;2017-08-19;Corinthians;Vitoria;0;1;A;1,42;4,77;9;1,42;4,36;7,48
2017;2017-08-19;Flamengo RJ;Atletico GO;2;0;H;1,42;4,87;8,56;1,39;4,58;7,56
2017;2017-08-20;Gremio;Athletico-PR;0;0;D;1,96;3,25;4,8;1,92;3,22;4,23
2017;2017-08-20;Avai;Sao Paulo;1;1;D;4,04;3,32;2,1;3,71;3,24;2,04
2017;2017-08-20;Bahia;Vasco;3;0;H;1,92;3,57;4,49;1,87;3,4;4,17
2017;2017-08-20;Cruzeiro;Sport Recife;2;0;H;1,7;3,86;5,58;1,7;3,58;5,02
2017;2017-08-20;Ponte Preta;Botafogo RJ;2;1;H;1,72;3,61;5,93;1,7;3,42;5,35
2017;2017-08-20;Coritiba;Santos;0;0;D;2,53;3,28;3,08;2,46;3,13;2,9
2017;2017-08-20;Palmeiras;Chapecoense-SC;0;2;A;1,51;4,27;7,88;1,5;3,95;6,71
2017;2017-08-22;Fluminense;Atletico-MG;2;1;H;2,28;3,41;3,46;2,23;3,24;3,19
2017;2017-08-23;Chapecoense-SC;Corinthians;0;1;A;2,84;3,12;2,84;2,78;3,03;2,61
2017;2017-08-26;Fluminense;Vasco;0;1;A;2,11;3,34;3,9;2,04;3,22;3,74
2017;2017-08-26;Corinthians;Atletico GO;0;1;A;1,37;4,93;10,8;1,37;4,53;8,75
2017;2017-08-27;Bahia;Botafogo RJ;1;2;A;2,05;3,47;4;2;3,27;3,78
2017;2017-08-27;Flamengo RJ;Athletico-PR;2;0;H;1,54;4,26;7,1;1,51;3,96;6,5
2017;2017-08-27;Palmeiras;Sao Paulo;4;2;H;2,09;3,43;3,94;2,01;3,29;3,73
2017;2017-08-27;Ponte Preta;Atletico-MG;1;2;A;2,57;3,3;3;2,47;3,1;2,9
2017;2017-08-27;Avai;Chapecoense-SC;1;0;H;2,72;3,02;3,06;2,6;2,92;2,9
2017;2017-08-27;Cruzeiro;Santos;1;1;D;1,8;3,64;5,16;1,77;3,44;4,75
2017;2017-08-29;Coritiba;Vitoria;0;1;A;2,14;3,45;3,72;2,07;3,27;3,58
2017;2017-09-02;Gremio;Sport Recife;5;0;H;1,74;3,64;5,75;1,7;3,45;5,23
2017;2017-09-09;Atletico-MG;Palmeiras;1;1;D;2,09;3,55;3,78;2,07;3,3;3,54
2017;2017-09-09;Vasco;Gremio;1;0;H;3,15;3,19;2,54;2,97;3,01;2,5
2017;2017-09-09;Sao Paulo;Ponte Preta;2;2;D;1,72;3,84;5,41;1,68;3,63;5,06
2017;2017-09-10;Athletico-PR;Coritiba;1;1;D;1,83;3,45;5,31;1,76;3,38;4,9
2017;2017-09-10;Santos;Corinthians;2;0;H;2,52;3,22;3,15;2,4;3,08;3,04
2017;2017-09-10;Sport Recife;Avai;0;1;A;1,47;4,29;8,83;1,46;4;7,42
2017;2017-09-10;Vitoria;Fluminense;2;2;D;2,31;3,43;3,34;2,2;3,29;3,23
2017;2017-09-10;Botafogo RJ;Flamengo RJ;2;0;H;3,56;3,36;2,24;3,27;3,16;2,24
2017;2017-09-10;Chapecoense-SC;Cruzeiro;1;2;A;3,35;3,19;2,42;2,98;3,04;2,48
2017;2017-09-12;Atletico GO;Bahia;1;1;D;2,63;3,17;3,04;2,5;3,07;2,92
2017;2017-09-16;Botafogo RJ;Santos;2;0;H;2,02;3,35;4,3;1,99;3,2;3,96
2017;2017-09-17;Ponte Preta;Atletico GO;1;3;A;1,64;3,83;6,51;1,62;3,62;5,74
2017;2017-09-17;Avai;Atletico-MG;1;1;D;3,9;3,31;2,14;3,64;3,18;2,09
2017;2017-09-17;Athletico-PR;Fluminense;3;1;H;1,74;3,75;5,45;1,77;3,46;4,77
2017;2017-09-17;Corinthians;Vasco;1;0;H;1,57;4,03;7,09;1,55;3,73;6,53
2017;2017-09-17;Flamengo RJ;Sport Recife;2;0;H;1,47;4,61;7,79;1,47;4,19;6,73
2017;2017-09-17;Gremio;Chapecoense-SC;0;1;A;1,65;3,83;6,27;1,64;3,61;5,61
2017;2017-09-17;Vitoria;Sao Paulo;1;2;A;2,59;3,38;2,92;2,48;3,25;2,79
2017;2017-09-17;Cruzeiro;Bahia;1;0;H;1,52;4,17;7,85;1,51;3,9;6,79
2017;2017-09-19;Palmeiras;Coritiba;1;0;H;1,43;4,68;9,06;1,42;4,3;7,72
2017;2017-09-23;Flamengo RJ;Avai;1;1;D;1,42;4,73;9,31;1,4;4,37;7,98
2017;2017-09-24;Santos;Athletico-PR;1;0;H;1,97;3,43;4,42;1,97;3,22;3,98
2017;2017-09-24;Sao Paulo;Corinthians;1;1;D;2,31;3,32;3,45;2,16;3,22;3,39
2017;2017-09-24;Atletico GO;Cruzeiro;1;2;A;2,87;3,31;2,67;2,76;3,1;2,6
2017;2017-09-24;Chapecoense-SC;Ponte Preta;1;0;H;1,93;3,4;4,72;1,92;3,25;4,16
2017;2017-09-24;Coritiba;Botafogo RJ;2;3;A;2,4;3,1;3,5;2,34;3;3,23
2017;2017-09-24;Fluminense;Palmeiras;0;1;A;3,17;3,47;2,37;3,05;3,23;2,32
2017;2017-09-24;Atletico-MG;Vitoria;1;3;A;1,53;4,52;6,66;1,5;4,25;5,99
2017;2017-09-24;Bahia;Gremio;1;0;H;2,43;3,19;3,33;2,33;3,09;3,15
2017;2017-09-26;Sport Recife;Vasco;1;1;D;1,85;3,63;4,78;1,81;3,44;4,44
2017;2017-09-30;Bahia;Coritiba;1;1;D;1,93;3,52;4,51;1,86;3,36;4,32
2017;2017-09-30;Vasco;Chapecoense-SC;1;1;D;2,1;3,32;4,05;2,02;3,19;3,89
2017;2017-09-30;Palmeiras;Santos;0;1;A;1,64;3,9;6,28;1,62;3,66;5,71
2017;2017-10-01;Avai;Atletico GO;0;2;A;2,22;3,33;3,64;2,14;3,19;3,5
2017;2017-10-01;Botafogo RJ;Vitoria;2;3;A;1,78;3,72;5,18;1,72;3,6;4,83
2017;2017-10-01;Cruzeiro;Corinthians;1;1;D;2,14;3,3;3,91;2,17;3,07;3,6
2017;2017-10-01;Gremio;Fluminense;1;0;H;1,7;3,84;5,62;1,62;3,73;5,56
2017;2017-10-01;Sao Paulo;Sport Recife;1;0;H;1,6;4,28;6,04;1,56;3,99;5,84
2017;2017-10-01;Athletico-PR;Atletico-MG;0;2;A;2,25;3,4;3,47;2,19;3,24;3,33
2017;2017-10-03;Ponte Preta;Flamengo RJ;1;0;H;3,61;3,2;2,29;3,36;3,13;2,22
2017;2017-10-07;Cruzeiro;Ponte Preta;2;1;H;1,63;3,84;6,68;1,58;3,7;6,17
2017;2017-10-11;Athletico-PR;Atletico GO;2;2;D;1,6;4,17;6,29;1,57;3,88;5,71
2017;2017-10-11;Botafogo RJ;Chapecoense-SC;2;1;H;1,76;3,67;5,43;1,73;3,42;5,07
2017;2017-10-12;Corinthians;Coritiba;3;1;H;1,56;4,15;6,9;1,53;3,86;6,46
2017;2017-10-12;Atletico-MG;Sao Paulo;1;0;H;2,18;3,58;3,47;2,11;3,38;3,37
2017;2017-10-12;Avai;Vasco;1;2;A;2,64;3,13;3,06;2,55;2,99;2,93
2017;2017-10-12;Gremio;Cruzeiro;0;1;A;2,01;3,3;4,44;1,96;3,15;4,14
2017;2017-10-12;Flamengo RJ;Fluminense;1;1;D;1,65;4,15;5,7;1,6;3,85;5,46
2017;2017-10-12;Ponte Preta;Santos;1;1;D;2,4;3,22;3,37;2,33;3,08;3,2
2017;2017-10-12;Vitoria;Sport Recife;1;2;A;2,31;3,56;3,23;2,23;3,33;3,13
2017;2017-10-13;Palmeiras;Bahia;2;2;D;1,57;4,13;6,79;1,54;3,9;6,25
2017;2017-10-14;Vasco;Botafogo RJ;1;0;H;2,79;3,15;2,86;2,67;3,01;2,76
2017;2017-10-15;Sao Paulo;Athletico-PR;2;1;H;1,83;3,67;4,83;1,79;3,46;4,55
2017;2017-10-15;Atletico GO;Palmeiras;1;3;A;4,1;3,54;2,01;3,72;3,31;2,01
2017;2017-10-15;Chapecoense-SC;Flamengo RJ;0;1;A;3,71;3,36;2,18;3,47;3,19;2,15
2017;2017-10-15;Fluminense;Avai;1;0;H;1,68;3,79;6,05;1,64;3,61;5,6
2017;2017-10-15;Sport Recife;Atletico-MG;1;1;D;2,26;3,53;3,34;2,23;3,32;3,14
2017;2017-10-15;Bahia;Corinthians;2;0;H;2,63;3,24;2,96;2,56;3,03;2,87
2017;2017-10-15;Coritiba;Gremio;0;1;A;3,37;3,18;2,42;3,16;3;2,39
2017;2017-10-16;Santos;Vitoria;2;2;D;1,67;4,01;5,71;1,63;3,82;5,22
2017;2017-10-18;Atletico GO;Vasco;0;1;A;2,65;3,29;2,91;2,48;3,12;2,88
2017;2017-10-18;Coritiba;Cruzeiro;1;0;H;3,52;3,25;2,31;3,19;3,12;2,31
2017;2017-10-19;Atletico-MG;Chapecoense-SC;2;3;A;1,52;4,54;6,9;1,48;4,25;6,46
2017;2017-10-19;Avai;Botafogo RJ;1;1;D;2,85;3,12;2,83;2,77;2,98;2,68
2017;2017-10-19;Corinthians;Gremio;0;0;D;2,18;3,21;3,91;2,1;3,03;3,84
2017;2017-10-19;Fluminense;Sao Paulo;3;1;H;2,79;3,46;2,65;2,64;3,23;2,64
2017;2017-10-19;Palmeiras;Ponte Preta;2;0;H;1,47;4,3;8,79;1,47;4,05;7,27
2017;2017-10-19;Vitoria;Athletico-PR;2;3;A;2,29;3,37;3,44;2,2;3,24;3,3
2017;2017-10-20;Flamengo RJ;Bahia;4;1;H;1,48;4,44;8,03;1,45;4,13;7,31
2017;2017-10-20;Sport Recife;Santos;1;1;D;1,99;3,69;3,96;1,95;3,49;3,75
2017;2017-10-21;Vasco;Coritiba;1;1;D;2,05;3,37;4,15;2,01;3,2;3,87
2017;2017-10-22;Athletico-PR;Sport Recife;2;1;H;1,87;3,67;4,6;1,85;3,44;4,27
2017;2017-10-22;Bahia;Vitoria;2;1;H;2,14;3,42;3,78;2,06;3,29;3,59
2017;2017-10-22;Cruzeiro;Atletico-MG;1;3;A;2,05;3,33;4,25;1,95;3,33;3,95
2017;2017-10-22;Gremio;Palmeiras;1;3;A;2,92;3,07;2,8;2,83;2,99;2,63
2017;2017-10-22;Santos;Atletico GO;1;0;H;1,53;4,39;7,05;1,5;4,07;6,6
2017;2017-10-22;Sao Paulo;Flamengo RJ;2;0;H;2,46;3,35;3,14;2,33;3,2;3,07
2017;2017-10-22;Chapecoense-SC;Fluminense;2;0;H;2,04;3,61;3,9;1,98;3,38;3,78
2017;2017-10-22;Ponte Preta;Avai;1;2;A;1,69;3,62;6,27;1,67;3,46;5,55
2017;2017-10-23;Botafogo RJ;Corinthians;2;1;H;2,76;3,1;2,94;2,64;2,96;2,83
2017;2017-10-28;Sao Paulo;Santos;2;1;H;1,97;3,52;4,3;1,93;3,32;4,03
2017;2017-10-28;Flamengo RJ;Vasco;0;0;D;1,7;3,83;5,62;1,68;3,52;5,3
2017;2017-10-29;Athletico-PR;Chapecoense-SC;0;0;D;1,82;3,71;4,86;1,78;3,47;4,6
2017;2017-10-29;Atletico-MG;Botafogo RJ;0;0;D;1,68;3,93;5,67;1,65;3,71;5,23
2017;2017-10-29;Fluminense;Bahia;1;1;D;2,17;3,46;3,63;2,04;3,3;3,64
2017;2017-10-29;Ponte Preta;Corinthians;1;0;H;3,44;3,29;2,32;3,22;3,09;2,3
2017;2017-10-29;Sport Recife;Coritiba;3;4;A;1,87;3,59;4,71;1,85;3,41;4,3
2017;2017-10-29;Vitoria;Atletico GO;1;1;D;1,61;4,38;5,66;1,57;4,02;5,46
2017;2017-10-29;Avai;Gremio;2;2;D;2,46;3,09;3,39;2,38;2,95;3,23
2017;2017-10-30;Palmeiras;Cruzeiro;2;2;D;1,76;3,8;5,16;1,69;3,58;5,05
2017;2017-11-04;Santos;Atletico-MG;3;1;H;2,34;3,6;3,13;2,21;3,3;3,2
2017;2017-11-04;Atletico GO;Sao Paulo;0;1;A;3,65;3,61;2,11;3,64;3,37;2,02
2017;2017-11-04;Botafogo RJ;Fluminense;1;2;A;2,03;3,44;4,13;1,99;3,27;3,87
2017;2017-11-04;Coritiba;Avai;4;0;H;1,76;3,68;5,38;1,74;3,5;4,91
2017;2017-11-05;Corinthians;Palmeiras;3;2;H;2,42;3,21;3,34;2,33;3,06;3,21
2017;2017-11-05;Cruzeiro;Athletico-PR;1;0;H;1,86;3,42;5,09;1,8;3,34;4,71
2017;2017-11-05;Gremio;Flamengo RJ;3;1;H;2,38;3,16;3,49;2,28;3,01;3,37
2017;2017-11-05;Bahia;Ponte Preta;2;0;H;1,75;3,69;5,47;1,7;3,48;5,2
2017;2017-11-05;Chapecoense-SC;Sport Recife;1;1;D;2,29;3,33;3,46;2,22;3,23;3,25
2017;2017-11-05;Vasco;Vitoria;1;1;D;2,15;3,49;3,65;2,09;3,3;3,5
2017;2017-11-08;Avai;Bahia;1;2;A;2,9;3,17;2,75;2,74;3,04;2,67
2017;2017-11-08;Ponte Preta;Gremio;0;1;A;2,3;3,22;3,57;2,25;3,05;3,39
2017;2017-11-08;Athletico-PR;Corinthians;0;1;A;2,49;3,16;3,25;2,51;3;2,97
2017;2017-11-08;Sport Recife;Botafogo RJ;1;2;A;2,03;3,53;4,01;2;3,37;3,69
2017;2017-11-08;Flamengo RJ;Cruzeiro;2;0;H;1,75;3,75;5,36;1,73;3,52;4,9
2017;2017-11-08;Santos;Vasco;1;2;A;1,57;4,24;6,54;1,55;3,95;5,88
2017;2017-11-08;Vitoria;Palmeiras;3;1;H;2,88;3,51;2,54;2,8;3,28;2,45
2017;2017-11-09;Atletico-MG;Atletico GO;3;2;H;1,33;5,57;10,87;1,3;5,26;9,64
2017;2017-11-09;Sao Paulo;Chapecoense-SC;2;2;D;1,61;3,99;6,53;1,57;3,82;5,95
2017;2017-11-09;Fluminense;Coritiba;2;2;D;1,99;3,5;4,21;1,93;3,37;3,98
2017;2017-11-11;Botafogo RJ;Athletico-PR;0;1;A;2,1;3,38;3,94;2,04;3,21;3,76
2017;2017-11-11;Corinthians;Avai;1;0;H;1,46;4,52;8,37;1,41;4,36;7,83
2017;2017-11-12;Atletico GO;Sport Recife;2;0;H;3,29;3,5;2,3;3,04;3,3;2,3
2017;2017-11-12;Gremio;Vitoria;1;1;D;1,95;3,64;4,16;1,85;3,52;4,17
2017;2017-11-12;Palmeiras;Flamengo RJ;2;0;H;2,03;3,62;3,9;1,97;3,41;3,76
2017;2017-11-12;Vasco;Sao Paulo;1;1;D;3,02;3,29;2,57;2,86;3,1;2,53
2017;2017-11-12;Bahia;Atletico-MG;2;2;D;2,15;3,57;3,57;2,07;3,39;3,47
2017;2017-11-12;Coritiba;Ponte Preta;1;1;D;1,85;3,65;4,76;1,82;3,45;4,39
2017;2017-11-12;Cruzeiro;Fluminense;3;1;H;1,68;3,81;5,96;1,68;3,59;5,18
2017;2017-11-13;Chapecoense-SC;Santos;2;0;H;2,43;3,24;3,28;2,31;3,11;3,19
2017;2017-11-15;Ponte Preta;Athletico-PR;2;1;H;2,12;3,35;3,93;2,08;3,23;3,61
2017;2017-11-15;Cruzeiro;Avai;2;2;D;1,53;4,25;7,23;1,49;4,03;6,83
2017;2017-11-15;Gremio;Sao Paulo;1;0;H;2,04;3,31;4,32;1,98;3,21;4,01
2017;2017-11-15;Corinthians;Fluminense;3;1;H;1,58;4,01;6,93;1,55;3,86;6,13
2017;2017-11-15;Vasco;Atletico-MG;1;1;D;2,77;3,33;2,76;2,64;3,16;2,69
2017;2017-11-16;Botafogo RJ;Atletico GO;1;2;A;1,5;4,43;7,51;1,49;4,09;6,68
2017;2017-11-16;Chapecoense-SC;Vitoria;2;1;H;2,6;3,3;2,96;2,43;3,19;2,92
2017;2017-11-16;Palmeiras;Sport Recife;5;1;H;1,57;4,47;6,09;1,54;4,2;5,61
2017;2017-11-16;Bahia;Santos;3;1;H;1,93;3,53;4,35;1,9;3,44;4,01
2017;2017-11-16;Coritiba;Flamengo RJ;1;0;H;3,11;3,27;2,51;2,92;3,11;2,48
2017;2017-11-19;Atletico GO;Chapecoense-SC;1;1;D;2,5;3,44;2,99;2,45;3,24;2,85
2017;2017-11-19;Flamengo RJ;Corinthians;3;0;H;1,67;3,89;5,88;1,64;3,68;5,44
2017;2017-11-19;Sao Paulo;Botafogo RJ;0;0;D;2,18;3,38;3,71;2,1;3,27;3,52
2017;2017-11-19;Sport Recife;Bahia;1;0;H;1,88;3,98;4,15;1,96;3,57;3,66
2017;2017-11-19;Vitoria;Cruzeiro;1;1;D;1,89;3,76;4,36;1,97;3,46;3,73
2017;2017-11-19;Atletico-MG;Coritiba;3;0;H;1,55;4,42;6,54;1,55;4,08;5,76
2017;2017-11-19;Athletico-PR;Vasco;3;1;H;2,03;3,39;4,21;2,02;3,26;3,79
2017;2017-11-19;Santos;Gremio;1;0;H;1,5;4,4;7,62;1,49;4,07;6,79
2017;2017-11-20;Fluminense;Ponte Preta;2;0;H;1,88;3,46;4,9;1,82;3,42;4,46
2017;2017-11-20;Avai;Palmeiras;2;1;H;4,04;3,56;1,99;3,68;3,48;1,97
2017;2017-11-25;Fluminense;Sport Recife;1;2;A;2,21;3,5;3,49;2,16;3,37;3,25
2017;2017-11-26;Avai;Athletico-PR;1;0;H;2,77;3,4;2,7;2,58;3,2;2,72
2017;2017-11-26;Corinthians;Atletico-MG;2;2;D;2,22;3,56;3,42;2,16;3,35;3,27
2017;2017-11-26;Coritiba;Sao Paulo;1;2;A;2;3,5;4,16;1,95;3,37;3,92
2017;2017-11-26;Cruzeiro;Vasco;0;1;A;1,97;3,52;4,21;1,91;3,47;3,95
2017;2017-11-26;Gremio;Atletico GO;1;1;D;1,78;3,64;5,28;1,73;3,5;4,94
2017;2017-11-26;Ponte Preta;Vitoria;2;3;A;2,18;3,63;3,43;2,12;3,34;3,38
2017;2017-11-26;Bahia;Chapecoense-SC;0;1;A;1,73;4,01;5,04;1,69;3,77;4,82
2017;2017-11-26;Flamengo RJ;Santos;1;2;A;1,61;3,96;6,59;1,62;3,68;5,7
2017;2017-11-27;Palmeiras;Botafogo RJ;2;0;H;1,72;3,91;5,29;1,73;3,68;4,61
2017;2017-12-03;Atletico GO;Fluminense;1;1;D;2,33;3,63;3,12;2,34;3,39;2,91
2017;2017-12-03;Atletico-MG;Gremio;4;3;H;1,27;6,34;12,91;1,24;5,83;11,71
2017;2017-12-03;Athletico-PR;Palmeiras;3;0;H;2,88;3,61;2,49;2,8;3,38;2,41
2017;2017-12-03;Botafogo RJ;Cruzeiro;2;2;D;1,77;3,62;5,44;1,75;3,47;4,83
2017;2017-12-03;Chapecoense-SC;Coritiba;2;1;H;2,18;3,56;3,48;2,11;3,39;3,35
2017;2017-12-03;Santos;Avai;1;1;D;2,05;3,79;3,67;1,98;3,58;3,54
2017;2017-12-03;Sao Paulo;Bahia;1;1;D;1,71;4,07;5,12;1,67;3,8;4,89
2017;2017-12-03;Sport Recife;Corinthians;1;0;H;1,38;5,36;8,71;1,37;4,78;7,73
2017;2017-12-03;Vasco;Ponte Preta;2;1;H;1,36;5,25;10,2;1,33;4,81;9,27
2017;2017-12-03;Vitoria;Flamengo RJ;1;2;A;2,27;3,59;3,27;2,16;3,42;3,24
2018;2018-04-14;Cruzeiro;Gremio;0;1;A;1,96;3,29;4,87;1,98;3,16;4,15
2018;2018-04-14;Vitoria;Flamengo RJ;2;2;D;3,56;3,41;2,22;3,4;3,31;2,14
2018;2018-04-15;Santos;Ceara;2;0;H;1,57;4,13;6,76;1,55;3,88;6,12
2018;2018-04-15;America MG;Sport Recife;3;0;H;1,98;3,35;4,51;1,96;3,27;4,01
2018;2018-04-15;Corinthians;Fluminense;2;1;H;1,67;3,68;6,55;1,62;3,55;6,03
2018;2018-04-15;Internacional;Bahia;2;0;H;1,74;3,53;6,01;1,74;3,42;5,05
2018;2018-04-15;Vasco;Atletico-MG;2;1;H;2,98;3,22;2,64;2,79;3,15;2,57
2018;2018-04-15;Athletico-PR;Chapecoense-SC;5;1;H;2,14;3,25;4,02;2,08;3,17;3,72
2018;2018-04-17;Botafogo RJ;Palmeiras;1;1;D;3,89;3,37;2,12;3,61;3,23;2,08
2018;2018-04-17;Sao Paulo;Parana;1;0;H;1,47;4,35;8,75;1,42;4,19;8,2
2018;2018-04-21;Bahia;Santos;1;0;H;2,31;3,27;3,48;2,26;3,12;3,34
2018;2018-04-21;Flamengo RJ;America MG;2;0;H;1,45;4,58;8,58;1,41;4,43;8
2018;2018-04-22;Parana;Corinthians;0;4;A;4,15;2,96;2,24;3,79;2,96;2,16
2018;2018-04-22;Atletico-MG;Vitoria;2;1;H;1,56;4,33;6,6;1,54;4,02;6,14
2018;2018-04-22;Ceara;Sao Paulo;0;0;D;3,03;3,26;2,58;2,94;3,11;2,47
2018;2018-04-22;Chapecoense-SC;Vasco;1;1;D;1,91;3,47;4,69;1,84;3,4;4,43
2018;2018-04-22;Fluminense;Cruzeiro;1;0;H;2,71;3,22;2,9;2,61;3,11;2,79
2018;2018-04-22;Palmeiras;Internacional;1;0;H;1,63;3,83;6,74;1,6;3,63;6,11
2018;2018-04-22;Gremio;Athletico-PR;0;0;D;1,62;3,83;6,88;1,61;3,61;6,08
2018;2018-04-24;Sport Recife;Botafogo RJ;1;1;D;2,27;3,26;3,59;2,21;3,16;3,38
2018;2018-04-28;Botafogo RJ;Gremio;2;1;H;2,59;3,09;3,17;2,51;3,02;2,97
2018;2018-04-29;Atletico-MG;Corinthians;1;0;H;1,99;3,39;4,37;1,97;3,28;3,96
2018;2018-04-29;Bahia;Athletico-PR;0;0;D;2,03;3,4;4,2;1,99;3,26;3,93
2018;2018-04-29;Ceara;Flamengo RJ;0;3;A;3,32;3,21;2,42;3,21;3,12;2,31
2018;2018-04-29;Fluminense;Sao Paulo;1;1;D;2,55;3,26;3,06;2,44;3,12;2,99
2018;2018-04-29;Palmeiras;Chapecoense-SC;0;0;D;1,33;5,19;12,11;1,31;4,84;10,64
2018;2018-04-29;Parana;Sport Recife;1;2;A;2,29;3,28;3,52;2,21;3,17;3,35
2018;2018-04-29;Internacional;Cruzeiro;0;0;D;1,93;3,28;4,9;1,88;3,22;4,47
2018;2018-05-01;America MG;Vitoria;2;1;H;2,06;3,25;4,22;2,01;3,23;3,88
2018;2018-05-05;Sao Paulo;Atletico-MG;2;2;D;2,09;3,38;3,87;2,04;3,27;3,71
2018;2018-05-05;Vasco;America MG;4;1;H;2,11;3,2;4,07;2,03;3,17;3,9
2018;2018-05-06;Corinthians;Ceara;1;1;D;1,68;3,56;6,45;1,65;3,45;5,81
2018;2018-05-06;Athletico-PR;Palmeiras;1;3;A;3,2;3,25;2,42;2,86;3,09;2,52
2018;2018-05-06;Cruzeiro;Botafogo RJ;1;0;H;1,47;4,43;7,85;1,45;4,13;7,51
2018;2018-05-06;Flamengo RJ;Internacional;2;0;H;1,76;3,58;5,24;1,77;3,41;4,84
2018;2018-05-06;Vitoria;Fluminense;1;2;A;2,07;3,61;3,68;2,05;3,36;3,54
2018;2018-05-06;Gremio;Santos;5;1;H;1,63;3,89;6,16;1,59;3,72;5,91
2018;2018-05-06;Sport Recife;Bahia;2;0;H;2,24;3,39;3,42;2,23;3,21;3,25
2018;2018-05-08;Chapecoense-SC;Parana;1;1;D;1,78;3,43;5,63;1,74;3,34;5,27
2018;2018-05-12;Gremio;Internacional;0;0;D;1,9;3,08;5,5;1,84;3,14;4,91
2018;2018-05-13;Cruzeiro;Sport Recife;2;0;H;1,43;4,69;8,41;1,39;4,49;8,25
2018;2018-05-13;Athletico-PR;Atletico-MG;1;2;A;2,42;3,3;3,16;2,38;3,18;3
2018;2018-05-13;Bahia;Sao Paulo;2;2;D;2,39;3,13;3,39;2,3;3,06;3,27
2018;2018-05-13;Chapecoense-SC;Flamengo RJ;3;2;H;3,08;3,1;2,57;3,07;3,06;2,41
2018;2018-05-13;Corinthians;Palmeiras;1;0;H;3,13;2,96;2,68;2,87;2,97;2,62
2018;2018-05-13;Vasco;Vitoria;2;3;A;1,88;3,58;4,47;1,85;3,46;4,23
2018;2018-05-13;Santos;Parana;3;1;H;1,6;3,75;7,18;1,53;3,83;6,69
2018;2018-05-15;Botafogo RJ;Fluminense;2;1;H;2,58;3,1;3,09;2,43;3,12;2,99
2018;2018-05-15;Ceara;America MG;2;2;D;1,98;3,42;4,24;1,95;3,25;4,04
2018;2018-05-19;Atletico-MG;Cruzeiro;1;0;H;2,01;3,43;4,12;1,98;3,29;3,89
2018;2018-05-19;Flamengo RJ;Vasco;1;1;D;1,62;3,99;6,09;1,59;3,86;5,62
2018;2018-05-20;Palmeiras;Bahia;3;0;H;1,4;4,62;9,45;1,39;4,41;8,44
2018;2018-05-20;Vitoria;Ceara;2;1;H;1,96;3,51;4,19;1,9;3,43;4,06
2018;2018-05-20;America MG;Botafogo RJ;1;0;H;2,32;3,22;3,42;2,24;3,19;3,25
2018;2018-05-20;Parana;Gremio;0;0;D;4,94;3,55;1,83;4,65;3,32;1,82
2018;2018-05-20;Sao Paulo;Santos;1;0;H;2,08;3,28;4,01;2,04;3,24;3,77
2018;2018-05-20;Sport Recife;Corinthians;1;1;D;2;3,35;4,26;1,97;3,19;4,08
2018;2018-05-20;Fluminense;Athletico-PR;2;0;H;1,93;3,51;4,35;1,91;3,41;4,03
2018;2018-05-22;Internacional;Chapecoense-SC;3;0;H;1,64;3,7;6,52;1,63;3,52;5,98
2018;2018-05-26;Fluminense;Chapecoense-SC;3;1;H;1,91;3,28;4,85;1,88;3,21;4,49
2018;2018-05-26;Palmeiras;Sport Recife;2;3;A;1,36;4,94;10,52;1,34;4,73;9,22
2018;2018-05-27;Atletico-MG;Flamengo RJ;0;1;A;1,95;3,43;4,23;1,89;3,39;4,13
2018;2018-05-27;Parana;Athletico-PR;0;0;D;2,61;3,13;3,02;2,56;3,02;2,91
2018;2018-05-27;Bahia;Vasco;3;0;H;1,69;3,82;5,58;1,69;3,68;4,99
2018;2018-05-27;Botafogo RJ;Vitoria;1;1;D;1,87;3,86;4,18;1,84;3,62;4,07
2018;2018-05-27;Internacional;Corinthians;2;1;H;1,84;3,34;5,22;1,81;3,28;4,82
2018;2018-05-27;Santos;Cruzeiro;0;1;A;2,83;3,22;2,74;2,77;3,05;2,66
2018;2018-05-27;America MG;Sao Paulo;1;3;A;3,12;3,05;2,6;2,98;2,96;2,55
2018;2018-05-27;Ceara;Gremio;0;1;A;3,82;3,15;2,2;3,61;3,03;2,18
2018;2018-05-30;Sport Recife;Atletico-MG;3;2;H;2,75;3,3;2,75;2,67;3,17;2,65
2018;2018-05-30;Vasco;Parana;1;0;H;1,97;3,21;4,65;1,94;3,14;4,29
2018;2018-05-30;Vitoria;Internacional;2;3;A;3,43;3,17;2,35;3,27;3,13;2,27
2018;2018-05-31;Chapecoense-SC;Ceara;2;0;H;1,93;3,35;4,62;1,9;3,25;4,34
2018;2018-05-31;Sao Paulo;Botafogo RJ;3;2;H;1,63;3,76;6,48;1,6;3,66;6
2018;2018-05-31;Cruzeiro;Palmeiras;1;0;H;2,08;3,39;3,88;2,05;3,29;3,64
2018;2018-05-31;Gremio;Fluminense;0;0;D;1,4;4,92;8,72;1,38;4,49;8,32
2018;2018-05-31;Flamengo RJ;Bahia;2;0;H;1,41;4,42;10,02;1,41;4,15;8,6
2018;2018-05-31;Corinthians;America MG;1;0;H;1,55;3,94;7,63;1,52;3,8;7
2018;2018-06-01;Athletico-PR;Santos;2;0;H;2,31;3,36;3,3;2,28;3,24;3,14
2018;2018-06-02;Atletico-MG;Chapecoense-SC;3;3;D;1,56;3,96;7,25;1,54;3,82;6,48
2018;2018-06-02;Internacional;Sport Recife;0;0;D;1,43;4,57;8,87;1,41;4,31;8,06
2018;2018-06-02;Vasco;Botafogo RJ;1;2;A;2,39;3,34;3,16;2,41;3,2;2,95
2018;2018-06-03;Palmeiras;Sao Paulo;3;1;H;2,08;3,3;4,03;2,02;3,26;3,8
2018;2018-06-03;America MG;Athletico-PR;3;1;H;2,32;3,42;3,23;2,3;3,22;3,11
2018;2018-06-03;Bahia;Gremio;0;2;A;3,14;2,99;2,63;2,98;2,94;2,55
2018;2018-06-03;Flamengo RJ;Corinthians;1;0;H;1,78;3,48;5,43;1,74;3,42;5,09
2018;2018-06-03;Santos;Vitoria;5;2;H;1,56;4,34;6,17;1,56;4;5,79
2018;2018-06-03;Ceara;Cruzeiro;0;1;A;4,79;3,32;1,91;4,36;3,24;1,89
2018;2018-06-05;Parana;Fluminense;2;1;H;2,54;3,23;3,03;2,51;3,05;2,94
2018;2018-06-06;Sao Paulo;Internacional;0;0;D;2,31;3,08;3,64;2,21;2,99;3,56
2018;2018-06-06;Botafogo RJ;Ceara;0;0;D;1,59;3,9;6,82;1,59;3,67;6,14
2018;2018-06-06;Vitoria;Chapecoense-SC;1;0;H;2,02;3,66;3,79;1,99;3,46;3,68
2018;2018-06-07;Corinthians;Santos;1;1;D;2,02;3,33;4,2;2,03;3,13;3,9
2018;2018-06-07;Sport Recife;Athletico-PR;1;0;H;2,06;3,55;3,75;2,03;3,38;3,61
2018;2018-06-07;Cruzeiro;Vasco;1;1;D;1,34;4,87;12,12;1,34;4,53;10,44
2018;2018-06-07;Gremio;Palmeiras;0;2;A;2,03;3,19;4,41;2;3,12;4,03
2018;2018-06-08;Fluminense;Flamengo RJ;0;2;A;4,8;3,23;1,94;4,45;3,2;1,89
2018;2018-06-08;Parana;Bahia;1;0;H;2,5;3,08;3,24;2,47;2,93;3,13
2018;2018-06-08;America MG;Atletico-MG;1;3;A;4,58;3,47;1,9;4,27;3,41;1,86
2018;2018-06-09;Athletico-PR;Sao Paulo;0;1;A;2,87;3,17;2,71;2,76;3,08;2,65
2018;2018-06-09;Chapecoense-SC;Cruzeiro;2;0;H;3,58;3,17;2,28;3,49;3,01;2,23
2018;2018-06-09;Vasco;Sport Recife;3;2;H;1,93;3,38;4,61;1,91;3,28;4,21
2018;2018-06-10;Corinthians;Vitoria;0;0;D;1,83;3,43;5,18;1,8;3,38;4,69
2018;2018-06-10;Atletico-MG;Fluminense;5;2;H;1,59;4,03;6,37;1,56;3,89;5,93
2018;2018-06-10;Bahia;Botafogo RJ;3;3;D;1,85;3,63;4,64;1,83;3,44;4,41
2018;2018-06-10;Ceara;Palmeiras;2;2;D;5,73;3,62;1,71;5,33;3,49;1,69
2018;2018-06-10;Gremio;America MG;1;0;H;1,32;4,99;13,01;1,33;4,62;10,59
2018;2018-06-10;Flamengo RJ;Parana;2;0;H;1,32;4,96;13,52;1,29;4,77;12,3
2018;2018-06-10;Santos;Internacional;1;2;A;2,38;3,13;3,4;2,28;3,1;3,29
2018;2018-06-13;Sao Paulo;Vitoria;3;0;H;1,42;4,74;8,44;1,4;4,56;7,64
2018;2018-06-13;America MG;Chapecoense-SC;0;0;D;2,18;3,2;3,8;2,12;3,16;3,6
2018;2018-06-13;Fluminense;Santos;0;1;A;2,69;3,21;2,87;2,57;3,16;2,77
2018;2018-06-13;Parana;Cruzeiro;1;1;D;3,95;3;2,24;3,74;2,96;2,17
2018;2018-06-13;Sport Recife;Gremio;0;0;D;3,31;3,13;2,43;3,11;2,98;2,44
2018;2018-06-14;Botafogo RJ;Athletico-PR;2;0;H;2,04;3,33;4,13;2,01;3,22;3,86
2018;2018-06-14;Palmeiras;Flamengo RJ;1;1;D;2,15;3,21;3,92;2,05;3,23;3,72
2018;2018-06-14;Atletico-MG;Ceara;2;1;H;1,31;5,71;10,79;1,29;5,32;10,03
2018;2018-06-14;Bahia;Corinthians;1;0;H;1,86;3,53;4,73;1,85;3,36;4,36
2018;2018-06-14;Internacional;Vasco;3;1;H;1,49;4,35;7,67;1,46;4,1;7,29
2018;2018-07-18;Ceara;Sport Recife;1;0;H;2,52;3,22;3,07;2,45;3,07;3,01
2018;2018-07-19;Vitoria;Parana;1;0;H;1,91;3,41;4,63;1,88;3,33;4,3
2018;2018-07-19;Corinthians;Botafogo RJ;2;0;H;1,93;3,4;4,5;1,92;3,28;4,18
2018;2018-07-19;Flamengo RJ;Sao Paulo;0;1;A;2;3,43;4,16;2,01;3,25;3,85
2018;2018-07-19;Gremio;Atletico-MG;2;0;H;1,6;3,98;6,43;1,6;3,7;5,91
2018;2018-07-19;Chapecoense-SC;Bahia;1;1;D;2,04;3,08;4,57;2,02;3,03;4,16
2018;2018-07-19;Cruzeiro;America MG;3;1;H;1,52;3,89;8,41;1,48;4;7,32
2018;2018-07-20;Santos;Palmeiras;1;1;D;2,61;3,27;2,91;2,57;3,13;2,8
2018;2018-07-20;Vasco;Fluminense;1;1;D;2,29;3,27;3,45;2,25;3,18;3,25
2018;2018-07-20;Athletico-PR;Internacional;2;2;D;2,66;3,11;2,98;2,61;2,95;2,89
2018;2018-07-21;Flamengo RJ;Botafogo RJ;2;0;H;1,69;3,58;6,16;1,67;3,51;5,49
2018;2018-07-22;Sao Paulo;Corinthians;3;1;H;2,11;3,1;4,22;2,05;3,08;3,95
2018;2018-07-22;Bahia;Vitoria;4;1;H;1,84;3,71;4,57;1,84;3,49;4,28
2018;2018-07-22;Palmeiras;Atletico-MG;3;2;H;1,56;4,27;6,28;1,55;4,02;5,85
2018;2018-07-22;Parana;America MG;1;0;H;2,35;3,15;3,44;2,29;2,99;3,4
2018;2018-07-22;Sport Recife;Fluminense;1;2;A;2,21;3,34;3,55;2,1;3,25;3,57
2018;2018-07-22;Vasco;Gremio;1;0;H;3,91;3,06;2,22;3,64;3,02;2,17
2018;2018-07-22;Chapecoense-SC;Santos;0;0;D;2,73;3,21;2,81;2,78;3,05;2,64
2018;2018-07-22;Cruzeiro;Athletico-PR;2;1;H;1,45;4,26;9,28;1,44;4,11;7,92
2018;2018-07-24;Internacional;Ceara;1;0;H;1,49;3,98;8,94;1,47;3,97;7,58
2018;2018-07-25;Fluminense;Palmeiras;1;0;H;3,39;3,39;2,26;3,27;3,27;2,2
2018;2018-07-26;Atletico-MG;Parana;2;0;H;1,49;4,18;8,16;1,47;4,17;6,94
2018;2018-07-26;Corinthians;Cruzeiro;2;0;H;3,41;3,03;2,44;3,31;2,93;2,36
2018;2018-07-26;Santos;Flamengo RJ;1;1;D;2,8;3,14;2,8;2,75;3,03;2,69
2018;2018-07-26;Botafogo RJ;Chapecoense-SC;1;0;H;1,83;3,44;5,15;1,83;3,29;4,67
2018;2018-07-26;Gremio;Sao Paulo;2;1;H;1,88;3,33;5;1,9;3,17;4,49
2018;2018-07-26;Vitoria;Sport Recife;1;0;H;2,24;3,52;3,31;2,19;3,31;3,24
2018;2018-07-27;America MG;Internacional;2;1;H;3,03;3,07;2,65;2,97;3,03;2,5
2018;2018-07-28;Ceara;Fluminense;1;0;H;2,62;3,27;2,9;2,61;3,09;2,77
2018;2018-07-29;Palmeiras;Parana;3;0;H;1,32;4,99;13,55;1,31;4,85;10,39
2018;2018-07-29;Vasco;Corinthians;1;4;A;2,88;3,06;2,79;2,81;2,99;2,66
2018;2018-07-29;Athletico-PR;Vitoria;4;0;H;1,67;4,21;5,14;1,66;3,92;4,85
2018;2018-07-29;Cruzeiro;Sao Paulo;0;2;A;1,7;3,79;5,56;1,69;3,55;5,23
2018;2018-07-29;Flamengo RJ;Sport Recife;4;1;H;1,39;4,69;10,07;1,38;4,39;8,8
2018;2018-07-29;Internacional;Botafogo RJ;3;0;H;1,56;4;7;1,56;3,79;6,29
2018;2018-07-29;Chapecoense-SC;Gremio;1;1;D;2,43;3,01;3,46;2,38;2,88;3,33
2018;2018-07-29;Santos;America MG;0;1;A;1,47;4,17;9,04;1,45;4,07;7,57
2018;2018-07-31;Bahia;Atletico-MG;2;2;D;2,23;3,43;3,42;2,22;3,33;3,19
2018;2018-08-04;Botafogo RJ;Santos;0;0;D;2,81;3,14;2,79;2,71;3,07;2,7
2018;2018-08-04;Gremio;Flamengo RJ;2;0;H;3,28;2,86;2,64;3,1;2,8;2,59
2018;2018-08-05;Corinthians;Athletico-PR;0;0;D;2,35;3,09;3,53;2,26;3,03;3,41
2018;2018-08-05;America MG;Palmeiras;0;0;D;3,37;3,2;2,36;3,23;3,13;2,29
2018;2018-08-05;Parana;Ceara;0;1;A;2,13;3,11;4,13;2,07;3,03;3,97
2018;2018-08-05;Sao Paulo;Vasco;2;1;H;1,44;4,37;9,1;1,41;4,2;8,23
2018;2018-08-05;Vitoria;Cruzeiro;1;1;D;2,67;3,24;2,85;2,56;3,16;2,77
2018;2018-08-05;Fluminense;Bahia;1;1;D;2,05;3,36;4,04;2,03;3,23;3,82
2018;2018-08-05;Sport Recife;Chapecoense-SC;1;1;D;2,07;3,04;4,52;2;3,08;4,12
2018;2018-08-07;Atletico-MG;Internacional;0;1;A;2,31;3,35;3,33;2,21;3,28;3,23
2018;2018-08-08;Ceara;Santos;1;1;D;3,08;3,11;2,59;3,06;3;2,46
2018;2018-08-11;Ceara;Athletico-PR;0;0;D;2,26;3,34;3,43;2,26;3,1;3,34
2018;2018-08-11;Bahia;America MG;1;0;H;1,63;3,88;6,22;1,62;3,69;5,68
2018;2018-08-12;Atletico-MG;Santos;3;1;H;2,11;3,26;3,96;1,96;3,41;3,85
2018;2018-08-12;Parana;Botafogo RJ;1;1;D;2,77;3,04;2,92;2,69;2,94;2,84
2018;2018-08-12;Chapecoense-SC;Corinthians;2;1;H;1,89;3,36;4,82;1,89;3,21;4,55
2018;2018-08-12;Flamengo RJ;Cruzeiro;1;0;H;1,7;3,44;6,51;1,68;3,41;5,72
2018;2018-08-12;Sport Recife;Sao Paulo;1;3;A;3,07;3,17;2,55;3,04;3,12;2,4
2018;2018-08-12;Gremio;Vitoria;4;0;H;1,66;3,86;5,8;1,65;3,62;5,51
2018;2018-08-12;Palmeiras;Vasco;1;0;H;1,62;4,06;5,91;1,61;3,82;5,52
2018;2018-08-14;Fluminense;Internacional;0;3;A;2,65;3,09;3,01;2,59;2,98;2,9
2018;2018-08-18;Santos;Sport Recife;3;0;H;1,51;4,37;7,04;1,51;4,02;6,61
2018;2018-08-18;Corinthians;Gremio;0;1;A;3,62;2,98;2,38;3,32;2,83;2,44
2018;2018-08-19;Athletico-PR;Flamengo RJ;3;0;H;2,53;3,25;3,03;2,53;3,08;2,88
2018;2018-08-19;Internacional;Parana;1;0;H;1,44;4,26;9,42;1,41;4,22;8,32
2018;2018-08-19;Botafogo RJ;Atletico-MG;0;3;A;2,41;3,37;3,1;2,31;3,29;3,04
2018;2018-08-19;Cruzeiro;Bahia;1;1;D;1,47;4,02;9,85;1,44;3,94;8,48
2018;2018-08-19;Vitoria;Palmeiras;0;3;A;3,47;3,5;2,18;3,35;3,36;2,13
2018;2018-08-19;America MG;Fluminense;0;0;D;2,49;3,2;3,14;2,39;3,08;3,11
2018;2018-08-19;Sao Paulo;Chapecoense-SC;2;0;H;1,68;3,42;6,88;1,6;3,55;6,49
2018;2018-08-21;Vasco;Ceara;1;1;D;1,7;3,52;6,25;1,68;3,43;5,59
2018;2018-08-22;Bahia;Internacional;0;1;A;2,67;2,93;3,13;2,59;2,88;2,99
2018;2018-08-22;Parana;Sao Paulo;1;1;D;4,82;3,23;1,96;4,45;3,21;1,9
2018;2018-08-23;Palmeiras;Botafogo RJ;2;0;H;1,39;4,66;9,92;1,37;4,58;8,68
2018;2018-08-23;Sport Recife;America MG;0;2;A;1,94;3,26;4,72;1,92;3,23;4,27
2018;2018-08-23;Fluminense;Corinthians;1;0;H;2,16;3,14;4,02;2,1;3,06;3,83
2018;2018-08-23;Gremio;Cruzeiro;1;1;D;1,88;3,1;5,51;1,86;3,08;4,89
2018;2018-08-23;Flamengo RJ;Vitoria;1;0;H;1,28;5,57;13,69;1,29;5,19;10,83
2018;2018-08-24;Atletico-MG;Vasco;0;0;D;1,48;4,47;7,57;1,46;4,26;6,93
2018;2018-08-25;Santos;Bahia;2;0;H;1,83;3,43;5,13;1,81;3,32;4,76
2018;2018-08-25;Athletico-PR;Gremio;2;1;H;2,13;3,13;4,11;2,03;3,1;3,98
2018;2018-08-25;Corinthians;Parana;1;0;H;1,7;3,35;6,78;1,69;3,29;6,02
2018;2018-08-26;Botafogo RJ;Sport Recife;2;0;H;1,76;3,71;5,1;1,76;3,47;4,79
2018;2018-08-26;Cruzeiro;Fluminense;2;1;H;1,58;3,97;6,78;1,58;3,7;6,23
2018;2018-08-26;Sao Paulo;Ceara;1;0;H;1,41;4,49;9,86;1,38;4,4;9,07
2018;2018-08-26;America MG;Flamengo RJ;2;2;D;4,43;3,37;1,96;4,14;3,16;1,98
2018;2018-08-26;Internacional;Palmeiras;0;0;D;2,11;3,25;3,95;2,1;3,13;3,69
2018;2018-08-26;Vitoria;Atletico-MG;1;0;H;3,29;3,74;2,16;3,17;3,48;2,16
2018;2018-08-26;Vasco;Chapecoense-SC;3;1;H;1,98;3,32;4,42;1,94;3,17;4,29
2018;2018-08-29;Athletico-PR;Vasco;1;0;H;1,61;3,95;6,26;1,62;3,74;5,64
2018;2018-08-29;Ceara;Bahia;0;2;A;2,54;3,06;3,19;2,52;2,91;3,09
2018;2018-09-01;Gremio;Botafogo RJ;4;0;H;1,43;4,45;9,4;1,42;4,17;8,39
2018;2018-09-01;Vitoria;America MG;1;0;H;2,11;3,24;4;2,01;3,2;3,97
2018;2018-09-01;Vasco;Santos;0;3;A;2,6;3,09;3,08;2,56;3;2,94
2018;2018-09-02;Corinthians;Atletico-MG;1;1;D;2,95;3,27;2,58;2,86;3,12;2,54
2018;2018-09-02;Flamengo RJ;Ceara;0;1;A;1,33;4,99;12,24;1,34;4,6;10,14
2018;2018-09-02;Athletico-PR;Bahia;2;0;H;1,87;3,49;4,71;1,84;3,39;4,46
2018;2018-09-02;Sao Paulo;Fluminense;1;1;D;1,63;3,73;6,72;1,61;3,62;6,15
2018;2018-09-02;Sport Recife;Parana;1;0;H;1,85;3,39;5,09;1,86;3,27;4,57
2018;2018-09-02;Chapecoense-SC;Palmeiras;1;2;A;3,74;3,1;2,25;3,61;2,97;2,22
2018;2018-09-02;Cruzeiro;Internacional;0;0;D;2,04;3,11;4,48;2,04;3,03;4,11
2018;2018-09-05;Bahia;Sport Recife;2;0;H;1,65;3,83;6,01;1,64;3,6;5,66
2018;2018-09-05;Botafogo RJ;Cruzeiro;1;1;D;3,27;2,99;2,57;3,11;2,96;2,49
2018;2018-09-06;Ceara;Corinthians;2;1;H;2,32;3,06;3,61;2,26;2,96;3,55
2018;2018-09-06;Palmeiras;Athletico-PR;2;0;H;1,55;3,8;8,05;1,52;3,78;7,18
2018;2018-09-06;Parana;Chapecoense-SC;1;1;D;2,49;2,91;3,49;2,39;2,87;3,35
2018;2018-09-06;Atletico-MG;Sao Paulo;1;0;H;2,11;3,54;3,66;2,11;3,29;3,53
2018;2018-09-06;Internacional;Flamengo RJ;2;1;H;2,08;3;4,59;2,04;3,03;4,11
2018;2018-09-06;Fluminense;Vitoria;0;0;D;1,73;3,59;5,67;1,73;3,47;5,09
2018;2018-09-06;Santos;Gremio;0;0;D;2,69;2,82;3,27;2,57;2,84;3,09
2018;2018-09-07;America MG;Vasco;2;1;H;2,73;3,05;2,96;2,65;2,95;2,87
2018;2018-09-08;Sport Recife;Cruzeiro;0;0;D;3,69;3;2,34;3,5;2,91;2,29
2018;2018-09-08;Sao Paulo;Bahia;1;0;H;1,75;3,25;6,5;1,71;3,3;5,72
2018;2018-09-09;Flamengo RJ;Chapecoense-SC;2;0;H;1,52;3,94;8,3;1,5;3,8;7,34
2018;2018-09-09;America MG;Ceara;0;0;D;1,99;3,28;4,45;1,94;3,23;4,19
2018;2018-09-09;Fluminense;Botafogo RJ;1;0;H;2,46;3,13;3,25;2,47;3;3,05
2018;2018-09-09;Internacional;Gremio;1;0;H;2,55;2,86;3,43;2,5;2,77;3,3
2018;2018-09-09;Palmeiras;Corinthians;1;0;H;1,64;3,61;6,88;1,58;3,59;6,66
2018;2018-09-09;Parana;Santos;0;2;A;3,62;3;2,36;3,43;2,95;2,31
2018;2018-09-09;Vitoria;Vasco;1;0;H;2,34;3,27;3,34;2,26;3,16;3,28
2018;2018-09-11;Atletico-MG;Athletico-PR;3;1;H;1,98;3,31;4,45;1,93;3,28;4,18
2018;2018-09-14;Chapecoense-SC;Athletico-PR;2;1;H;3,09;2,89;2,75;2,89;2,83;2,75
2018;2018-09-15;Ceara;Vitoria;2;0;H;1,89;3,41;4,58;1,92;3,26;4,24
2018;2018-09-15;Gremio;Parana;2;0;H;1,55;3,8;7,48;1,52;3,78;7,29
2018;2018-09-15;Vasco;Flamengo RJ;1;1;D;5,41;3,69;1,71;5,13;3,49;1,72
2018;2018-09-16;Botafogo RJ;America MG;1;0;H;1,71;3,47;6;1,66;3,56;5,71
2018;2018-09-16;Athletico-PR;Fluminense;3;1;H;1,61;3,95;6,07;1,62;3,75;5,65
2018;2018-09-16;Bahia;Palmeiras;1;1;D;2,98;3,09;2,63;2,94;2,98;2,57
2018;2018-09-16;Cruzeiro;Atletico-MG;0;0;D;2,69;3,13;2,87;2,76;3,04;2,7
2018;2018-09-16;Santos;Sao Paulo;0;0;D;2,42;3,09;3,37;2,37;3;3,25
2018;2018-09-16;Corinthians;Sport Recife;2;1;H;1,64;3,65;6,44;1,63;3,51;6,21
2018;2018-09-18;Chapecoense-SC;Internacional;2;1;H;3,85;3,03;2,22;3,69;2,98;2,19
2018;2018-09-22;Sao Paulo;America MG;1;1;D;1,44;4,12;10,23;1,43;4,02;8,87
2018;2018-09-23;Gremio;Ceara;3;2;H;1,34;4,56;14;1,35;4,26;11,64
2018;2018-09-23;Athletico-PR;Parana;3;0;H;1,52;4,21;7,15;1,5;3,95;6,96
2018;2018-09-23;Corinthians;Internacional;1;1;D;2,78;2,92;2,98;2,69;2,86;2,92
2018;2018-09-23;Flamengo RJ;Atletico-MG;2;1;H;1,81;3,46;5,08;1,82;3,37;4,62
2018;2018-09-23;Sport Recife;Palmeiras;0;1;A;4,62;3,45;1,88;4,4;3,33;1,87
2018;2018-09-23;Vitoria;Botafogo RJ;3;4;A;2,87;3,14;2,71;2,72;3,02;2,75
2018;2018-09-23;Cruzeiro;Santos;2;1;H;2,43;3,01;3,41;2,42;2,91;3,26
2018;2018-09-25;Chapecoense-SC;Fluminense;1;2;A;2,28;3,07;3,67;2,21;3,04;3,57
2018;2018-09-25;Vasco;Bahia;2;1;H;2,06;3,44;3,84;2,05;3,24;3,79
2018;2018-09-28;Santos;Vasco;1;1;D;1,51;3,95;8,22;1,47;3,95;7,66
2018;2018-09-29;Fluminense;Gremio;0;1;A;3;3,11;2,67;2,82;2,95;2,7
2018;2018-09-29;America MG;Corinthians;0;0;D;2,41;2,98;3,56;2,35;2,87;3,44
2018;2018-09-30;Bahia;Flamengo RJ;0;0;D;2,78;3,18;2,81;2,72;3,05;2,71
2018;2018-09-30;Palmeiras;Cruzeiro;3;1;H;1,61;3,67;6,86;1,58;3,59;6,57
2018;2018-09-30;Atletico-MG;Sport Recife;5;2;H;1,35;4,86;10,67;1,35;4,69;9,09
2018;2018-09-30;Botafogo RJ;Sao Paulo;2;2;D;2,71;3,15;2,9;2,65;3,04;2,79
2018;2018-09-30;Internacional;Vitoria;2;1;H;1,32;5,15;11,04;1,31;4,97;9,95
2018;2018-09-30;Santos;Athletico-PR;1;0;H;1,96;3,32;4,52;1,93;3,23;4,23
2018;2018-09-30;Ceara;Chapecoense-SC;3;1;H;2,13;3,01;4,31;2,08;2,98;4,07
2018;2018-10-02;Parana;Vasco;1;1;D;2,96;3,04;2,75;2,89;2,91;2,65
2018;2018-10-05;Sport Recife;Internacional;2;1;H;4,24;3,41;1,99;4,04;3,27;1,96
2018;2018-10-06;Corinthians;Flamengo RJ;0;3;A;3,06;2,94;2,75;2,95;2,87;2,64
2018;2018-10-06;Vitoria;Santos;0;1;A;3,89;3,33;2,11;3,67;3,19;2,09
2018;2018-10-06;Athletico-PR;America MG;4;0;H;1,46;4,31;8,18;1,44;4,06;7,94
2018;2018-10-06;Chapecoense-SC;Atletico-MG;1;0;H;2,97;3,02;2,76;2,86;3,01;2,62
2018;2018-10-06;Sao Paulo;Palmeiras;0;2;A;2,76;2,92;3,07;2,66;2,89;2,91
2018;2018-10-07;Gremio;Bahia;2;2;D;1,37;4,68;10,04;1,36;4,41;9,83
2018;2018-10-09;Fluminense;Parana;4;0;H;1,53;3,67;8,78;1,5;3,72;7,67
2018;2018-10-10;Botafogo RJ;Vasco;1;1;D;2,18;3,11;3,96;2,15;3,09;3,65
2018;2018-10-13;Flamengo RJ;Fluminense;3;0;H;1,7;3,65;5,7;1,69;3,53;5,35
2018;2018-10-13;Santos;Corinthians;1;0;H;1,48;4,09;8,3;1,47;3,82;7,99
2018;2018-10-14;Bahia;Parana;2;0;H;1,36;4,45;12,22;1,36;4,3;9,98
2018;2018-10-14;Chapecoense-SC;Vitoria;0;1;A;1,83;3,33;5,28;1,81;3,28;4,86
2018;2018-10-14;Internacional;Sao Paulo;3;1;H;1,93;3,19;4,88;1,9;3,18;4,49
2018;2018-10-14;Palmeiras;Gremio;2;0;H;1,94;3,06;5,21;1,91;3,05;4,73
2018;2018-10-14;Vasco;Cruzeiro;2;0;H;2,22;3,15;3,81;2,16;3,07;3,61
2018;2018-10-14;Atletico-MG;America MG;0;0;D;1,59;3,95;6,47;1,55;3,87;6,21
2018;2018-10-14;Athletico-PR;Sport Recife;4;0;H;1,34;4,91;10,66;1,34;4,81;9,11
2018;2018-10-16;Ceara;Botafogo RJ;0;0;D;2,11;3,28;3,95;2,09;3,16;3,7
2018;2018-10-20;America MG;Gremio;1;1;D;2,8;3,03;2,91;2,73;2,92;2,83
2018;2018-10-20;Botafogo RJ;Bahia;0;1;A;2,41;2,95;3,61;2,29;2,98;3,47
2018;2018-10-20;Sao Paulo;Athletico-PR;0;0;D;2,18;3,08;4,01;2,15;3,03;3,7
2018;2018-10-20;Sport Recife;Vasco;2;1;H;2,77;3,17;2,83;2,69;3,11;2,7
2018;2018-10-21;Fluminense;Atletico-MG;1;0;H;2,51;3,26;3,07;2,47;3,14;2,93
2018;2018-10-21;Palmeiras;Ceara;2;1;H;1,39;4,41;10,51;1,39;4,21;9,3
2018;2018-10-21;Vitoria;Corinthians;2;2;D;2,45;3,03;3,42;2,41;2,93;3,27
2018;2018-10-21;Cruzeiro;Chapecoense-SC;3;0;H;1,57;3,96;6,73;1,56;3,72;6,45
2018;2018-10-21;Parana;Flamengo RJ;0;4;A;7,98;3,99;1,51;7,59;3,83;1,49
2018;2018-10-23;Internacional;Santos;2;2;D;1,81;3,41;5,3;1,81;3,25;4,91
2018;2018-10-24;Cruzeiro;Ceara;0;2;A;1,63;3,66;6,73;1,61;3,61;6,08
2018;2018-10-26;Vitoria;Sao Paulo;0;1;A;3,2;3,26;2,42;3,12;3,18;2,32
2018;2018-10-27;Vasco;Internacional;1;1;D;3,11;3,38;2,42;3,01;3,21;2,38
2018;2018-10-27;Gremio;Sport Recife;3;4;A;1,63;3,89;6,05;1,6;3,75;5,73
2018;2018-10-27;Santos;Fluminense;3;0;H;1,38;4,58;9,98;1,36;4,43;9,73
2018;2018-10-27;Chapecoense-SC;America MG;1;0;H;2;3,16;4,59;1,98;3,1;4,25
2018;2018-10-27;Corinthians;Bahia;2;1;H;2,21;2,94;4,18;2,08;3;4,01
2018;2018-10-27;Flamengo RJ;Palmeiras;1;1;D;2,22;3,08;3,89;2,15;3,06;3,7
2018;2018-10-28;Athletico-PR;Botafogo RJ;2;1;H;1,9;3,28;4,92;1,88;3,32;4,45
2018;2018-10-28;Cruzeiro;Parana;3;1;H;1,29;5,46;11,38;1,3;5,13;10,36
2018;2018-10-29;Ceara;Atletico-MG;2;1;H;2,46;3,19;3,22;2,4;3,1;3,07
2018;2018-11-03;Atletico-MG;Gremio;0;1;A;2,21;3,24;3,7;2,17;3,17;3,46
2018;2018-11-03;Fluminense;Vasco;0;1;A;2,82;3,15;2,79;2,79;3,07;2,64
2018;2018-11-03;Palmeiras;Santos;3;2;H;1,94;3,34;4,57;1,91;3,22;4,32
2018;2018-11-04;America MG;Cruzeiro;1;2;A;4,15;3,04;2,16;3,94;2,96;2,11
2018;2018-11-04;Botafogo RJ;Corinthians;1;0;H;2,09;3,13;4,26;2,05;3,08;3,97
2018;2018-11-04;Parana;Vitoria;1;1;D;3,28;3,13;2,46;3,2;3,06;2,35
2018;2018-11-04;Sao Paulo;Flamengo RJ;2;2;D;2,9;3,16;2,71;2,8;3,04;2,64
2018;2018-11-04;Bahia;Chapecoense-SC;1;0;H;1,64;3,66;6,48;1,64;3,5;5,86
2018;2018-11-04;Internacional;Athletico-PR;2;1;H;1,52;4,01;7,59;1,51;3,88;6,94
2018;2018-11-05;Sport Recife;Ceara;1;0;H;2,24;3,14;3,75;2,19;3,11;3,49
2018;2018-11-10;America MG;Parana;0;1;A;1,46;4,05;9,17;1,45;3,96;8,1
2018;2018-11-10;Corinthians;Sao Paulo;1;1;D;2,57;3,03;3,21;2,52;2,95;3,03
2018;2018-11-10;Athletico-PR;Cruzeiro;2;0;H;2,1;3,21;4,1;2,07;3,18;3,78
2018;2018-11-10;Botafogo RJ;Flamengo RJ;2;1;H;4,15;3,54;1,96;4,01;3,37;1,93
2018;2018-11-11;Atletico-MG;Palmeiras;1;1;D;2,68;3,21;2,89;2,61;3,14;2,76
2018;2018-11-11;Ceara;Internacional;1;1;D;2,82;2,98;2,94;2,73;2,94;2,78
2018;2018-11-11;Gremio;Vasco;2;1;H;1,41;4,64;8,74;1,39;4,42;8,5
2018;2018-11-11;Vitoria;Bahia;2;2;D;2,84;3,1;2,81;2,75;3,03;2,69
2018;2018-11-11;Fluminense;Sport Recife;0;0;D;1,92;3,47;4,44;1,88;3,38;4,24
2018;2018-11-12;Santos;Chapecoense-SC;0;1;A;1,66;3,6;6,4;1,6;3,63;6,09
2018;2018-11-14;Vasco;Athletico-PR;1;1;D;3,07;3,05;2,65;2,92;3,04;2,55
2018;2018-11-14;Bahia;Ceara;2;1;H;1,81;3,25;5,7;1,78;3,24;5,18
2018;2018-11-14;Parana;Atletico-MG;0;1;A;7,16;4,05;1,53;6,76;3,86;1,52
2018;2018-11-14;Cruzeiro;Corinthians;1;0;H;2,08;3,07;4,41;2,03;3,03;4,12
2018;2018-11-14;Palmeiras;Fluminense;3;0;H;1,36;4,84;9,98;1,35;4,58;9,32
2018;2018-11-14;Sport Recife;Vitoria;0;0;D;2,04;3,39;4,05;1,99;3,31;3,83
2018;2018-11-15;Chapecoense-SC;Botafogo RJ;0;1;A;2,15;3,07;4,14;2,12;3,02;3,83
2018;2018-11-15;Flamengo RJ;Santos;1;0;H;1,7;3,71;5,56;1,69;3,55;5,27
2018;2018-11-15;Sao Paulo;Gremio;1;1;D;2,91;2,91;2,91;2,81;2,87;2,77
2018;2018-11-15;Internacional;America MG;2;0;H;1,35;4,81;10,75;1,35;4,58;9,24
2018;2018-11-17;Corinthians;Vasco;1;0;H;1,76;3,5;5,47;1,74;3,35;5,18
2018;2018-11-17;Vitoria;Athletico-PR;1;2;A;2,78;3,38;2,67;2,73;3,22;2,57
2018;2018-11-17;Atletico-MG;Bahia;1;0;H;1,72;3,63;5,58;1,71;3,56;5,08
2018;2018-11-18;America MG;Santos;2;1;H;3,37;3,08;2,44;3,34;3,01;2,31
2018;2018-11-18;Botafogo RJ;Internacional;1;0;H;3,04;2,94;2,77;2,9;2,89;2,68
2018;2018-11-18;Parana;Palmeiras;1;1;D;17,68;6,97;1,15;20,23;6,98;1,15
2018;2018-11-18;Sport Recife;Flamengo RJ;0;1;A;3,42;3,32;2,29;3,38;3,21;2,19
2018;2018-11-18;Gremio;Chapecoense-SC;2;0;H;1,49;4,07;8,08;1,46;4,04;7,59
2018;2018-11-18;Sao Paulo;Cruzeiro;1;0;H;2,01;2,97;5,02;1,94;3,05;4,5
2018;2018-11-19;Fluminense;Ceara;0;0;D;1,98;3,18;4,69;1,96;3,13;4,32
2018;2018-11-21;Internacional;Atletico-MG;1;2;A;1,86;3,5;4,75;1,81;3,4;4,58
2018;2018-11-21;Santos;Botafogo RJ;1;1;D;1,95;3,18;4,84;1,91;3,18;4,41
2018;2018-11-21;Athletico-PR;Corinthians;1;0;H;1,47;4,38;7,76;1,45;4,11;7,4
2018;2018-11-21;Cruzeiro;Vitoria;3;0;H;1,73;3,84;5,09;1,68;3,64;5,09
2018;2018-11-21;Flamengo RJ;Gremio;2;0;H;2,2;3,05;4;2,14;3,02;3,75
2018;2018-11-21;Palmeiras;America MG;4;0;H;1,28;5,38;13,05;1,28;5,07;11,43
2018;2018-11-22;Vasco;Sao Paulo;2;0;H;2,51;3,13;3,2;2,43;3,01;3,08
2018;2018-11-22;Bahia;Fluminense;2;0;H;1,62;3,82;6,29;1,59;3,67;6,02
2018;2018-11-22;Ceara;Parana;1;0;H;1,34;5,03;10,38;1,33;4,78;9,7
2018;2018-11-22;Chapecoense-SC;Sport Recife;2;1;H;1,86;3,37;4,99;1,83;3,23;4,78
2018;2018-11-24;Santos;Atletico-MG;3;2;H;2,44;3,18;3,2;2,4;3,08;3,06
2018;2018-11-25;Athletico-PR;Ceara;2;2;D;1,89;3,26;4,84;1,86;3,23;4,57
2018;2018-11-25;Cruzeiro;Flamengo RJ;0;2;A;2,7;3,03;2,97;2,63;2,97;2,87
2018;2018-11-25;Vasco;Palmeiras;0;1;A;4,04;3,14;2,12;3,84;3,15;2,05
2018;2018-11-25;Vitoria;Gremio;0;0;D;4,37;3,7;1,85;4,35;3,51;1,82
2018;2018-11-25;America MG;Bahia;1;0;H;2,09;3,04;4,32;2,03;3,02;4,15
2018;2018-11-25;Corinthians;Chapecoense-SC;0;0;D;2,04;2,99;4,64;2,02;2,95;4,3
2018;2018-11-25;Internacional;Fluminense;2;0;H;1,44;4,45;7,71;1,44;4,22;7,45
2018;2018-11-26;Botafogo RJ;Parana;2;1;H;1,28;5,37;11,43;1,3;5,02;10,26
2018;2018-11-26;Sao Paulo;Sport Recife;0;0;D;1,37;4,8;8,83;1,4;4,42;8,09
2018;2018-12-01;Atletico-MG;Botafogo RJ;1;0;H;1,32;5,32;9,3;1,33;4,92;9,15
2018;2018-12-01;Flamengo RJ;Athletico-PR;1;2;A;1,45;4,67;6,98;1,43;4,47;6,97
2018;2018-12-02;Bahia;Cruzeiro;0;0;D;1,92;3,55;4,21;1,92;3,41;4,02
2018;2018-12-02;Ceara;Vasco;0;0;D;2,41;2,92;3,58;2,33;2,9;3,43
2018;2018-12-02;Chapecoense-SC;Sao Paulo;1;0;H;2,31;3,24;3,39;2,26;3,11;3,31
2018;2018-12-02;Fluminense;America MG;1;0;H;2,18;3,29;3,63;2,16;3,16;3,53
2018;2018-12-02;Gremio;Corinthians;1;0;H;1,3;5,11;11,32;1,31;4,81;10,64
2018;2018-12-02;Palmeiras;Vitoria;3;2;H;1,19;7,39;13,16;1,17;7,15;14,77
2018;2018-12-02;Parana;Internacional;1;1;D;5,14;3,4;1,81;4,85;3,36;1,78
2018;2018-12-02;Sport Recife;Santos;2;1;H;1,64;3,79;5,87;1,61;3,7;5,75
2019;2019-04-27;Sao Paulo;Botafogo RJ;2;0;H;1,78;3,39;5,61;1,74;3,37;5,14
2019;2019-04-27;Atletico-MG;Avai;2;1;H;1,56;4,09;6,46;1,53;3,9;6,34
2019;2019-04-27;Chapecoense-SC;Internacional;2;0;H;3,02;3,03;2,71;2,94;2,94;2,59
2019;2019-04-28;Flamengo RJ;Cruzeiro;3;1;H;2,32;3,2;3,47;2,21;3,12;3,4
2019;2019-04-28;Gremio;Santos;1;2;A;1,71;3,58;5,78;1,71;3,41;5,31
2019;2019-04-28;Athletico-PR;Vasco;4;1;H;1,48;4,1;8,19;1,46;4,02;7,31
2019;2019-04-28;Bahia;Corinthians;3;2;H;2,28;3,14;3,63;2,23;3,06;3,44
2019;2019-04-28;Ceara;CSA;4;0;H;1,88;3,41;4,81;1,84;3,32;4,49
2019;2019-04-28;Fluminense;Goias;0;1;A;1,77;3,68;5,02;1,75;3,49;4,75
2019;2019-04-28;Palmeiras;Fortaleza;4;0;H;1,36;4,98;9,4;1,36;4,66;8,53
2019;2019-05-01;Corinthians;Chapecoense-SC;1;0;H;1,66;3,3;7,5;1,62;3,42;6,38
2019;2019-05-01;CSA;Palmeiras;1;1;D;7,04;3,93;1,56;6,88;3,85;1,51
2019;2019-05-01;Internacional;Flamengo RJ;2;1;H;2,44;3,1;3,34;2,33;3,09;3,17
2019;2019-05-01;Avai;Gremio;1;1;D;3,88;3,16;2,18;3,72;3,11;2,1
2019;2019-05-01;Cruzeiro;Ceara;1;0;H;1,52;3,71;8,93;1,46;3,97;7,58
2019;2019-05-02;Fortaleza;Athletico-PR;2;1;H;3,6;3,27;2,23;3,42;3,09;2,21
2019;2019-05-02;Goias;Sao Paulo;1;2;A;3,1;3,04;2,63;3,03;2,98;2,49
2019;2019-05-02;Vasco;Atletico-MG;1;2;A;3,27;3,3;2,37;3,15;3,17;2,3
2019;2019-05-02;Santos;Fluminense;2;1;H;1,65;3,73;6,13;1,61;3,69;5,64
2019;2019-05-03;Botafogo RJ;Bahia;3;2;H;2,36;3,06;3,57;2,27;3;3,42
2019;2019-05-04;Palmeiras;Internacional;1;0;H;1,61;3,81;6,5;1,6;3,7;5,78
2019;2019-05-04;Vasco;Corinthians;1;1;D;3,26;3,16;2,46;3,1;3,06;2,39
2019;2019-05-05;Ceara;Atletico-MG;1;2;A;2,42;3,18;3,29;2,31;3,12;3,17
2019;2019-05-05;Chapecoense-SC;Athletico-PR;1;1;D;2,64;2,99;3,15;2,49;2,96;3,04
2019;2019-05-05;Botafogo RJ;Fortaleza;1;0;H;1,72;4;4,87;1,71;3,68;4,74
2019;2019-05-05;Cruzeiro;Goias;2;1;H;1,4;4,54;9,35;1,38;4,36;8,71
2019;2019-05-05;CSA;Santos;0;0;D;4,84;3,49;1,85;4,57;3,37;1,81
2019;2019-05-05;Sao Paulo;Flamengo RJ;1;1;D;2,06;3,31;4,07;1,99;3,28;3,85
2019;2019-05-05;Bahia;Avai;1;0;H;1,62;3,91;6,1;1,6;3,68;5,87
2019;2019-05-05;Gremio;Fluminense;4;5;A;1,51;4,14;7,47;1,51;3,85;6,79
2019;2019-05-11;Fluminense;Botafogo RJ;0;1;A;2,1;3,3;3,95;1,98;3,26;3,91
2019;2019-05-11;Corinthians;Gremio;0;0;D;3;2,98;2,76;2,87;2,89;2,67
2019;2019-05-12;Goias;Ceara;2;1;H;2,16;3,18;3,93;2,12;3,08;3,69
2019;2019-05-12;Flamengo RJ;Chapecoense-SC;2;1;H;1,43;4,39;8,7;1,41;4,23;7,98
2019;2019-05-12;Atletico-MG;Palmeiras;0;2;A;3,37;2,96;2,52;3,12;2,99;2,42
2019;2019-05-12;Internacional;Cruzeiro;3;1;H;2,1;3,11;4,26;2,02;3,12;3,98
2019;2019-05-12;Santos;Vasco;3;0;H;1,4;4,71;8,56;1,4;4,52;7,44
2019;2019-05-12;Athletico-PR;Bahia;1;0;H;1,85;3,49;4,79;1,8;3,39;4,59
2019;2019-05-12;Avai;CSA;0;0;D;1,7;3,67;5,62;1,69;3,5;5,28
2019;2019-05-12;Fortaleza;Sao Paulo;0;1;A;2,97;3;2,77;2,86;3,03;2,58
2019;2019-05-18;Fluminense;Cruzeiro;4;1;H;2,65;3,04;3,08;2,59;2,98;2,91
2019;2019-05-18;Atletico-MG;Flamengo RJ;2;1;H;2,88;3,21;2,68;2,84;3,14;2,52
2019;2019-05-18;Palmeiras;Santos;4;0;H;1,68;3,75;5,76;1,67;3,58;5,32
2019;2019-05-19;Sao Paulo;Bahia;0;0;D;1,83;3,41;5,1;1,76;3,4;4,91
2019;2019-05-19;Athletico-PR;Corinthians;0;2;A;2,25;3,1;3,76;2,29;2,95;3,43
2019;2019-05-19;Chapecoense-SC;Fortaleza;1;3;A;2,41;3,01;3,52;2,31;2,97;3,37
2019;2019-05-19;Goias;Botafogo RJ;1;0;H;2,26;3,2;3,61;2,19;3,14;3,44
2019;2019-05-19;Internacional;CSA;2;0;H;1,22;6,05;17,04;1,23;5,62;14,01
2019;2019-05-19;Ceara;Gremio;2;1;H;3,03;3,09;2,65;2,94;2,98;2,56
2019;2019-05-19;Vasco;Avai;1;1;D;1,71;3,71;5,48;1,7;3,55;5,15
2019;2019-05-25;Botafogo RJ;Palmeiras;0;1;A;8,64;4,39;1,43;8,15;4,13;1,42
2019;2019-05-25;Gremio;Atletico-MG;1;0;H;1,63;3,95;5,85;1,61;3,76;5,57
2019;2019-05-26;Flamengo RJ;Athletico-PR;3;2;H;1,43;4,52;8,23;1,4;4,35;8,08
2019;2019-05-26;Santos;Internacional;0;0;D;1,85;3,6;4,63;1,82;3,46;4,38
2019;2019-05-26;Bahia;Fluminense;3;2;H;1,91;3,37;4,71;1,89;3,27;4,29
2019;2019-05-26;Corinthians;Sao Paulo;1;0;H;2,45;2,83;3,71;2,36;2,76;3,56
2019;2019-05-26;Cruzeiro;Chapecoense-SC;1;2;A;1,4;4,37;10,03;1,39;4,22;9,06
2019;2019-05-26;Fortaleza;Vasco;1;1;D;1,89;3,48;4,58;1,88;3,33;4,21
2019;2019-05-28;Avai;Ceara;1;2;A;2,64;2,89;3,27;2,49;2,88;3,14
2019;2019-05-28;CSA;Goias;1;0;H;2,84;2,9;3;2,64;2,89;2,92
2019;2019-06-01;Flamengo RJ;Fortaleza;2;0;H;1,42;4,66;8,05;1,41;4,4;7,63
2019;2019-06-01;Bahia;Gremio;1;0;H;2,48;2,98;3,41;2,4;2,92;3,23
2019;2019-06-02;Botafogo RJ;Vasco;1;0;H;2,35;3,19;3,42;2,24;3,13;3,3
2019;2019-06-02;Athletico-PR;Fluminense;3;0;H;1,66;3,88;5,67;1,64;3,76;5,23
2019;2019-06-02;Ceara;Santos;0;1;A;2,84;3,21;2,73;2,69;3,13;2,65
2019;2019-06-02;Sao Paulo;Cruzeiro;1;1;D;2,37;2,98;3,65;2,26;2,93;3,52
2019;2019-06-02;Atletico-MG;CSA;4;0;H;1,41;4,64;8,45;1,42;4,28;7,77
2019;2019-06-02;Chapecoense-SC;Palmeiras;1;2;A;6,2;3,54;1,68;5,92;3,49;1,63
2019;2019-06-02;Internacional;Avai;2;0;H;1,44;4,3;8,84;1,43;4,14;7,95
2019;2019-06-08;Vasco;Internacional;2;1;H;3,12;3,14;2,53;3;3,04;2,46
2019;2019-06-08;Palmeiras;Athletico-PR;1;0;H;1,58;3,75;7,14;1,55;3,77;6,35
2019;2019-06-08;Cruzeiro;Corinthians;0;0;D;1,91;3,26;4,93;1,88;3,16;4,58
2019;2019-06-08;Gremio;Fortaleza;1;0;H;1,48;4,21;7,99;1,45;4,08;7,56
2019;2019-06-08;Ceara;Bahia;0;0;D;2,65;2,96;3,16;2,52;2,88;3,09
2019;2019-06-09;Avai;Sao Paulo;0;0;D;3,1;2,91;2,75;2,99;2,82;2,67
2019;2019-06-09;CSA;Botafogo RJ;1;2;A;3,11;2,99;2,67;2,98;2,91;2,57
2019;2019-06-09;Fluminense;Flamengo RJ;0;0;D;5;3,67;1,78;4,57;3,56;1,77
2019;2019-06-09;Santos;Atletico-MG;3;1;H;1,75;3,81;4,98;1,73;3,67;4,65
2019;2019-06-11;Goias;Chapecoense-SC;3;1;H;1,87;3,31;5,02;1,85;3,28;4,53
2019;2019-06-12;Botafogo RJ;Gremio;0;1;A;3,21;3,08;2,51;3,01;2,98;2,5
2019;2019-06-13;Fortaleza;Cruzeiro;2;1;H;3,35;3,1;2,42;3,2;2,96;2,41
2019;2019-06-13;CSA;Flamengo RJ;0;2;A;13,92;5,83;1,25;11,74;5,64;1,24
2019;2019-06-13;Internacional;Bahia;3;1;H;1,74;3,5;5,65;1,74;3,34;5,18
2019;2019-06-13;Santos;Corinthians;1;0;H;1,72;3,5;5,9;1,68;3,48;5,41
2019;2019-06-13;Vasco;Ceara;1;0;H;2,2;3,21;3,71;2,22;3,08;3,44
2019;2019-06-14;Atletico-MG;Sao Paulo;1;1;D;1,97;3,31;4,49;1,94;3,23;4,15
2019;2019-06-14;Chapecoense-SC;Fluminense;1;1;D;2,77;3,07;2,87;2,7;2,96;2,79
2019;2019-06-14;Goias;Athletico-PR;2;1;H;2,96;3,15;2,63;2,86;3,1;2,53
2019;2019-06-14;Palmeiras;Avai;2;0;H;1,26;5,33;16,58;1,24;5,35;14,04
2019;2019-07-13;Fortaleza;Avai;2;0;H;2,03;3,07;4,54;1,96;3,09;4,34
2019;2019-07-13;Gremio;Vasco;2;1;H;1,57;3,92;6,44;1,58;3,74;6,07
2019;2019-07-13;Bahia;Santos;0;1;A;2,77;3,13;2,79;2,71;3,06;2,7
2019;2019-07-13;Sao Paulo;Palmeiras;1;1;D;3,81;2,9;2,31;3,67;2,82;2,28
2019;2019-07-14;Flamengo RJ;Goias;6;1;H;1,24;6,16;12,49;1,23;5,89;11,76
2019;2019-07-14;Athletico-PR;Internacional;1;0;H;1,63;3,9;5,94;1,63;3,64;5,75
2019;2019-07-14;Corinthians;CSA;1;0;H;1,37;4,36;12,39;1,36;4,28;10,09
2019;2019-07-14;Cruzeiro;Botafogo RJ;0;0;D;1,68;3,69;5,87;1,66;3,6;5,45
2019;2019-07-14;Chapecoense-SC;Atletico-MG;1;2;A;2,51;3,16;3,13;2,42;3,1;3,04
2019;2019-07-16;Fluminense;Ceara;1;1;D;1,67;3,54;6,34;1,66;3,52;5,55
2019;2019-07-20;Vasco;Fluminense;2;1;H;2,43;3,21;3,21;2,34;3,18;3,1
2019;2019-07-20;Bahia;Cruzeiro;0;0;D;1,67;3,72;5,92;1,67;3,58;5,39
2019;2019-07-20;Ceara;Palmeiras;2;0;H;5,15;3,36;1,84;4,84;3,27;1,81
2019;2019-07-20;CSA;Athletico-PR;0;4;A;3,53;3,38;2,2;3,34;3,23;2,19
2019;2019-07-20;Internacional;Gremio;1;1;D;2,29;2,92;3,92;2,22;2,91;3,67
2019;2019-07-21;Botafogo RJ;Santos;0;1;A;3,61;3,13;2,28;3,41;3,05;2,25
2019;2019-07-21;Atletico-MG;Fortaleza;2;2;D;1,51;4,29;6,88;1,5;4,12;6,29
2019;2019-07-21;Corinthians;Flamengo RJ;1;1;D;3,1;2,92;2,71;2,94;2,9;2,68
2019;2019-07-21;Avai;Goias;0;0;D;2,02;3,26;4,3;2,01;3,14;4,04
2019;2019-07-23;Sao Paulo;Chapecoense-SC;4;0;H;1,53;3,87;7,92;1,51;3,83;7,07
2019;2019-07-27;Palmeiras;Vasco;1;1;D;1,47;4,05;8,75;1,47;3,99;7,38
2019;2019-07-27;Cruzeiro;Athletico-PR;0;2;A;3,8;3,18;2,18;3,29;3,07;2,31
2019;2019-07-27;Fluminense;Sao Paulo;1;2;A;2,49;3,14;3,18;2,43;3,06;3,04
2019;2019-07-27;Internacional;Ceara;1;0;H;1,99;3,22;4,56;1,94;3,18;4,26
2019;2019-07-28;Chapecoense-SC;Bahia;0;0;D;2,81;3,04;2,87;2,71;2,93;2,81
2019;2019-07-28;Flamengo RJ;Botafogo RJ;3;2;H;1,4;4,75;8,49;1,37;4,58;8,37
2019;2019-07-28;Santos;Avai;3;1;H;1,29;5,25;13,32;1,29;4,96;11,28
2019;2019-07-28;Fortaleza;Corinthians;1;3;A;2,53;2,96;3,31;2,48;2,84;3,22
2019;2019-07-28;Goias;Atletico-MG;0;0;D;3,01;3,35;2,48;2,83;3,31;2,43
2019;2019-07-30;CSA;Gremio;0;0;D;5,91;3,64;1,68;5,65;3,47;1,67
2019;2019-08-03;Ceara;Fortaleza;2;1;H;2,31;2,98;3,75;2,25;2,99;3,47
2019;2019-08-03;Fluminense;Internacional;2;1;H;1,92;3,35;4,67;1,9;3,34;4,19
2019;2019-08-04;Santos;Goias;6;1;H;1,23;6,49;13,63;1,24;5,85;11,49
2019;2019-08-04;Avai;Botafogo RJ;0;2;A;2,31;2,96;3,77;2,24;2,96;3,52
2019;2019-08-04;Bahia;Flamengo RJ;3;0;H;2,91;3,24;2,61;2,81;3,14;2,54
2019;2019-08-04;Atletico-MG;Cruzeiro;2;0;H;2,09;3,27;4,01;2,04;3,24;3,73
2019;2019-08-04;Corinthians;Palmeiras;1;1;D;3,76;2,77;2,45;3,48;2,77;2,39
2019;2019-08-04;Vasco;CSA;0;0;D;1,6;3,73;6,8;1,57;3,72;6,19
2019;2019-08-06;Gremio;Chapecoense-SC;3;3;D;1,29;5,34;12,25;1,28;5,09;11,47
2019;2019-08-07;Corinthians;Goias;2;0;H;1,52;3,92;7,98;1,5;3,85;7,2
2019;2019-08-10;Ceara;Chapecoense-SC;4;1;H;1,65;3,8;5,89;1,63;3,67;5,64
2019;2019-08-10;Sao Paulo;Santos;3;2;H;2,64;2,99;3,11;2,54;2,96;2,98
2019;2019-08-10;Flamengo RJ;Gremio;3;1;H;1,59;3,77;6,94;1,56;3,75;6,21
2019;2019-08-11;Atletico-MG;Fluminense;2;1;H;1,85;3,69;4,49;1,8;3,6;4,29
2019;2019-08-11;Internacional;Corinthians;0;0;D;1,93;3,21;4,92;1,91;3,1;4,56
2019;2019-08-11;Avai;Cruzeiro;2;2;D;3,25;3,03;2,52;3,13;2,94;2,45
2019;2019-08-11;Botafogo RJ;Athletico-PR;2;1;H;2,16;3,34;3,66;2,09;3,28;3,55
2019;2019-08-11;Palmeiras;Bahia;2;2;D;1,38;4,53;10,17;1,37;4,38;9,27
2019;2019-08-11;Goias;Vasco;0;1;A;2,16;3,26;3,76;2,15;3,18;3,49
2019;2019-08-13;CSA;Fortaleza;0;2;A;3,01;3,06;2,66;2,82;2,94;2,68
2019;2019-08-17;Corinthians;Botafogo RJ;2;0;H;1,56;3,81;7,26;1,59;3,51;6,58
2019;2019-08-17;Fortaleza;Internacional;0;1;A;2,23;3,27;3,56;2,18;3,14;3,47
2019;2019-08-17;Athletico-PR;Atletico-MG;1;0;H;1,87;3,85;4,15;1,84;3,54;4,17
2019;2019-08-17;Vasco;Flamengo RJ;1;4;A;6,11;3,78;1,64;5,74;3,68;1,62
2019;2019-08-18;Gremio;Palmeiras;1;1;D;2,82;3,05;2,84;2,74;2,98;2,74
2019;2019-08-18;Bahia;Goias;1;1;D;1,48;4,25;7,71;1,46;4,2;7,09
2019;2019-08-18;Cruzeiro;Santos;2;0;H;2,81;3,09;2,82;2,71;3,05;2,71
2019;2019-08-18;Fluminense;CSA;0;1;A;1,31;5,34;10,63;1,31;4,9;10,4
2019;2019-08-18;Sao Paulo;Ceara;1;0;H;1,66;3,55;6,55;1,63;3,52;5,93
2019;2019-08-18;Chapecoense-SC;Avai;1;0;H;2,12;3,1;4,12;2,07;3,02;3,97
2019;2019-08-21;Athletico-PR;Sao Paulo;0;1;A;2,02;3,28;4,3;2;3,14;4,06
2019;2019-08-24;Atletico-MG;Bahia;0;1;A;2,07;3,21;4,16;2,06;3,16;3,81
2019;2019-08-24;Gremio;Athletico-PR;2;1;H;2,2;3,27;3,64;2,22;3,13;3,4
2019;2019-08-25;Goias;Internacional;2;1;H;2,6;3,13;3,02;2,52;3,07;2,94
2019;2019-08-25;Santos;Fortaleza;3;3;D;1,33;5,12;10,82;1,32;4,98;9,68
2019;2019-08-25;Vasco;Sao Paulo;2;0;H;2,98;2,97;2,76;2,91;2,94;2,63
2019;2019-08-25;Avai;Corinthians;1;1;D;2,85;2,88;2,97;2,75;2,8;2,9
2019;2019-08-25;Ceara;Flamengo RJ;0;3;A;3,24;3,29;2,37;3,14;3,19;2,31
2019;2019-08-25;CSA;Cruzeiro;1;1;D;4,33;3,28;2,01;4,39;3,25;1,9
2019;2019-08-27;Botafogo RJ;Chapecoense-SC;0;0;D;1,8;3,48;5,15;1,75;3,43;4,95
2019;2019-08-31;Sao Paulo;Gremio;0;0;D;2,05;3,24;4,22;1,98;3,19;4,03
2019;2019-08-31;Bahia;CSA;1;0;H;1,33;4,83;12,23;1,32;4,53;11,32
2019;2019-08-31;Athletico-PR;Ceara;1;0;H;1,44;4,47;8,24;1,44;4,2;7,61
2019;2019-08-31;Chapecoense-SC;Santos;0;1;A;4,16;3,63;1,93;4,01;3,42;1,92
2019;2019-09-01;Internacional;Botafogo RJ;3;2;H;1,55;4,03;6,89;1,56;3,7;6,5
2019;2019-09-01;Flamengo RJ;Palmeiras;3;0;H;2,23;3,17;3,68;2,17;3,12;3,51
2019;2019-09-01;Fortaleza;Goias;2;0;H;1,87;3,41;4,82;1,83;3,38;4,48
2019;2019-09-01;Corinthians;Atletico-MG;1;0;H;2,22;2,9;4,17;2,14;2,96;3,85
2019;2019-09-01;Cruzeiro;Vasco;1;0;H;1,78;3,53;5,24;1,75;3,48;4,87
2019;2019-09-03;Fluminense;Avai;0;1;A;1,54;3,94;7,24;1,53;3,87;6,5
2019;2019-09-07;Corinthians;Ceara;2;2;D;1,69;3,45;6,34;1,69;3,34;5,78
2019;2019-09-07;Vasco;Bahia;0;2;A;2,24;3,08;3,79;2,19;3,05;3,54
2019;2019-09-07;Avai;Flamengo RJ;0;3;A;8,98;4,43;1,42;7,75;4,27;1,43
2019;2019-09-07;Fortaleza;Fluminense;0;1;A;2,28;3,24;3,47;2,2;3,2;3,35
2019;2019-09-07;Internacional;Sao Paulo;1;0;H;2,55;3,02;3,22;2,47;2,96;3,1
2019;2019-09-08;Goias;Palmeiras;1;2;A;5,91;3,56;1,7;5,53;3,51;1,67
2019;2019-09-08;Cruzeiro;Gremio;1;4;A;2,66;3;3,08;2,48;3;3,03
2019;2019-09-08;Botafogo RJ;Atletico-MG;2;1;H;3,38;3,44;2,23;3,33;3,21;2,2
2019;2019-09-08;Santos;Athletico-PR;1;1;D;1,5;4,39;6,95;1,45;4,38;6,78
2019;2019-09-08;CSA;Chapecoense-SC;2;0;H;2,59;2,98;3,2;2,58;2,9;3,01
2019;2019-09-11;Palmeiras;Fluminense;3;0;H;1,32;5,11;11,4;1,34;4,83;8,88
2019;2019-09-14;Flamengo RJ;Santos;1;0;H;1,58;4,04;6,25;1,57;3,87;5,86
2019;2019-09-14;Chapecoense-SC;Vasco;1;2;A;2,83;2,97;2,9;2,73;2,88;2,83
2019;2019-09-14;Palmeiras;Cruzeiro;1;0;H;1,31;5,48;10,55;1,32;4,87;9,78
2019;2019-09-15;Ceara;Botafogo RJ;0;0;D;1,69;3,7;5,7;1,68;3,54;5,33
2019;2019-09-15;Athletico-PR;Avai;0;1;A;1,79;3,46;5,26;1,71;3,59;5
2019;2019-09-15;Atletico-MG;Internacional;1;3;A;1,69;3,71;5,61;1,65;3,66;5,4
2019;2019-09-15;Bahia;Fortaleza;1;1;D;1,61;3,79;6,47;1,59;3,7;6
2019;2019-09-15;Fluminense;Corinthians;1;0;H;3,23;3,06;2,51;3,12;2,96;2,45
2019;2019-09-15;Gremio;Goias;3;0;H;1,27;6,05;11,57;1,26;5,51;11,49
2019;2019-09-15;Sao Paulo;CSA;1;1;D;1,28;5,29;13,82;1,26;5,05;12,82
2019;2019-09-21;Botafogo RJ;Sao Paulo;1;2;A;3,73;3,26;2,17;3,7;3,13;2,1
2019;2019-09-21;Cruzeiro;Flamengo RJ;1;2;A;3,94;3,49;2,03;3,75;3,36;1,99
2019;2019-09-21;Corinthians;Bahia;2;1;H;1,93;3,19;4,96;1,95;3,02;4,53
2019;2019-09-22;Santos;Gremio;0;3;A;2,04;3,47;3,91;2;3,33;3,79
2019;2019-09-22;Internacional;Chapecoense-SC;1;0;H;1,42;4,39;9,16;1,41;4,18;8,5
2019;2019-09-22;CSA;Ceara;1;0;H;3,16;3,12;2,51;3,06;2,97;2,48
2019;2019-09-22;Fortaleza;Palmeiras;0;1;A;4,68;3,5;1,87;4,54;3,35;1,83
2019;2019-09-22;Vasco;Athletico-PR;1;1;D;2,13;3,32;3,79;2,09;3,24;3,58
2019;2019-09-22;Goias;Fluminense;3;0;H;2,88;3,39;2,55;2,82;3,26;2,47
2019;2019-09-24;Avai;Atletico-MG;1;0;H;2,6;3,1;3,05;2,56;3,06;2,87
2019;2019-09-25;Ceara;Cruzeiro;0;0;D;2,21;3,11;3,82;2,17;3,04;3,64
2019;2019-09-26;Bahia;Botafogo RJ;2;0;H;1,62;3,92;5,99;1,6;3,69;5,86
2019;2019-09-26;Flamengo RJ;Internacional;3;1;H;1,6;3,93;6,3;1,57;3,83;5,95
2019;2019-09-26;Sao Paulo;Goias;0;1;A;1,34;4,92;10,64;1,34;4,65;9,71
2019;2019-09-26;Palmeiras;CSA;6;2;H;1,19;7,14;16,76;1,18;6,5;15,63
2019;2019-09-27;Fluminense;Santos;1;1;D;2,59;3,31;2,88;2,61;3,19;2,71
2019;2019-09-27;Gremio;Avai;6;1;H;1,34;4,71;12,25;1,32;4,64;10,63
2019;2019-09-27;Athletico-PR;Fortaleza;4;1;H;1,44;4,65;7,65;1,44;4,39;6,9
2019;2019-09-28;Flamengo RJ;Sao Paulo;0;0;D;1,68;3,61;6,09;1,61;3,66;5,79
2019;2019-09-29;Corinthians;Vasco;1;0;H;1,77;3,47;5,46;1,79;3,3;4,92
2019;2019-09-29;Fluminense;Gremio;2;1;H;2,3;3,31;3,36;2,22;3,24;3,23
2019;2019-09-29;Internacional;Palmeiras;1;1;D;3,25;3,03;2,52;3,17;2,94;2,44
2019;2019-09-29;Santos;CSA;2;0;H;1,2;6,85;15,57;1,19;6,42;14,74
2019;2019-09-29;Athletico-PR;Chapecoense-SC;1;1;D;1,27;5,95;11,32;1,27;5,36;10,82
2019;2019-09-29;Atletico-MG;Ceara;2;1;H;1,58;3,94;6,47;1,58;3,82;5,81
2019;2019-10-01;Avai;Bahia;0;2;A;3,19;2,98;2,59;3,08;2,88;2,53
2019;2019-10-01;Fortaleza;Botafogo RJ;1;0;H;1,81;3,67;4,74;1,8;3,51;4,47
2019;2019-10-01;Goias;Cruzeiro;1;0;H;3,09;3,02;2,64;2,92;2,97;2,58
2019;2019-10-02;Atletico-MG;Vasco;1;2;A;1,81;3,5;5,09;1,77;3,47;4,72
2019;2019-10-02;Chapecoense-SC;Corinthians;0;1;A;4,22;3,1;2,1;3,99;2,99;2,07
2019;2019-10-05;Sao Paulo;Fortaleza;2;1;H;1,47;4,3;7,9;1,46;4,17;7,14
2019;2019-10-05;Vasco;Santos;0;1;A;2,58;3,22;2,97;2,51;3,11;2,9
2019;2019-10-05;Bahia;Athletico-PR;1;2;A;2,19;3,31;3,61;2,14;3,19;3,54
2019;2019-10-05;Gremio;Corinthians;0;0;D;1,76;3,39;5,76;1,73;3,35;5,23
2019;2019-10-06;Cruzeiro;Internacional;1;1;D;2,66;2,98;3,09;2,52;2,93;3,06
2019;2019-10-06;Chapecoense-SC;Flamengo RJ;0;1;A;6,19;3,92;1,61;5,94;3,78;1,58
2019;2019-10-06;Botafogo RJ;Fluminense;0;1;A;3,03;3,14;2,59;2,97;3,04;2,5
2019;2019-10-06;Ceara;Goias;0;1;A;1,61;3,86;6,25;1,62;3,67;5,8
2019;2019-10-06;Palmeiras;Atletico-MG;1;1;D;1,41;4,44;9,58;1,4;4,35;8,2
2019;2019-10-06;CSA;Avai;3;1;H;2,54;2,9;3,38;2,44;2,85;3,28
2019;2019-10-09;Botafogo RJ;Goias;3;1;H;2,14;3,33;3,74;2,08;3,22;3,64
2019;2019-10-09;CSA;Internacional;1;0;H;5,3;3,34;1,83;4,92;3,28;1,79
2019;2019-10-10;Fortaleza;Chapecoense-SC;2;0;H;1,63;3,97;5,77;1,59;3,81;5,58
2019;2019-10-10;Bahia;Sao Paulo;0;0;D;2,56;2,93;3,29;2,47;2,88;3,17
2019;2019-10-10;Gremio;Ceara;2;1;H;1,68;3,54;6,17;1,66;3,51;5,55
2019;2019-10-10;Cruzeiro;Fluminense;0;0;D;1,84;3,48;4,86;1,82;3,37;4,58
2019;2019-10-10;Santos;Palmeiras;2;0;H;2,84;3,02;2,85;2,8;2,95;2,71
2019;2019-10-10;Avai;Vasco;0;0;D;3,22;2,88;2,65;3,07;2,81;2,59
2019;2019-10-10;Corinthians;Athletico-PR;2;2;D;1,95;3,29;4,61;1,91;3,18;4,35
2019;2019-10-11;Flamengo RJ;Atletico-MG;3;1;H;1,5;4,1;7,64;1,48;4,12;6,7
2019;2019-10-12;Goias;CSA;1;0;H;1,65;3,84;5,86;1,63;3,69;5,58
2019;2019-10-12;Fluminense;Bahia;2;0;H;2,12;3,19;3,98;2,11;3,1;3,78
2019;2019-10-13;Palmeiras;Botafogo RJ;1;0;H;1,24;6;13,97;1,24;5,61;12,51
2019;2019-10-13;Athletico-PR;Flamengo RJ;0;2;A;3,01;3,28;2,51;2,88;3,27;2,43
2019;2019-10-13;Ceara;Avai;1;0;H;1,54;3,96;7,31;1,55;3,69;6,83
2019;2019-10-13;Internacional;Santos;0;0;D;2,19;3,23;3,71;2,16;3,15;3,54
2019;2019-10-13;Vasco;Fortaleza;1;0;H;1,55;4,16;6,57;1,55;4;6,04
2019;2019-10-13;Sao Paulo;Corinthians;1;0;H;2,25;2,89;4,1;2,21;2,82;3,93
2019;2019-10-13;Atletico-MG;Gremio;1;4;A;2,45;3,4;3,01;2,42;3,26;2,9
2019;2019-10-13;Chapecoense-SC;Cruzeiro;1;1;D;4,21;3,19;2,07;4,14;3,1;2,01
2019;2019-10-16;CSA;Atletico-MG;2;2;D;3,85;3,35;2,1;3,58;3,22;2,1
2019;2019-10-16;Gremio;Bahia;0;1;A;1,51;4,23;7,11;1,49;4,04;6,71
2019;2019-10-17;Fortaleza;Flamengo RJ;1;2;A;6,19;3,98;1,6;5,79;3,83;1,58
2019;2019-10-17;Cruzeiro;Sao Paulo;1;0;H;2,66;2,98;3,09;2,56;2,89;3,02
2019;2019-10-17;Palmeiras;Chapecoense-SC;1;0;H;1,16;7,49;21,35;1,16;6,89;17,2
2019;2019-10-17;Goias;Corinthians;2;2;D;2,93;2,97;2,81;2,8;2,9;2,74
2019;2019-10-17;Vasco;Botafogo RJ;2;1;H;1,74;3,61;5,43;1,7;3,57;5,04
2019;2019-10-17;Avai;Internacional;0;2;A;4,02;3,02;2,2;3,88;2,95;2,12
2019;2019-10-17;Santos;Ceara;2;1;H;1,51;4,07;7,54;1,48;4,04;6,95
2019;2019-10-18;Fluminense;Athletico-PR;1;2;A;2,54;3,24;3,01;2,45;3,17;2,91
2019;2019-10-19;Fortaleza;Gremio;2;1;H;2,79;3;2,91;2,71;2,98;2,76
2019;2019-10-19;Corinthians;Cruzeiro;1;2;A;2,37;3,03;3,54;2,23;2,97;3,54
2019;2019-10-20;Atletico-MG;Santos;2;0;H;2,37;3,42;3,12;2,39;3,28;2,93
2019;2019-10-20;Internacional;Vasco;0;1;A;1,81;3,45;5,2;1,77;3,37;4,91
2019;2019-10-20;Sao Paulo;Avai;1;0;H;1,38;4,66;9,79;1,38;4,39;8,94
2019;2019-10-20;Flamengo RJ;Fluminense;2;0;H;1,47;4,36;7,72;1,45;4,23;7,16
2019;2019-10-20;Athletico-PR;Palmeiras;1;1;D;2,83;3,23;2,69;2,73;3,13;2,63
2019;2019-10-20;Chapecoense-SC;Goias;2;2;D;1,99;3,32;4,35;1,99;3,15;4,07
2019;2019-10-21;Bahia;Ceara;1;2;A;1,69;3,62;5,85;1,67;3,51;5,55
2019;2019-10-22;Botafogo RJ;CSA;2;1;H;1,71;3,55;5,8;1,69;3,43;5,42
2019;2019-10-26;Ceara;Vasco;1;1;D;2,02;3,42;4,08;2,03;3,2;3,86
2019;2019-10-26;Corinthians;Santos;0;0;D;2,79;3,03;2,88;2,64;2,99;2,84
2019;2019-10-26;Bahia;Internacional;2;3;A;2,61;2,95;3,21;2,5;2,95;3,07
2019;2019-10-26;Fluminense;Chapecoense-SC;1;1;D;1,42;4,59;8,51;1,42;4,34;7,66
2019;2019-10-27;Cruzeiro;Fortaleza;1;1;D;1,64;3,66;6,4;1,62;3,47;6,08
2019;2019-10-27;Athletico-PR;Goias;4;1;H;1,3;5,7;10,41;1,29;5,33;9,85
2019;2019-10-27;Gremio;Botafogo RJ;3;0;H;1,3;5,61;10,59;1,3;5,07;10,01
2019;2019-10-27;Sao Paulo;Atletico-MG;2;0;H;1,87;3,45;4,74;1,83;3,34;4,53
2019;2019-10-27;Avai;Palmeiras;1;2;A;6,82;3,65;1,62;6,3;3,52;1,61
2019;2019-10-27;Flamengo RJ;CSA;1;0;H;1,08;12,25;29,58;1,07;10,82;26,58
2019;2019-10-30;Atletico-MG;Chapecoense-SC;0;2;A;1,3;5,97;9,38;1,29;5,32;9,91
2019;2019-10-30;Avai;Fortaleza;1;3;A;2,64;3,03;3,06;2,54;2,98;2,97
2019;2019-10-30;Palmeiras;Sao Paulo;3;0;H;1,8;3,32;5,57;1,8;3,23;5,05
2019;2019-10-31;Ceara;Fluminense;2;0;H;1,98;3,36;4,32;1,97;3,24;4,01
2019;2019-10-31;CSA;Corinthians;2;1;H;4,15;2,98;2,18;3,87;2,92;2,15
2019;2019-10-31;Vasco;Gremio;1;3;A;2,75;2,97;2,99;2,63;2,98;2,86
2019;2019-10-31;Santos;Bahia;1;0;H;1,57;4,05;6,42;1,56;3,85;5,98
2019;2019-10-31;Goias;Flamengo RJ;2;2;D;7,24;4,8;1,44;7,15;4,49;1,42
2019;2019-11-01;Botafogo RJ;Cruzeiro;0;2;A;3,45;3,01;2,42;3,24;2,95;2,39
2019;2019-11-01;Internacional;Athletico-PR;1;1;D;1,84;3,67;4,54;1,81;3,49;4,42
2019;2019-11-02;Fortaleza;Atletico-MG;2;2;D;2,71;3,13;2,89;2,58;3,09;2,83
2019;2019-11-02;Fluminense;Vasco;0;0;D;2,34;3,15;3,45;2,27;3,11;3,27
2019;2019-11-02;Palmeiras;Ceara;1;0;H;1,25;5,7;14,64;1,25;5,41;12,42
2019;2019-11-03;Chapecoense-SC;Sao Paulo;0;3;A;4,76;3,33;1,91;4,54;3,22;1,87
2019;2019-11-03;Flamengo RJ;Corinthians;4;1;H;1,47;4,23;8,14;1,46;4,05;7,43
2019;2019-11-03;Athletico-PR;CSA;1;0;H;1,25;6,03;12,75;1,25;5,68;11,19
2019;2019-11-03;Gremio;Internacional;2;0;H;2,05;3,14;4,4;2;3,1;4,11
2019;2019-11-03;Cruzeiro;Bahia;1;1;D;1,8;3,44;5,27;1,78;3,3;4,97
2019;2019-11-03;Santos;Botafogo RJ;4;1;H;1,31;5,44;10,69;1,31;5,06;9,72
2019;2019-11-03;Goias;Avai;2;0;H;1,61;3,88;6,17;1,6;3,71;5,86
2019;2019-11-06;Corinthians;Fortaleza;3;2;H;1,71;3,52;5,91;1,68;3,49;5,41
2019;2019-11-06;Atletico-MG;Goias;2;0;H;1,44;4,51;7,87;1,44;4,36;7,04
2019;2019-11-07;Avai;Santos;1;2;A;6,7;3,93;1,57;6,27;3,77;1,56
2019;2019-11-07;Athletico-PR;Cruzeiro;0;0;D;1,74;3,68;5,25;1,73;3,56;4,84
2019;2019-11-07;Bahia;Chapecoense-SC;1;1;D;1,52;4,13;7,24;1,47;4,07;7,31
2019;2019-11-07;Vasco;Palmeiras;1;2;A;3,06;3;2,67;2,99;2,95;2,55
2019;2019-11-07;Ceara;Internacional;2;0;H;2,35;3,2;3,36;2,4;3,05;3,11
2019;2019-11-07;Sao Paulo;Fluminense;0;2;A;1,72;3,61;5,57;1,7;3,49;5,28
2019;2019-11-07;Botafogo RJ;Flamengo RJ;0;1;A;7,6;4,78;1,43;7,08;4,53;1,42
2019;2019-11-08;Gremio;CSA;2;1;H;1,15;8,06;20,64;1,15;7,37;17,73
2019;2019-11-09;Goias;Santos;0;3;A;4,06;3,42;2,02;3,76;3,43;1,97
2019;2019-11-09;Palmeiras;Corinthians;1;1;D;1,58;3,69;7,35;1,57;3,58;6,75
2019;2019-11-10;Cruzeiro;Atletico-MG;0;0;D;2,36;3,03;3,54;2,24;3,12;3,36
2019;2019-11-10;Internacional;Fluminense;2;1;H;1,78;3,58;5,14;1,71;3,53;5,13
2019;2019-11-10;Sao Paulo;Athletico-PR;0;1;A;1,71;3,64;5,59;1,71;3,47;5,25
2019;2019-11-10;Flamengo RJ;Bahia;3;1;H;1,29;5,45;12;1,27;5,27;11,21
2019;2019-11-10;Chapecoense-SC;Gremio;0;1;A;6,36;3,99;1,58;5,91;3,69;1,6
2019;2019-11-10;CSA;Vasco;0;3;A;3,05;3,03;2,65;2,97;2,97;2,55
2019;2019-11-10;Fortaleza;Ceara;1;0;H;3,07;3,08;2,6;2,88;2,98;2,62
2019;2019-11-11;Botafogo RJ;Avai;2;0;H;1,72;3,73;5,28;1,65;3,59;5,5
2019;2019-11-14;Flamengo RJ;Vasco;4;4;D;1,38;4,85;8,53;1,37;4,62;8,17
2019;2019-11-16;Santos;Sao Paulo;1;1;D;2,02;3,19;4,34;1,95;3,18;4,2
2019;2019-11-16;Fluminense;Atletico-MG;1;1;D;2,25;3,39;3,33;2,19;3,29;3,27
2019;2019-11-17;Bahia;Palmeiras;1;1;D;4,72;3,32;1,9;4,42;3,19;1,9
2019;2019-11-17;Gremio;Flamengo RJ;0;1;A;1,97;3,6;3,97;1,96;3,39;3,84
2019;2019-11-17;Athletico-PR;Botafogo RJ;1;0;H;1,38;4,69;9,05;1,39;4,5;8,06
2019;2019-11-17;Chapecoense-SC;Ceara;1;0;H;3,18;3,2;2,42;3,15;3,08;2,36
2019;2019-11-17;Corinthians;Internacional;0;0;D;2,51;3,03;3,22;2,43;2,94;3,18
2019;2019-11-17;Fortaleza;CSA;3;0;H;1,64;3,62;6,35;1,61;3,66;5,91
2019;2019-11-18;Vasco;Goias;1;1;D;1,52;4,06;7,14;1,51;3,98;6,62
2019;2019-11-18;Cruzeiro;Avai;0;0;D;1,29;5,08;12,94;1,28;5,05;11,39
2019;2019-11-24;Santos;Cruzeiro;4;1;H;1,87;3,57;4,44;1,84;3,44;4,35
2019;2019-11-24;Atletico-MG;Athletico-PR;0;1;A;2;3,66;3,77;1,93;3,5;3,82
2019;2019-11-24;Goias;Bahia;4;3;H;2,5;3,24;3,03;2,42;3,17;2,95
2019;2019-11-24;Palmeiras;Gremio;1;2;A;2,19;3,14;3,77;2,13;3,15;3,57
2019;2019-11-24;Botafogo RJ;Corinthians;1;0;H;3,13;2,92;2,64;3,02;2,9;2,55
2019;2019-11-24;Avai;Chapecoense-SC;0;1;A;2,42;3,17;3,21;2,41;3,06;3,07
2019;2019-11-24;Ceara;Sao Paulo;1;1;D;2,62;3,06;3,02;2,57;2,98;2,93
2019;2019-11-24;Internacional;Fortaleza;2;2;D;1,39;4,71;8,46;1,4;4,36;8,15
2019;2019-11-25;CSA;Fluminense;0;1;A;3,88;3,36;2,06;3,67;3,27;2,05
2019;2019-11-27;Chapecoense-SC;Botafogo RJ;0;1;A;2,57;3,02;3,13;2,49;2,99;3,02
2019;2019-11-27;Internacional;Goias;1;2;A;1,39;4,79;8,47;1,37;4,67;8,19
2019;2019-11-28;Bahia;Atletico-MG;1;1;D;2,56;3,27;2,91;2,44;3,18;2,93
2019;2019-11-28;Athletico-PR;Gremio;2;0;H;2,61;3,18;2,92;2,51;3,17;2,84
2019;2019-11-28;Corinthians;Avai;3;0;H;1,39;4,29;10,27;1,37;4,27;10,05
2019;2019-11-28;Flamengo RJ;Ceara;4;1;H;1,42;4,75;7,55;1,43;4,47;6,94
2019;2019-11-28;Fluminense;Palmeiras;1;0;H;2,66;3,11;2,93;2,71;3,08;2,7
2019;2019-11-28;Fortaleza;Santos;2;1;H;3,25;3,31;2,32;3,14;3,21;2,29
2019;2019-11-28;Sao Paulo;Vasco;1;0;H;1,65;3,63;6,11;1,65;3,56;5,63
2019;2019-11-29;Cruzeiro;CSA;0;1;A;1,33;4,87;10,8;1,33;4,73;10,06
2019;2019-11-30;Botafogo RJ;Internacional;0;1;A;3,9;3,16;2,14;3,65;3,1;2,13
2019;2019-11-30;Ceara;Athletico-PR;1;1;D;2,06;3,27;4,03;2,07;3,11;3,79
2019;2019-12-01;Avai;Fluminense;1;1;D;6,29;4,01;1,57;6,11;3,86;1,55
2019;2019-12-01;Goias;Fortaleza;1;2;A;2,01;3,58;3,82;1,94;3,51;3,75
2019;2019-12-01;Palmeiras;Flamengo RJ;1;3;A;2,39;3,49;2,98;2,37;3,32;2,91
2019;2019-12-01;Atletico-MG;Corinthians;2;1;H;2,01;3,32;4,14;1,95;3,29;4,02
2019;2019-12-01;CSA;Bahia;1;2;A;3,18;3,22;2,41;3,06;3,15;2,36
2019;2019-12-01;Gremio;Sao Paulo;3;0;H;1,8;3,37;5,26;1,8;3,34;4,75
2019;2019-12-01;Santos;Chapecoense-SC;2;0;H;1,22;6,28;14,46;1,22;5,98;12,31
2019;2019-12-02;Vasco;Cruzeiro;1;0;H;2,47;3,11;3,19;2,49;2,98;3,03
2019;2019-12-04;Athletico-PR;Santos;1;0;H;2,23;3,44;3,31;2,21;3,32;3,22
2019;2019-12-04;Atletico-MG;Botafogo RJ;2;0;H;1,42;4,39;8,73;1,42;4,33;7,83
2019;2019-12-04;Ceara;Corinthians;0;1;A;2,07;3,08;4,28;2,07;3,03;3,99
2019;2019-12-05;Chapecoense-SC;CSA;3;0;H;2,12;3,23;3,87;2,08;3,16;3,75
2019;2019-12-05;Fluminense;Fortaleza;0;0;D;1,85;3,54;4,57;1,83;3,52;4,32
2019;2019-12-05;Sao Paulo;Internacional;2;1;H;2,23;2,95;3,96;2,13;2,95;3,89
2019;2019-12-05;Bahia;Vasco;1;1;D;1,87;3,41;4,7;1,85;3,29;4,54
2019;2019-12-05;Gremio;Cruzeiro;2;0;H;1,7;3,78;5,19;1,62;3,76;5,49
2019;2019-12-05;Palmeiras;Goias;5;1;H;1,41;4,78;7,48;1,39;4,79;7,46
2019;2019-12-05;Flamengo RJ;Avai;6;1;H;1,09;10,48;22,79;1,1;9,53;21,17
2019;2019-12-08;Avai;Athletico-PR;0;0;D;4,12;3,5;1,96;4,01;3,47;1,9
2019;2019-12-08;Botafogo RJ;Ceara;1;1;D;3,2;2,54;3;3,1;2,51;2,9
2019;2019-12-08;Corinthians;Fluminense;1;2;A;2,19;3,24;3,62;2,11;3,19;3,6
2019;2019-12-08;Cruzeiro;Palmeiras;0;2;A;2,58;3,33;2,84;2,55;3,23;2,76
2019;2019-12-08;CSA;Sao Paulo;1;2;A;3,53;3,36;2,18;3,43;3,21;2,17
2019;2019-12-08;Fortaleza;Bahia;2;1;H;2,01;3,72;3,66;2,02;3,51;3,54
2019;2019-12-08;Goias;Gremio;3;2;H;2,06;3,62;3,59;2,01;3,52;3,53
2019;2019-12-08;Internacional;Atletico-MG;2;1;H;1,57;4,3;5,73;1,57;4,09;5,42
2019;2019-12-08;Santos;Flamengo RJ;4;0;H;2,71;3,74;2,47;2,65;3,54;2,47
2019;2019-12-08;Vasco;Chapecoense-SC;1;1;D;1,4;4,58;8,62;1,4;4,46;7,8
2020;2020-08-08;Fortaleza;Athletico-PR;0;2;A;2,04;3,38;3,85;2,02;3,25;3,77
2020;2020-08-08;Coritiba;Internacional;0;1;A;3,85;3,13;2,14;3,77;3,06;2,11
2020;2020-08-09;Sport Recife;Ceara;3;2;H;2,94;3,02;2,67;2,91;2,93;2,61
2020;2020-08-09;Flamengo RJ;Atletico-MG;0;1;A;1,46;4,84;6,35;1,47;4,46;6,27
2020;2020-08-09;Santos;Bragantino;1;1;D;2,17;3,31;3,53;2,15;3,25;3,39
2020;2020-08-09;Gremio;Fluminense;1;0;H;1,6;3,78;6,36;1,58;3,67;6,13
2020;2020-08-12;Athletico-PR;Goias;2;1;H;1,27;5,78;11,24;1,28;5,38;10,03
2020;2020-08-12;Atletico-MG;Corinthians;3;2;H;2,04;3,26;4,03;1,98;3,21;4
2020;2020-08-12;Bragantino;Botafogo RJ;1;1;D;1,62;3,98;5,59;1,62;3,75;5,42
2020;2020-08-13;Atletico GO;Flamengo RJ;3;0;H;7,61;4,4;1,45;7;4,34;1,44
2020;2020-08-13;Bahia;Coritiba;1;0;H;2,12;2,97;4,21;2,08;2,96;4,02
2020;2020-08-13;Ceara;Gremio;1;1;D;2,68;2,97;2,98;2,59;2,92;2,92
2020;2020-08-13;Fluminense;Palmeiras;1;1;D;4,6;3,3;1,91;4,47;3,26;1,86
2020;2020-08-13;Sao Paulo;Fortaleza;1;0;H;1,59;3,76;6,56;1,58;3,65;6,34
2020;2020-08-13;Internacional;Santos;2;0;H;1,9;3,2;4,9;1,85;3,21;4,67
2020;2020-08-14;Vasco;Sport Recife;2;0;H;2,14;3,04;4,01;2,11;3;3,89
2020;2020-08-15;Gremio;Corinthians;0;0;D;1,75;3,3;5,74;1,75;3,21;5,39
2020;2020-08-15;Coritiba;Flamengo RJ;0;1;A;5,3;3,69;1,7;5,22;3,66;1,66
2020;2020-08-16;Palmeiras;Goias;1;1;D;1,18;7,15;16,75;1,19;6,51;14,23
2020;2020-08-16;Atletico-MG;Ceara;2;0;H;1,57;3,95;6,33;1,55;3,85;6,05
2020;2020-08-16;Bahia;Bragantino;2;1;H;2,88;3,18;2,6;2,81;3,1;2,56
2020;2020-08-16;Vasco;Sao Paulo;2;1;H;3,09;3,21;2,43;3,09;3,11;2,38
2020;2020-08-16;Fluminense;Internacional;2;1;H;3,62;3,05;2,26;3,52;3;2,22
2020;2020-08-16;Atletico GO;Sport Recife;1;1;D;2,03;3,18;4,21;2,01;3,1;4,03
2020;2020-08-16;Fortaleza;Botafogo RJ;0;0;D;2,04;3,18;4,15;2,01;3,13;3,97
2020;2020-08-16;Santos;Athletico-PR;3;1;H;2,45;3,19;3,08;2,4;3,13;3,02
2020;2020-08-19;Bragantino;Fluminense;2;1;H;2,11;3,2;3,85;2,06;3,2;3,72
2020;2020-08-19;Flamengo RJ;Gremio;1;1;D;2,08;3,16;4,02;2,03;3,11;3,95
2020;2020-08-19;Athletico-PR;Palmeiras;0;1;A;3,49;3,07;2,31;3,45;2,94;2,29
2020;2020-08-20;Goias;Fortaleza;1;3;A;2,78;2,98;2,86;2,69;2,94;2,81
2020;2020-08-20;Internacional;Atletico GO;3;0;H;1,79;3,38;5,22;1,75;3,36;5,06
2020;2020-08-20;Botafogo RJ;Atletico-MG;2;1;H;4,49;3,52;1,85;4,39;3,43;1,83
2020;2020-08-20;Corinthians;Coritiba;3;1;H;1,87;3,17;5,12;1,83;3,14;5
2020;2020-08-20;Sport Recife;Santos;0;1;A;2,48;3,26;2,98;2,45;3,15;2,93
2020;2020-08-21;Ceara;Vasco;0;3;A;2,07;3,15;4,08;2,07;3,07;3,92
2020;2020-08-21;Sao Paulo;Bahia;1;1;D;1,74;3,58;5,22;1,74;3,41;5,13
2020;2020-08-22;Athletico-PR;Fluminense;0;1;A;1,93;3,3;4,54;1,9;3,21;4,35
2020;2020-08-22;Internacional;Atletico-MG;1;0;H;2,25;3,32;3,32;2,25;3,21;3,21
2020;2020-08-23;Goias;Atletico GO;2;0;H;2,96;3,05;2,63;2,91;2,95;2,59
2020;2020-08-23;Flamengo RJ;Botafogo RJ;1;1;D;1,36;4,86;9,27;1,36;4,66;8,59
2020;2020-08-23;Bragantino;Coritiba;1;2;A;1,59;3,88;6,16;1,58;3,75;6,08
2020;2020-08-23;Palmeiras;Santos;2;1;H;2,01;3,13;4,41;1,96;3,11;4,27
2020;2020-08-23;Vasco;Gremio;0;0;D;3,97;3,2;2,08;3,82;3,13;2,07
2020;2020-08-23;Sport Recife;Sao Paulo;0;1;A;3,4;3,13;2,32;3,32;3,04;2,3
2020;2020-08-24;Ceara;Bahia;2;0;H;2,13;3,19;3,8;2,13;3,1;3,66
2020;2020-08-26;Sao Paulo;Athletico-PR;1;0;H;1,98;3,2;4,29;1,97;3,15;4,13
2020;2020-08-27;Corinthians;Fortaleza;1;1;D;1,94;3,25;4,39;1,89;3,24;4,35
2020;2020-08-29;Botafogo RJ;Internacional;0;2;A;4,67;3,46;1,82;4,64;3,34;1,82
2020;2020-08-29;Bahia;Palmeiras;1;1;D;4,2;2,99;2,09;4,06;2,99;2,07
2020;2020-08-29;Fluminense;Vasco;2;1;H;2,2;3,14;3,59;2,23;3,05;3,47
2020;2020-08-30;Fortaleza;Bragantino;3;0;H;2,29;3,28;3,22;2,3;3,15;3,18
2020;2020-08-30;Sao Paulo;Corinthians;2;1;H;2,31;3,01;3,47;2,26;2,97;3,46
2020;2020-08-30;Coritiba;Sport Recife;1;0;H;2,42;2,99;3,29;2,37;2,94;3,29
2020;2020-08-30;Santos;Flamengo RJ;0;1;A;3,53;3,51;2,07;3,49;3,35;2,08
2020;2020-08-30;Atletico GO;Ceara;0;2;A;2,5;3,12;3,03;2,46;3,08;3
2020;2020-09-02;Ceara;Fortaleza;1;0;H;2,65;2,93;3,06;2,57;2,89;2,99
2020;2020-09-02;Fluminense;Atletico GO;1;1;D;1,74;3,48;5,38;1,73;3,38;5,19
2020;2020-09-02;Goias;Corinthians;1;2;A;3,42;3,1;2,32;3,32;3,03;2,3
2020;2020-09-03;Athletico-PR;Bragantino;1;1;D;2,38;3,32;3,08;2,35;3,18;3,06
2020;2020-09-03;Bahia;Flamengo RJ;3;5;A;3,35;3,15;2,32;3,28;3,1;2,28
2020;2020-09-03;Botafogo RJ;Coritiba;0;0;D;2,15;3,23;3,68;2,13;3,13;3,62
2020;2020-09-03;Palmeiras;Internacional;1;1;D;1,96;3,08;4,75;1,95;3,07;4,45
2020;2020-09-03;Santos;Vasco;2;2;D;1,69;3,88;5,06;1,7;3,7;4,9
2020;2020-09-03;Gremio;Sport Recife;1;2;A;1,36;4,85;9,14;1,38;4,53;8,45
2020;2020-09-04;Atletico-MG;Sao Paulo;3;0;H;2,03;3,27;4,07;2;3,22;3,9
2020;2020-09-05;Flamengo RJ;Fortaleza;2;1;H;1,45;4,46;7,41;1,44;4,3;7,11
2020;2020-09-05;Corinthians;Botafogo RJ;2;2;D;1,79;3,46;5,04;1,79;3,37;4,79
2020;2020-09-06;Ceara;Santos;0;1;A;2,07;3,24;3,92;2,04;3,22;3,81
2020;2020-09-06;Bragantino;Palmeiras;1;2;A;3,29;3,14;2,36;3,24;3,07;2,32
2020;2020-09-06;Internacional;Bahia;2;2;D;1,58;3,86;6,4;1,55;3,81;6,28
2020;2020-09-06;Sao Paulo;Fluminense;3;1;H;1,91;3,24;4,7;1,88;3,23;4,49
2020;2020-09-06;Vasco;Athletico-PR;1;0;H;2,35;3,11;3,34;2,31;3,05;3,29
2020;2020-09-06;Atletico GO;Gremio;1;1;D;5;3,32;1,83;4,83;3,28;1,81
2020;2020-09-07;Coritiba;Atletico-MG;0;1;A;4,95;3,8;1,71;4,79;3,64;1,72
2020;2020-09-07;Sport Recife;Goias;2;1;H;1,98;3,15;4,5;1,91;3,21;4,34
2020;2020-09-09;Athletico-PR;Botafogo RJ;1;1;D;1,75;3,54;5,26;1,77;3,42;4,73
2020;2020-09-09;Fortaleza;Sport Recife;1;0;H;1,97;3,35;4,26;1,95;3,21;4,13
2020;2020-09-09;Goias;Coritiba;3;3;D;2,62;3,06;3,04;2,52;2,94;3
2020;2020-09-09;Sao Paulo;Bragantino;1;1;D;2,07;3,4;3,8;2,03;3,32;3,66
2020;2020-09-10;Fluminense;Flamengo RJ;1;2;A;5,54;3,83;1,66;5,46;3,71;1,63
2020;2020-09-10;Santos;Atletico-MG;3;1;H;4,41;3,99;1,77;4,2;3,85;1,76
2020;2020-09-10;Bahia;Gremio;0;2;A;3,81;3,24;2,14;3,66;3,13;2,11
2020;2020-09-10;Corinthians;Palmeiras;0;2;A;3,88;2,96;2,25;3,72;2,9;2,2
2020;2020-09-10;Internacional;Ceara;2;0;H;1,7;3,46;5,96;1,68;3,38;5,69
2020;2020-09-11;Vasco;Atletico GO;1;2;A;2,2;3,18;3,71;2,16;3,06;3,64
2020;2020-09-12;Athletico-PR;Coritiba;1;0;H;2,01;3,14;4,58;1,96;3,11;4,31
2020;2020-09-12;Santos;Sao Paulo;2;2;D;3,38;3,35;2,27;3,2;3,22;2,27
2020;2020-09-13;Fluminense;Corinthians;2;1;H;2,36;3,08;3,52;2,3;3,02;3,36
2020;2020-09-13;Gremio;Fortaleza;1;1;D;1,61;3,85;6,42;1,59;3,67;6,18
2020;2020-09-13;Atletico-MG;Bragantino;2;1;H;1,67;3,94;5,45;1,64;3,93;5,02
2020;2020-09-13;Bahia;Atletico GO;0;1;A;2,16;3,18;3,88;2,12;3,09;3,74
2020;2020-09-13;Ceara;Flamengo RJ;2;0;H;3,82;3,4;2,09;3,58;3,32;2,07
2020;2020-09-13;Goias;Internacional;1;0;H;4,44;3,43;1,93;4,3;3,36;1,88
2020;2020-09-13;Palmeiras;Sport Recife;2;2;D;1,46;4,28;8,35;1,44;4,09;7,93
2020;2020-09-14;Botafogo RJ;Vasco;2;3;A;2,64;3,04;3,07;2,56;2,98;2,95
2020;2020-09-17;Corinthians;Bahia;3;2;H;2,22;3,28;3,6;2,22;3,11;3,43
2020;2020-09-19;Bragantino;Ceara;4;2;H;2,05;3,38;3,8;2,06;3,35;3,57
2020;2020-09-19;Fortaleza;Internacional;1;0;H;3,01;2,88;2,83;2,88;2,84;2,74
2020;2020-09-20;Atletico GO;Atletico-MG;3;4;A;4,69;3,46;1,84;4,53;3,44;1,81
2020;2020-09-20;Coritiba;Vasco;1;0;H;2,17;3,26;3,77;2,12;3,17;3,62
2020;2020-09-20;Gremio;Palmeiras;1;1;D;2,5;2,97;3,38;2,51;2,88;3,16
2020;2020-09-20;Botafogo RJ;Santos;0;0;D;2,73;3,4;2,68;2,64;3,36;2,57
2020;2020-09-21;Sport Recife;Fluminense;1;0;H;2,45;3,07;3,34;2,37;3,02;3,22
2020;2020-09-24;Sport Recife;Corinthians;1;0;H;2,82;3;2,9;2,73;2,92;2,81
2020;2020-09-26;Athletico-PR;Bahia;1;0;H;2,26;3,09;3,75;2,21;3,04;3,52
2020;2020-09-26;Internacional;Sao Paulo;1;1;D;2,42;3,02;3,46;2,34;2,97;3,34
2020;2020-09-27;Atletico-MG;Gremio;3;1;H;1,74;3,78;5,07;1,72;3,72;4,72
2020;2020-09-27;Vasco;Bragantino;1;1;D;3,32;3,46;2,26;3,19;3,33;2,22
2020;2020-09-27;Palmeiras;Flamengo RJ;1;1;D;1,31;5,6;10,54;1,26;5,58;10,3
2020;2020-09-27;Atletico GO;Botafogo RJ;1;1;D;2,01;3,39;4,14;2;3,22;3,92
2020;2020-09-27;Ceara;Goias;2;2;D;1,61;4,09;5,82;1,63;3,74;5,45
2020;2020-09-28;Santos;Fortaleza;1;1;D;2,08;3,43;3,82;2,06;3,27;3,63
2020;2020-09-29;Fluminense;Coritiba;4;0;H;1,99;3,26;4,42;1,99;3,14;4,06
2020;2020-10-01;Botafogo RJ;Bahia;1;2;A;2,65;3,32;2,82;2,57;3,18;2,76
2020;2020-10-01;Corinthians;Atletico GO;0;0;D;2,37;3,08;3,49;2,28;3,01;3,4
2020;2020-10-03;Gremio;Internacional;1;1;D;2,39;2,88;3,72;2,36;2,88;3,44
2020;2020-10-03;Palmeiras;Ceara;2;1;H;1,44;4,54;8,22;1,44;4,21;7,72
2020;2020-10-04;Bragantino;Corinthians;0;0;D;2,21;3,34;3,55;2,13;3,28;3,48
2020;2020-10-04;Botafogo RJ;Fluminense;1;1;D;2,94;3,04;2,75;2,88;2,96;2,63
2020;2020-10-04;Coritiba;Sao Paulo;1;1;D;4,96;3,63;1,79;4,8;3,45;1,77
2020;2020-10-04;Flamengo RJ;Athletico-PR;3;1;H;1,51;4,34;6,92;1,5;4,12;6,38
2020;2020-10-04;Bahia;Sport Recife;1;2;A;1,88;3,45;4,69;1,85;3,36;4,4
2020;2020-10-04;Fortaleza;Atletico GO;0;0;D;2,4;3,04;3,48;2,36;2,97;3,31
2020;2020-10-04;Goias;Santos;2;3;A;2,86;3,42;2,55;2,82;3,33;2,44
2020;2020-10-05;Atletico-MG;Vasco;4;1;H;1,36;5,14;9,24;1,34;5,06;8,42
2020;2020-10-07;Corinthians;Santos;1;1;D;2,28;3,25;3,49;2,21;3,16;3,36
2020;2020-10-07;Bahia;Vasco;3;0;H;1,84;3,49;4,85;1,8;3,42;4,58
2020;2020-10-07;Flamengo RJ;Sport Recife;3;0;H;1,4;4,96;8,18;1,39;4,76;7,43
2020;2020-10-07;Gremio;Coritiba;2;1;H;1,53;3,95;7,53;1,51;3,82;7,05
2020;2020-10-08;Goias;Fluminense;2;4;A;3,57;3,38;2,18;3,35;3,27;2,15
2020;2020-10-08;Sao Paulo;Atletico GO;3;0;H;1,66;3,93;5,56;1,63;3,74;5,36
2020;2020-10-08;Botafogo RJ;Palmeiras;2;1;H;4,12;3,24;2,07;3,94;3,16;2,01
2020;2020-10-08;Fortaleza;Atletico-MG;2;1;H;4,09;3,6;1,95;3,99;3,54;1,88
2020;2020-10-08;Athletico-PR;Ceara;0;0;D;2,1;3,27;3,97;2,03;3,23;3,78
2020;2020-10-09;Bragantino;Internacional;0;2;A;2,93;3,06;2,74;2,84;2,96;2,65
2020;2020-10-10;Vasco;Flamengo RJ;1;2;A;5,38;3,91;1,68;4,94;3,69;1,7
2020;2020-10-10;Coritiba;Fortaleza;0;0;D;2,82;2,97;2,93;2,72;2,91;2,84
2020;2020-10-10;Palmeiras;Sao Paulo;0;2;A;2,57;3,03;3,18;2,53;2,98;3,01
2020;2020-10-11;Atletico-MG;Goias;3;0;H;1,26;6,5;10,68;1,25;6,22;9,59
2020;2020-10-11;Fluminense;Bahia;1;0;H;2,49;3,26;3,09;2,37;3,17;3,03
2020;2020-10-11;Santos;Gremio;2;1;H;3,42;3,03;2,43;3,32;3;2,33
2020;2020-10-11;Atletico GO;Bragantino;2;1;H;2,53;3,04;3,23;2,45;3,01;3,08
2020;2020-10-11;Sport Recife;Botafogo RJ;1;2;A;2,58;3,12;3,08;2,47;3,04;3,02
2020;2020-10-12;Ceara;Corinthians;2;1;H;2,18;3,26;3,72;2,14;3,16;3,58
2020;2020-10-12;Internacional;Athletico-PR;2;1;H;1,8;3,35;5,45;1,78;3,26;5,17
2020;2020-10-13;Flamengo RJ;Goias;2;1;H;1,22;6,88;12,35;1,23;6,18;10,78
2020;2020-10-14;Palmeiras;Coritiba;1;3;A;1,51;4,08;7,65;1,5;3,92;6,87
2020;2020-10-14;Gremio;Botafogo RJ;3;1;H;1,47;4,49;7,35;1,47;4,26;6,71
2020;2020-10-15;Santos;Atletico GO;0;1;A;2,22;3,41;3,45;2,15;3,32;3,33
2020;2020-10-15;Athletico-PR;Corinthians;0;1;A;2,29;3,1;3,65;2,23;3;3,52
2020;2020-10-15;Atletico-MG;Fluminense;1;1;D;1,45;4,61;7,49;1,45;4,49;6,53
2020;2020-10-15;Sport Recife;Internacional;3;5;A;4,5;3,12;2,03;4,32;3,07;1,98
2020;2020-10-16;Flamengo RJ;Bragantino;1;1;D;1,57;4,45;5,63;1,56;4,26;5,17
2020;2020-10-17;Goias;Bahia;1;1;D;4,1;3,38;2,02;3,79;3,39;1,98
2020;2020-10-17;Atletico GO;Athletico-PR;1;1;D;2,5;3,04;3,29;2,44;2,98;3,11
2020;2020-10-17;Coritiba;Santos;1;2;A;3,04;3,25;2,53;2,88;3,14;2,5
2020;2020-10-17;Fluminense;Ceara;2;2;D;2,03;3,36;4,09;2,03;3,25;3,78
2020;2020-10-18;Sao Paulo;Gremio;0;0;D;2,19;3,01;4,09;2,12;3,03;3,81
2020;2020-10-18;Corinthians;Flamengo RJ;1;5;A;4,22;3,86;1,85;3,97;3,64;1,87
2020;2020-10-18;Internacional;Vasco;2;0;H;1,51;4,39;6,73;1,49;4,08;6,76
2020;2020-10-19;Bragantino;Sport Recife;2;0;H;1,71;3,82;5,24;1,69;3,69;4,92
2020;2020-10-19;Fortaleza;Palmeiras;2;0;H;3,4;3;2,47;3,23;2,96;2,4
2020;2020-10-20;Bahia;Atletico-MG;3;1;H;5;3,94;1,71;4,64;3,84;1,7
2020;2020-10-20;Botafogo RJ;Goias;0;0;D;1,55;4,23;6,39;1,56;3,94;5,9
2020;2020-10-22;Vasco;Corinthians;1;2;A;2,85;2,84;3,03;2,73;2,79;2,92
2020;2020-10-24;Bragantino;Goias;2;0;H;1,42;4,84;7,86;1,4;4,74;7,1
2020;2020-10-24;Ceara;Coritiba;2;1;H;1,95;3,38;4,41;1,93;3,27;4,14
2020;2020-10-25;Atletico-MG;Sport Recife;0;0;D;1,29;5,7;10,59;1,22;5,91;12,71
2020;2020-10-25;Atletico GO;Palmeiras;0;3;A;3,75;3,18;2,21;3,6;3,08;2,17
2020;2020-10-25;Fluminense;Santos;3;1;H;2,48;3,09;3,27;2,44;3,07;3,06
2020;2020-10-25;Athletico-PR;Gremio;1;2;A;2,31;3,04;3,69;2,38;2,93;3,32
2020;2020-10-25;Internacional;Flamengo RJ;2;2;D;2,98;3,12;2,65;2,85;3,1;2,57
2020;2020-10-31;Botafogo RJ;Ceara;2;2;D;2,37;3,28;3,15;2,32;3,22;3,08
2020;2020-10-31;Corinthians;Internacional;1;0;H;3,42;3,12;2,38;3,26;3,07;2,32
2020;2020-10-31;Coritiba;Atletico GO;1;0;H;2,49;3,09;3,25;2,39;3,06;3,13
2020;2020-11-01;Fortaleza;Fluminense;0;1;A;2,3;3,09;3,64;2,26;3;3,46
2020;2020-11-01;Flamengo RJ;Sao Paulo;1;4;A;1,86;3,68;4,42;1,83;3,55;4,23
2020;2020-11-01;Sport Recife;Athletico-PR;1;0;H;3,1;3,1;2,58;3;3,02;2,49
2020;2020-11-01;Santos;Bahia;3;1;H;2,12;3,52;3,59;2,1;3,35;3,44
2020;2020-11-01;Goias;Vasco;1;1;D;2,96;3,18;2,63;2,85;3,09;2,57
2020;2020-11-02;Palmeiras;Atletico-MG;3;0;H;2,45;3,38;3,05;2,38;3,27;2,96
2020;2020-11-02;Gremio;Bragantino;2;1;H;1,99;3,42;4,17;2;3,26;3,89
2020;2020-11-07;Athletico-PR;Fortaleza;2;1;H;2,2;2,99;4,07;2,15;2,99;3,76
2020;2020-11-07;Sao Paulo;Goias;2;1;H;1,32;5,68;9,7;1,31;5,29;9,01
2020;2020-11-08;Atletico GO;Corinthians;1;1;D;2,43;3,17;3,26;2,38;3,06;3,15
2020;2020-11-08;Internacional;Coritiba;2;2;D;1,78;3,3;5,88;1,74;3,3;5,37
2020;2020-11-08;Vasco;Palmeiras;0;1;A;4,47;3,24;1,99;4,24;3,23;1,93
2020;2020-11-08;Atletico-MG;Flamengo RJ;4;0;H;2,39;3,7;2,9;2,32;3,57;2,83
2020;2020-11-08;Bahia;Botafogo RJ;1;0;H;2,15;3,4;3,65;2,08;3,29;3,55
2020;2020-11-08;Bragantino;Santos;1;1;D;2,25;3,38;3,41;2,19;3,33;3,23
2020;2020-11-08;Ceara;Sport Recife;0;0;D;1,84;3,58;4,71;1,83;3,42;4,41
2020;2020-11-08;Fluminense;Gremio;0;1;A;2,81;2,88;3,03;2,7;2,85;2,91
2020;2020-11-11;Bahia;Fortaleza;2;1;H;2,43;2,95;3,53;2,33;2,97;3,34
2020;2020-11-14;Santos;Internacional;2;0;H;3,66;3,29;2,19;3,61;3,21;2,1
2020;2020-11-14;Sport Recife;Vasco;0;2;A;2,71;3,07;2,96;2,6;3,01;2,87
2020;2020-11-14;Goias;Athletico-PR;0;1;A;4,52;3,64;1,85;4,27;3,54;1,82
2020;2020-11-14;Corinthians;Atletico-MG;1;2;A;3,89;3,77;1,95;3,7;3,61;1,94
2020;2020-11-14;Fortaleza;Sao Paulo;2;3;A;3,06;3,2;2,54;3,02;3,1;2,44
2020;2020-11-14;Gremio;Ceara;4;2;H;1,75;3,62;5,26;1,73;3,51;4,94
2020;2020-11-15;Flamengo RJ;Atletico GO;1;1;D;1,48;4,52;7;1,45;4,49;6,35
2020;2020-11-15;Palmeiras;Fluminense;2;0;H;2,01;3,35;4,16;2;3,24;3,9
2020;2020-11-16;Coritiba;Bahia;1;2;A;2,89;3,08;2,77;2,83;2,98;2,64
2020;2020-11-16;Botafogo RJ;Bragantino;1;2;A;2,68;3,11;2,96;2,55;3,1;2,84
2020;2020-11-18;Atletico-MG;Athletico-PR;0;2;A;1,76;3,82;4,85;1,71;3,71;4,64
2020;2020-11-19;Vasco;Fortaleza;0;0;D;2,34;3,19;3,42;2,33;3;3,31
2020;2020-11-20;Bragantino;Bahia;4;0;H;2,24;3,35;3,47;2,18;3,25;3,34
2020;2020-11-21;Athletico-PR;Santos;1;0;H;1,54;4,13;6,23;1,52;4,05;6,28
2020;2020-11-21;Flamengo RJ;Coritiba;3;1;H;1,35;5,23;9,19;1,35;4,89;8,22
2020;2020-11-22;Goias;Palmeiras;1;0;H;4,74;3,58;1,83;4,47;3,43;1,8
2020;2020-11-22;Ceara;Atletico-MG;2;2;D;2,87;3,48;2,52;2,74;3,34;2,49
2020;2020-11-22;Sao Paulo;Vasco;1;1;D;1,4;4,86;8,49;1,37;4,63;8,32
2020;2020-11-22;Botafogo RJ;Fortaleza;1;2;A;2,21;3,15;3,79;2,18;3,06;3,57
2020;2020-11-22;Internacional;Fluminense;1;2;A;2,07;3,09;4,38;2,02;3,01;4,24
2020;2020-11-22;Corinthians;Gremio;0;0;D;3,66;3,04;2,32;3,35;2,99;2,32
2020;2020-11-23;Sport Recife;Atletico GO;0;1;A;3,17;3,03;2,58;3,05;2,96;2,49
2020;2020-11-25;Ceara;Sao Paulo;1;1;D;3,18;3,32;2,4;3,05;3,21;2,34
2020;2020-11-26;Atletico-MG;Botafogo RJ;2;1;H;1,67;4,04;5,27;1,63;4;4,97
2020;2020-11-26;Coritiba;Corinthians;0;1;A;3,19;2,89;2,67;3,03;2,86;2,59
2020;2020-11-26;Fortaleza;Goias;1;1;D;1,66;3,91;5,63;1,64;3,76;5,33
2020;2020-11-28;Palmeiras;Athletico-PR;3;0;H;1,73;3,62;5,51;1,69;3,54;5,26
2020;2020-11-28;Santos;Sport Recife;4;2;H;1,71;3,66;5,63;1,68;3,63;5,21
2020;2020-11-28;Bahia;Sao Paulo;1;3;A;3,66;3,38;2,15;3,43;3,29;2,15
2020;2020-11-29;Atletico GO;Internacional;0;0;D;3,17;3,16;2,5;3,03;3,04;2,45
2020;2020-11-30;Gremio;Goias;2;1;H;1,31;5,59;10,57;1,28;5,29;11,03
2020;2020-11-30;Vasco;Ceara;1;4;A;3,14;3,05;2,58;3,07;2,97;2,5
2020;2020-11-30;Fluminense;Bragantino;0;0;D;3,62;3,39;2,16;3,43;3,23;2,16
2020;2020-12-03;Fortaleza;Corinthians;0;0;D;2,48;2,98;3,4;2,36;2,96;3,29
2020;2020-12-03;Goias;Sao Paulo;0;3;A;9,32;5,11;1,36;8,28;4,78;1,36
2020;2020-12-05;Botafogo RJ;Flamengo RJ;0;1;A;6,21;4,46;1,53;5,75;4,2;1,53
2020;2020-12-05;Santos;Palmeiras;2;2;D;3,14;3,21;2,48;3,12;3,13;2,35
2020;2020-12-05;Bahia;Ceara;0;2;A;2,73;3,18;2,84;2,6;3,13;2,76
2020;2020-12-05;Fluminense;Athletico-PR;3;1;H;2,4;3,14;3,35;2,32;3,08;3,22
2020;2020-12-06;Coritiba;Bragantino;0;0;D;3,59;3,29;2,21;3,38;3,21;2,18
2020;2020-12-06;Gremio;Vasco;4;0;H;1,51;4,15;7,45;1,49;3,98;7,05
2020;2020-12-06;Sao Paulo;Sport Recife;1;0;H;1,35;5,14;9,8;1,34;4,79;9,19
2020;2020-12-06;Atletico-MG;Internacional;2;2;D;1,78;3,64;4,97;1,74;3,56;4,81
2020;2020-12-07;Atletico GO;Goias;0;1;A;1,64;3,95;5,78;1,62;3,78;5,42
2020;2020-12-10;Sao Paulo;Botafogo RJ;4;0;H;1,49;4,3;7,44;1,46;4,15;6,94
2020;2020-12-12;Athletico-PR;Atletico-MG;0;1;A;3,97;3,69;1,95;3,75;3,55;1,94
2020;2020-12-12;Bragantino;Fortaleza;2;1;H;1,82;3,51;4,96;1,79;3,4;4,71
2020;2020-12-12;Internacional;Botafogo RJ;2;1;H;1,63;3,7;6,43;1,62;3,64;5,81
2020;2020-12-12;Palmeiras;Bahia;3;0;H;1,61;3,84;6,41;1,59;3,77;5,86
2020;2020-12-13;Ceara;Atletico GO;1;2;A;1,95;3,38;4,41;1,95;3,21;4,16
2020;2020-12-13;Goias;Gremio;0;0;D;5,89;3,91;1,64;5,62;3,87;1,59
2020;2020-12-13;Flamengo RJ;Santos;4;1;H;1,31;5,69;9,9;1,29;5,6;9,45
2020;2020-12-13;Corinthians;Sao Paulo;1;0;H;4,5;3,34;1,95;4,18;3,26;1,92
2020;2020-12-13;Sport Recife;Coritiba;1;0;H;2,53;2,94;3,36;2,42;2,97;3,18
2020;2020-12-13;Vasco;Fluminense;1;1;D;3,18;3,01;2,59;3,08;2,93;2,49
2020;2020-12-17;Atletico GO;Fluminense;2;1;H;2,6;3,06;3,11;2,53;2,98;2,96
2020;2020-12-17;Sao Paulo;Atletico-MG;3;0;H;2,4;3,38;3,12;2,35;3,27;2,99
2020;2020-12-19;Sport Recife;Gremio;1;1;D;4,66;3,55;1,85;4,43;3,35;1,84
2020;2020-12-20;Coritiba;Botafogo RJ;1;2;A;2,73;3,06;2,94;2,63;2,97;2,86
2020;2020-12-20;Internacional;Palmeiras;2;0;H;2,9;2,86;2,96;2,73;2,79;2,91
2020;2020-12-20;Bragantino;Athletico-PR;0;1;A;1,89;3,53;4,47;1,88;3,41;4,2
2020;2020-12-20;Vasco;Santos;1;0;H;2,73;3,12;2,89;2,63;3,07;2,78
2020;2020-12-20;Flamengo RJ;Bahia;4;3;H;1,31;5,92;9,46;1,3;5,38;8,99
2020;2020-12-20;Fortaleza;Ceara;0;2;A;2,95;3,02;2,75;2,83;2,92;2,7
2020;2020-12-21;Corinthians;Goias;2;1;H;1,41;4,69;8,51;1,4;4,48;7,85
2020;2020-12-26;Atletico-MG;Coritiba;2;0;H;1,33;5,78;8,68;1,32;5,36;8,53
2020;2020-12-26;Fortaleza;Flamengo RJ;0;0;D;5,02;3,84;1,74;4,67;3,71;1,72
2020;2020-12-26;Goias;Sport Recife;1;0;H;2,65;3,3;2,84;2,56;3,19;2,77
2020;2020-12-27;Fluminense;Sao Paulo;1;2;A;4,54;3,42;1,91;4,39;3,32;1,88
2020;2020-12-27;Bahia;Internacional;1;2;A;2,7;3,06;2,98;2,65;2,97;2,86
2020;2020-12-27;Botafogo RJ;Corinthians;0;2;A;3,03;3,2;2,56;2,95;3,08;2,49
2020;2020-12-27;Athletico-PR;Vasco;3;0;H;1,93;3,36;4,53;1,91;3,26;4,27
2020;2020-12-27;Palmeiras;Bragantino;1;0;H;1,88;3,5;4,53;1,86;3,4;4,26
2020;2020-12-27;Santos;Ceara;1;1;D;2,07;3,45;3,84;2,06;3,35;3,56
2020;2020-12-27;Gremio;Atletico GO;2;1;H;2,06;3,17;4,3;2,01;3,11;4,05
2020;2021-01-06;Botafogo RJ;Athletico-PR;0;2;A;2,59;3,23;2,97;2,51;3,12;2,9
2020;2021-01-06;Gremio;Bahia;2;1;H;1,46;4,51;7,61;1,44;4,28;7,18
2020;2021-01-06;Coritiba;Goias;1;2;A;2,19;3,35;3,58;2,13;3,25;3,51
2020;2021-01-06;Sport Recife;Fortaleza;1;0;H;3,26;2,91;2,61;3,06;2,88;2,55
2020;2021-01-07;Bragantino;Sao Paulo;4;2;H;2,93;3,2;2,63;2,89;3,13;2,51
2020;2021-01-07;Flamengo RJ;Fluminense;1;2;A;1,47;4,53;7,39;1,46;4,38;6,76
2020;2021-01-07;Ceara;Internacional;0;2;A;2,93;3,04;2,75;2,86;2,96;2,65
2020;2021-01-08;Atletico GO;Vasco;0;0;D;2,17;3,08;4,04;2,11;3,05;3,82
2020;2021-01-09;Coritiba;Athletico-PR;0;0;D;3,42;3,1;2,39;3,33;2,95;2,35
2020;2021-01-09;Sport Recife;Palmeiras;0;1;A;4,08;3,3;2,06;3,82;3,25;2,02
2020;2021-01-10;Fortaleza;Gremio;0;0;D;3,51;3,02;2,4;3,5;2,99;2,25
2020;2021-01-10;Flamengo RJ;Ceara;0;2;A;1,39;5,29;7,75;1,37;4,98;7,64
2020;2021-01-10;Sao Paulo;Santos;0;1;A;1,48;4,3;7,72;1,45;4,19;7,23
2020;2021-01-10;Atletico GO;Bahia;1;1;D;2,4;3,11;3,39;2,34;3,07;3,21
2020;2021-01-10;Internacional;Goias;1;0;H;1,48;4,3;7,72;1,46;4,16;7,17
2020;2021-01-10;Vasco;Botafogo RJ;3;0;H;2,25;3,18;3,63;2,2;3,11;3,47
2020;2021-01-11;Bragantino;Atletico-MG;2;2;D;3,24;3,53;2,26;3,12;3,42;2,22
2020;2021-01-14;Corinthians;Fluminense;5;0;H;2,11;3,15;4,12;2,09;3,04;3,94
2020;2021-01-16;Palmeiras;Gremio;1;1;D;2,72;3,09;2,93;2,7;2,99;2,8
2020;2021-01-16;Fluminense;Sport Recife;1;0;H;2,11;3,14;4,14;2,06;3,07;3,96
2020;2021-01-17;Vasco;Coritiba;0;1;A;1,74;3,5;5,69;1,74;3,37;5,25
2020;2021-01-17;Athletico-PR;Sao Paulo;1;1;D;3,72;3,18;2,22;3,56;3,1;2,17
2020;2021-01-17;Santos;Botafogo RJ;2;1;H;1,88;3,57;4,42;1,85;3,51;4,16
2020;2021-01-17;Atletico-MG;Atletico GO;3;1;H;1,43;4,69;7,91;1,43;4,4;7,15
2020;2021-01-17;Ceara;Bragantino;1;2;A;2,86;3,17;2,72;2,76;3,11;2,62
2020;2021-01-17;Internacional;Fortaleza;4;2;H;1,96;3,16;4,78;1,91;3,07;4,63
2020;2021-01-18;Palmeiras;Corinthians;4;0;H;2,15;3,21;3,89;2,11;3,11;3,71
2020;2021-01-18;Goias;Flamengo RJ;0;3;A;7,6;5,29;1,39;7,5;5,02;1,37
2020;2021-01-20;Botafogo RJ;Atletico GO;1;3;A;2,37;3,2;3,34;2,34;3,14;3,15
2020;2021-01-20;Bahia;Athletico-PR;1;0;H;2,02;3,29;4,22;1,98;3,27;3,92
2020;2021-01-20;Gremio;Atletico-MG;1;1;D;2,52;3,33;2,98;2,46;3,27;2,83
2020;2021-01-20;Coritiba;Fluminense;3;3;D;3,21;3,18;2,46;3,13;3,05;2,4
2020;2021-01-21;Bragantino;Vasco;4;1;H;1,68;3,78;5,63;1,66;3,65;5,34
2020;2021-01-21;Sao Paulo;Internacional;1;5;A;2,04;3,29;4,15;2,01;3,23;3,91
2020;2021-01-21;Flamengo RJ;Palmeiras;2;0;H;2,05;3,71;3,61;2,02;3,51;3,48
2020;2021-01-21;Fortaleza;Santos;2;0;H;1,94;3,29;4,62;1,93;3,18;4,29
2020;2021-01-21;Goias;Ceara;0;4;A;3,54;3,36;2,2;3,37;3,24;2,18
2020;2021-01-22;Corinthians;Sport Recife;3;0;H;1,65;3,79;5,97;1,64;3,65;5,6
2020;2021-01-23;Sao Paulo;Coritiba;1;1;D;1,35;5,28;9,11;1,34;4,9;8,86
2020;2021-01-24;Vasco;Atletico-MG;3;2;H;4,64;3,85;1,78;4,39;3,67;1,77
2020;2021-01-24;Athletico-PR;Flamengo RJ;2;1;H;5,27;3,98;1,68;4,95;3,87;1,65
2020;2021-01-24;Ceara;Palmeiras;2;1;H;2,38;3,21;3,31;2,35;3,13;3,12
2020;2021-01-24;Internacional;Gremio;2;1;H;2,89;2,92;2,89;2,79;2,86;2,83
2020;2021-01-24;Atletico GO;Fortaleza;2;0;H;2,41;3,03;3,48;2,36;2,98;3,26
2020;2021-01-24;Santos;Goias;3;4;A;1,36;5,28;8,9;1,36;4,87;8,17
2020;2021-01-24;Sport Recife;Bahia;2;0;H;3,05;3,19;2,55;2,91;3,12;2,48
2020;2021-01-24;Fluminense;Botafogo RJ;2;0;H;2,23;3,31;3,52;2,09;3,23;3,61
2020;2021-01-25;Corinthians;Bragantino;0;2;A;2,6;3,45;2,79;2,54;3,29;2,71
2020;2021-01-26;Atletico-MG;Santos;2;0;H;1,21;6,78;15,14;1,19;6,54;13,41
2020;2021-01-26;Palmeiras;Vasco;1;1;D;2,08;3,32;3,95;2,06;3,22;3,71
2020;2021-01-28;Bahia;Corinthians;2;1;H;2,31;3,4;3,27;2,26;3,27;3,16
2020;2021-01-28;Gremio;Flamengo RJ;2;4;A;3,21;3,52;2,28;3;3,4;2,28
2020;2021-01-31;Atletico GO;Sao Paulo;2;1;H;3,97;3,6;1,98;3,79;3,46;1,97
2020;2021-01-31;Ceara;Athletico-PR;0;2;A;2,16;3,37;3,64;2,13;3,25;3,48
2020;2021-01-31;Coritiba;Gremio;1;1;D;4,24;3,37;1,99;3,98;3,24;1,98
2020;2021-01-31;Vasco;Bahia;0;0;D;2,31;3,22;3,44;2,28;3,1;3,29
2020;2021-01-31;Atletico-MG;Fortaleza;2;0;H;1,48;4,47;7,13;1,45;4,31;6,86
2020;2021-01-31;Internacional;Bragantino;2;1;H;2,27;3,28;3,47;2,2;3,19;3,37
2020;2021-01-31;Fluminense;Goias;3;0;H;1,76;3,74;4,99;1,7;3,72;4,83
2020;2021-02-01;Sport Recife;Flamengo RJ;0;3;A;8,97;5,39;1,35;8,36;5,06;1,34
2020;2021-02-02;Palmeiras;Botafogo RJ;1;1;D;1,5;4,54;6,59;1,49;4,25;6,28
2020;2021-02-03;Gremio;Santos;3;3;D;1,7;3,83;5,34;1,68;3,67;5,07
2020;2021-02-03;Bragantino;Atletico GO;2;0;H;1,6;4,19;5,81;1,59;3,94;5,45
2020;2021-02-04;Bahia;Fluminense;0;1;A;2,8;3,26;2,7;2,72;3,15;2,63
2020;2021-02-04;Corinthians;Ceara;2;1;H;2,04;3,4;4,01;1,99;3,36;3,76
2020;2021-02-04;Goias;Atletico-MG;1;0;H;7,36;5,07;1,42;7,04;4,69;1,41
2020;2021-02-04;Fortaleza;Coritiba;3;1;H;1,6;3,88;6,53;1,56;3,8;6,23
2020;2021-02-05;Athletico-PR;Internacional;0;0;D;3,25;3,07;2,5;3,15;3,03;2,41
2020;2021-02-05;Flamengo RJ;Vasco;2;0;H;1,3;5,98;10,05;1,29;5,51;9,42
2020;2021-02-05;Botafogo RJ;Sport Recife;0;1;A;2,83;3,23;2,7;2,73;3,06;2,67
2020;2021-02-06;Bahia;Goias;3;3;D;1,63;4,09;5,55;1,62;3,88;5,18
2020;2021-02-07;Atletico GO;Santos;1;1;D;2,48;3,32;3,04;2,44;3,17;2,93
2020;2021-02-07;Bragantino;Flamengo RJ;1;1;D;3,23;3,75;2,18;3,12;3,58;2,13
2020;2021-02-08;Botafogo RJ;Gremio;2;5;A;7,13;4,57;1,47;6,34;4,15;1,5
2020;2021-02-10;Internacional;Sport Recife;1;2;A;1,51;4;7,99;1,48;3,91;7,29
2020;2021-02-10;Fortaleza;Vasco;3;0;H;2,06;3,01;4,59;2,01;2,94;4,36
2020;2021-02-11;Sao Paulo;Ceara;1;1;D;1,72;3,77;5,23;1,69;3,67;4,96
2020;2021-02-11;Corinthians;Athletico-PR;3;3;D;2,02;3,4;4,1;1,97;3,24;3,98
2020;2021-02-11;Fluminense;Atletico-MG;0;0;D;3,64;3,33;2,18;3,42;3,2;2,16
2020;2021-02-13;Goias;Botafogo RJ;2;0;H;1,82;3,92;4,31;1,8;3,67;4,17
2020;2021-02-13;Atletico-MG;Bahia;1;1;D;1,4;5,13;7,69;1,38;4,89;7,19
2020;2021-02-13;Santos;Coritiba;2;0;H;1,32;5,51;9,81;1,31;5,12;9,14
2020;2021-02-14;Flamengo RJ;Corinthians;2;1;H;1,32;5,67;9,82;1,31;5,19;9,12
2020;2021-02-14;Vasco;Internacional;0;2;A;3,37;3,08;2,43;3,29;2,98;2,35
2020;2021-02-14;Athletico-PR;Atletico GO;2;1;H;1,91;3,45;4,5;1,87;3,37;4,23
2020;2021-02-14;Palmeiras;Fortaleza;3;0;H;2,2;3,21;3,74;2,09;3,17;3,67
2020;2021-02-14;Gremio;Sao Paulo;1;2;A;2,28;3,37;3,36;2,2;3,27;3,28
2020;2021-02-15;Ceara;Fluminense;1;3;A;2,52;3,2;3,08;2,45;3,1;2,98
2020;2021-02-15;Sport Recife;Bragantino;0;0;D;4,57;3,69;1,83;4,37;3,59;1,79
2020;2021-02-17;Santos;Corinthians;1;0;H;2,42;3,2;3,25;2,29;3,18;3,17
2020;2021-02-17;Coritiba;Palmeiras;1;0;H;5,41;3,55;1,75;5,1;3,56;1,69
2020;2021-02-20;Sao Paulo;Palmeiras;1;1;D;2,22;3,15;3,55;2,17;3,12;3,48
2020;2021-02-20;Coritiba;Ceara;0;2;A;3,73;3,36;2,06;3,47;3,27;2,11
2020;2021-02-21;Fortaleza;Bahia;0;4;A;2,24;3,07;3,61;2,21;3,06;3,48
2020;2021-02-21;Corinthians;Vasco;0;0;D;1,85;3,74;4,41;1,83;3,49;4,24
2020;2021-02-21;Flamengo RJ;Internacional;2;1;H;1,61;4,07;5,87;1,58;3,95;5,66
2020;2021-02-21;Sport Recife;Atletico-MG;2;3;A;5,93;3,92;1,63;5,47;3,74;1,62
2020;2021-02-21;Gremio;Athletico-PR;1;0;H;1,94;3,24;4,38;1,9;3,25;4,29
2020;2021-02-21;Santos;Fluminense;1;1;D;2,48;3,16;3,19;2,36;3,08;3,15
2020;2021-02-21;Goias;Bragantino;0;0;D;4,5;3,93;1,73;4,27;3,81;1,75
2020;2021-02-22;Palmeiras;Atletico GO;1;1;D;1,58;4,17;6,07;1,57;3,93;5,66
2020;2021-02-22;Botafogo RJ;Sao Paulo;1;0;H;8,56;5,24;1,37;7,87;4,84;1,37
2020;2021-02-26;Athletico-PR;Sport Recife;2;0;H;1,84;3,63;4,59;1,81;3,48;4,42
2020;2021-02-26;Atletico GO;Coritiba;3;1;H;1,62;3,97;5,94;1,61;3,82;5,52
2020;2021-02-26;Atletico-MG;Palmeiras;2;0;H;1,51;4,66;6,16;1,5;4,38;5,93
2020;2021-02-26;Bahia;Santos;2;0;H;1,54;4,14;6,72;1,53;4,02;6,2
2020;2021-02-26;Bragantino;Gremio;1;0;H;1,7;4,02;5;1,7;3,79;4,74
2020;2021-02-26;Ceara;Botafogo RJ;2;1;H;1,88;3,91;4,06;1,81;3,81;4,02
2020;2021-02-26;Fluminense;Fortaleza;2;0;H;1,75;3,59;5,33;1,74;3,38;5,09
2020;2021-02-26;Internacional;Corinthians;0;0;D;1,47;4,36;7,74;1,45;4,19;7,2
2020;2021-02-26;Sao Paulo;Flamengo RJ;2;1;H;4,91;4,35;1,66;4,71;4,02;1,67
2020;2021-02-26;Vasco;Goias;3;2;H;1,85;3,7;4,43;1,82;3,56;4,25
2021;2021-05-29;Cuiaba;Juventude;2;2;D;2,27;3,11;3,69;2,21;3,06;3,51
2021;2021-05-30;Bahia;Santos;3;0;H;2,49;3,13;3,2;2,36;3,15;3,09
2021;2021-05-30;Sao Paulo;Fluminense;0;0;D;1,87;3,26;5,16;1,9;3,12;4,65
2021;2021-05-30;Atletico-MG;Fortaleza;1;2;A;1,48;4,42;7,31;1,47;4,14;6,98
2021;2021-05-30;Ceara;Gremio;3;2;H;3,74;3,23;2,19;3,62;3,09;2,16
2021;2021-05-30;Flamengo RJ;Palmeiras;1;0;H;1,85;3,61;4,61;1,82;3,52;4,33
2021;2021-05-30;Athletico-PR;America MG;1;0;H;2,53;2,96;3,33;2,44;2,95;3,18
2021;2021-05-30;Chapecoense-SC;Bragantino;0;3;A;4,14;3,33;2,03;3,88;3,25;2,02
2021;2021-05-30;Corinthians;Atletico GO;0;1;A;2,06;3,3;4,09;2,01;3,22;3,9
2021;2021-05-31;Internacional;Sport Recife;2;2;D;1,32;5,37;10,8;1,32;5,07;9,41
2021;2021-06-05;Atletico GO;Sao Paulo;2;0;H;3,49;2,87;2,51;3,38;2,84;2,41
2021;2021-06-06;Bragantino;Bahia;3;3;D;1,98;3,39;4,27;1,95;3,31;4,05
2021;2021-06-06;Santos;Ceara;3;1;H;1,94;3,37;4,46;1,96;3,32;4
2021;2021-06-06;Fluminense;Cuiaba;1;0;H;1,71;3,49;5,99;1,71;3,45;5,31
2021;2021-06-06;America MG;Corinthians;0;1;A;2,15;3,06;4,12;2,12;3,03;3,81
2021;2021-06-06;Fortaleza;Internacional;5;1;H;2,69;2,99;3,06;2,66;2,93;2,9
2021;2021-06-06;Juventude;Athletico-PR;0;3;A;2,92;3,01;2,8;2,82;2,95;2,7
2021;2021-06-06;Palmeiras;Chapecoense-SC;3;1;H;1,38;4,68;10,19;1,37;4,51;8,91
2021;2021-06-07;Sport Recife;Atletico-MG;0;1;A;4,49;3,44;1,92;4,23;3,33;1,9
2021;2021-06-12;Palmeiras;Corinthians;1;1;D;1,89;3,36;4,8;1,88;3,3;4,36
2021;2021-06-12;Santos;Juventude;0;0;D;1,65;3,85;5,82;1,63;3,73;5,51
2021;2021-06-13;Atletico-MG;Sao Paulo;1;0;H;2,17;3,23;3,78;2,12;3,19;3,6
2021;2021-06-13;Flamengo RJ;America MG;2;0;H;1,52;4,14;7,26;1,5;4,07;6,71
2021;2021-06-13;Gremio;Athletico-PR;0;1;A;1,88;3,27;5,04;1,83;3,25;4,78
2021;2021-06-14;Bahia;Internacional;0;1;A;2,61;3,32;2,86;2,54;3,19;2,8
2021;2021-06-14;Bragantino;Fluminense;2;2;D;2;3,32;4,29;1,99;3,26;3,94
2021;2021-06-14;Chapecoense-SC;Ceara;0;0;D;3,36;3,11;2,42;3,22;3,04;2,37
2021;2021-06-14;Fortaleza;Sport Recife;1;0;H;1,7;3,55;5,92;1,68;3,45;5,62
2021;2021-06-16;Internacional;Atletico-MG;0;1;A;2,54;3,2;3,05;2,5;3,12;2,88
2021;2021-06-16;Sao Paulo;Chapecoense-SC;1;1;D;1,36;5,26;9,07;1,35;4,88;8,64
2021;2021-06-17;Corinthians;Bragantino;1;2;A;2,57;3,03;3,18;2,51;2,95;3,07
2021;2021-06-17;Juventude;Palmeiras;0;3;A;5,22;3,45;1,8;5;3,39;1,76
2021;2021-06-17;America MG;Cuiaba;0;0;D;2,01;3,1;4,63;1,97;3,07;4,37
2021;2021-06-17;Ceara;Bahia;1;2;A;2,55;3,14;3,11;2,48;3,04;3,02
2021;2021-06-17;Atletico GO;Fortaleza;0;0;D;2,59;2,86;3,37;2,51;2,82;3,22
2021;2021-06-17;Fluminense;Santos;1;0;H;2,13;3,2;3,98;2,07;3,12;3,86
2021;2021-06-17;Sport Recife;Gremio;1;0;H;4,71;3,55;1,85;4,45;3,39;1,84
2021;2021-06-20;Flamengo RJ;Bragantino;2;3;A;1,64;4,01;5,64;1,63;3,78;5,33
2021;2021-06-20;Palmeiras;America MG;2;1;H;1,61;3,83;6,41;1,58;3,73;6,08
2021;2021-06-20;Bahia;Corinthians;0;0;D;2,44;3,11;3,32;2,34;3,04;3,27
2021;2021-06-20;Internacional;Ceara;1;1;D;1,67;3,66;6,12;1,67;3,54;5,44
2021;2021-06-20;Athletico-PR;Atletico GO;2;1;H;2,04;3,12;4,47;2,02;2,99;4,29
2021;2021-06-20;Fortaleza;Fluminense;1;1;D;2,39;2,97;3,59;2,33;2,94;3,4
2021;2021-06-20;Santos;Sao Paulo;2;0;H;3,27;3,21;2,41;3,06;3,09;2,41
2021;2021-06-21;Juventude;Sport Recife;1;0;H;2,48;2,97;3,41;2,42;2,93;3,21
2021;2021-06-22;Atletico-MG;Chapecoense-SC;1;1;D;1,29;5,79;10,78;1,28;5,43;10,08
2021;2021-06-23;Atletico GO;Fluminense;1;0;H;2,95;2,89;2,87;2,78;2,86;2,81
2021;2021-06-23;Bragantino;Palmeiras;3;1;H;2,64;3,22;2,91;2,55;3,15;2,81
2021;2021-06-23;Flamengo RJ;Fortaleza;2;1;H;1,45;4,38;8,22;1,44;4,23;7,42
2021;2021-06-23;Sao Paulo;Cuiaba;2;2;D;1,55;3,88;7,4;1,53;3,81;6,92
2021;2021-06-24;America MG;Juventude;1;1;D;1,84;3,23;5,46;1,77;3,23;5,25
2021;2021-06-24;Ceara;Atletico-MG;2;1;H;3,38;3,32;2,29;3,24;3,19;2,26
2021;2021-06-24;Chapecoense-SC;Internacional;1;2;A;4,49;3,27;1,97;4,22;3,19;1,94
2021;2021-06-24;Corinthians;Sport Recife;2;1;H;1,74;3,5;5,73;1,73;3,37;5,31
2021;2021-06-25;Bahia;Athletico-PR;2;1;H;2,77;2,97;2,99;2,61;2,86;3,02
2021;2021-06-25;Gremio;Santos;2;2;D;2,08;3,11;4,32;2,04;3,07;4,03
2021;2021-06-27;Juventude;Flamengo RJ;1;0;H;7,72;4,14;1,5;7,16;4,07;1,47
2021;2021-06-27;Fluminense;Corinthians;1;1;D;2,59;2,86;3,37;2,5;2,8;3,25
2021;2021-06-28;Athletico-PR;Chapecoense-SC;2;2;D;1,58;3,64;7,66;1,56;3,62;6,84
2021;2021-06-28;Gremio;Fortaleza;0;0;D;2,01;3,19;4,49;1,96;3,15;4,23
2021;2021-06-28;Palmeiras;Bahia;3;2;H;1,65;3,81;6,02;1,62;3,74;5,58
2021;2021-06-28;America MG;Internacional;1;1;D;2,84;3,01;2,87;2,75;2,93;2,79
2021;2021-06-28;Ceara;Sao Paulo;1;1;D;2,77;3,11;2,86;2,72;3,04;2,72
2021;2021-06-28;Santos;Atletico-MG;2;0;H;3;3,14;2,63;2,86;3,13;2,53
2021;2021-06-28;Sport Recife;Cuiaba;0;0;D;2,38;2,96;3,63;2,33;2,92;3,45
2021;2021-06-29;Atletico GO;Bragantino;0;1;A;3,53;3,27;2,25;3,33;3,21;2,21
2021;2021-06-30;Fluminense;Athletico-PR;1;4;A;2,51;2,95;3,37;2,44;2,9;3,22
2021;2021-06-30;Fortaleza;Chapecoense-SC;3;2;H;1,54;4,06;7,12;1,5;3,99;6,78
2021;2021-06-30;Bahia;America MG;3;4;A;2,18;3,15;3,86;2,12;3,11;3,69
2021;2021-06-30;Internacional;Palmeiras;1;2;A;2,65;3,12;2,98;2,58;3,1;2,84
2021;2021-07-01;Santos;Sport Recife;0;0;D;1,71;3,4;6,31;1,67;3,36;5,89
2021;2021-07-01;Corinthians;Sao Paulo;0;0;D;3,28;2,92;2,6;3,12;2,83;2,57
2021;2021-07-01;Juventude;Gremio;2;0;H;4,76;3,16;1,97;4,49;3,14;1,91
2021;2021-07-01;Bragantino;Ceara;0;0;D;1,64;3,92;5,86;1,62;3,79;5,47
2021;2021-07-01;Atletico-MG;Atletico GO;4;1;H;1,76;3,51;5,43;1,75;3,36;5,17
2021;2021-07-02;Cuiaba;Flamengo RJ;0;2;A;6,51;3,86;1,6;5,95;3,76;1,59
2021;2021-07-03;America MG;Santos;2;0;H;2,26;3,18;3,63;2,21;3,09;3,47
2021;2021-07-03;Athletico-PR;Fortaleza;2;1;H;2,1;3,18;4,1;2,09;3,09;3,84
2021;2021-07-04;Corinthians;Internacional;1;1;D;2,54;2,92;3,37;2,44;2,93;3,22
2021;2021-07-04;Chapecoense-SC;Bahia;0;2;A;3,26;3,25;2,39;3,17;3,2;2,3
2021;2021-07-04;Flamengo RJ;Fluminense;0;1;A;1,78;3,56;5,23;1,75;3,44;4,96
2021;2021-07-04;Sport Recife;Palmeiras;0;1;A;4,44;3,38;1,95;4,31;3,37;1,87
2021;2021-07-04;Ceara;Juventude;2;0;H;1,93;3,22;4,85;1,89;3,21;4,54
2021;2021-07-04;Cuiaba;Atletico-MG;0;1;A;4,66;3,33;1,93;4,47;3,24;1,89
2021;2021-07-04;Sao Paulo;Bragantino;1;2;A;2,27;3,16;3,63;2,27;3,05;3,39
2021;2021-07-05;Gremio;Atletico GO;0;1;A;1,54;4,18;6,71;1,53;3,96;6,41
2021;2021-07-06;Santos;Athletico-PR;2;1;H;2,7;3,08;2,96;2,62;3;2,85
2021;2021-07-07;Bahia;Juventude;1;0;H;1,79;3,42;5,43;1,74;3,42;5,05
2021;2021-07-07;Bragantino;Cuiaba;1;1;D;1,66;3,67;6,17;1,62;3,63;5,84
2021;2021-07-07;Fortaleza;America MG;4;0;H;1,87;3,47;4,72;1,83;3,35;4,54
2021;2021-07-07;Atletico-MG;Flamengo RJ;2;1;H;3,14;3,12;2,53;2,98;3,15;2,43
2021;2021-07-07;Palmeiras;Gremio;2;0;H;2,04;3,38;4,04;1,99;3,33;3,87
2021;2021-07-07;Atletico GO;Sport Recife;1;1;D;1,97;3,13;4,78;1,92;3,1;4,59
2021;2021-07-08;Fluminense;Ceara;0;0;D;2,3;2,99;3,78;2,24;2,95;3,57
2021;2021-07-08;Internacional;Sao Paulo;0;2;A;2,85;3,08;2,8;2,78;3;2,7
2021;2021-07-09;Chapecoense-SC;Corinthians;0;1;A;4,49;3,17;2,01;4,23;3,1;1,98
2021;2021-07-10;Gremio;Internacional;0;0;D;2,39;3,06;3,48;2,32;3,03;3,34
2021;2021-07-10;Palmeiras;Santos;3;2;H;1,54;4,08;6,98;1,53;4;6,46
2021;2021-07-10;Athletico-PR;Bragantino;2;2;D;2,6;3,3;2,9;2,55;3,18;2,83
2021;2021-07-10;America MG;Atletico-MG;0;1;A;4,12;3,38;2,01;4,01;3,23;1,99
2021;2021-07-10;Sao Paulo;Bahia;1;0;H;1,95;3,31;4,54;1,9;3,31;4,28
2021;2021-07-10;Sport Recife;Fluminense;1;2;A;2,81;2,93;2,97;2,75;2,83;2,9
2021;2021-07-11;Juventude;Atletico GO;1;1;D;2,58;2,95;3,27;2,55;2,85;3,15
2021;2021-07-11;Cuiaba;Ceara;2;2;D;2,92;2,94;2,86;2,87;2,83;2,79
2021;2021-07-11;Flamengo RJ;Chapecoense-SC;2;1;H;1,2;6,54;18,35;1,2;6,41;15,15
2021;2021-07-12;Fortaleza;Corinthians;1;0;H;2,41;2,96;3,56;2,32;2,95;3,41
2021;2021-07-17;Ceara;Athletico-PR;1;0;H;2,08;3,2;4,17;2,04;3,18;3,9
2021;2021-07-17;Sao Paulo;Fortaleza;0;1;A;2,15;3,11;4,07;2,12;3;3,84
2021;2021-07-17;Corinthians;Atletico-MG;1;2;A;2,72;3,03;2,98;2,67;2,94;2,88
2021;2021-07-18;Fluminense;Gremio;0;1;A;2,72;3,02;2,99;2,62;2,96;2,92
2021;2021-07-18;Chapecoense-SC;Cuiaba;2;3;A;2,56;3,01;3,23;2,54;2,91;3,06
2021;2021-07-18;Atletico GO;Palmeiras;0;3;A;4,31;3,39;1,97;4,11;3,32;1,93
2021;2021-07-18;Bahia;Flamengo RJ;0;5;A;5,44;3,94;1,67;5,08;3,84;1,65
2021;2021-07-19;Bragantino;Santos;2;2;D;1,91;3,63;4,25;1,86;3,49;4,18
2021;2021-07-19;Internacional;Juventude;1;0;H;1,78;3,33;5,72;1,72;3,33;5,53
2021;2021-07-20;America MG;Sport Recife;0;1;A;1,77;3,37;5,75;1,75;3,28;5,43
2021;2021-07-21;Cuiaba;Atletico GO;2;1;H;2,58;2,97;3,24;2,53;2,9;3,09
2021;2021-07-24;Gremio;America MG;1;1;D;1,97;3,31;4,47;1,92;3,26;4,28
2021;2021-07-24;Palmeiras;Fluminense;1;0;H;1,61;3,7;6,77;1,58;3,68;6,32
2021;2021-07-25;Atletico-MG;Bahia;3;0;H;1,66;3,87;5,69;1,64;3,78;5,36
2021;2021-07-25;Flamengo RJ;Sao Paulo;5;1;H;1,65;3,84;5,83;1,61;3,81;5,59
2021;2021-07-25;Fortaleza;Bragantino;1;0;H;2,82;3,11;2,8;2,69;3,04;2,76
2021;2021-07-25;Athletico-PR;Internacional;2;1;H;2,54;3,07;3,2;2,46;3,05;3,02
2021;2021-07-25;Santos;Atletico GO;0;1;A;1,8;3,43;5,26;1,8;3,33;4,83
2021;2021-07-26;Sport Recife;Ceara;0;0;D;3,63;2,87;2,44;3,43;2,87;2,36
2021;2021-07-26;Juventude;Chapecoense-SC;1;0;H;2,24;3;3,94;2,2;2,92;3,78
2021;2021-07-27;Cuiaba;Corinthians;1;2;A;3,16;2,84;2,75;3,09;2,77;2,65
2021;2021-07-31;Sao Paulo;Palmeiras;0;0;D;2,91;3,08;2,75;2,86;2,93;2,69
2021;2021-08-01;Internacional;Cuiaba;0;0;D;1,74;3,38;6,03;1,7;3,35;5,66
2021;2021-08-01;Bragantino;Gremio;1;0;H;2,05;3,29;4,11;2,02;3,24;3,88
2021;2021-08-01;Atletico-MG;Athletico-PR;2;0;H;1,69;3,66;5,78;1,68;3,57;5,39
2021;2021-08-01;Corinthians;Flamengo RJ;1;3;A;5,18;3,83;1,71;4,87;3,67;1,71
2021;2021-08-01;Bahia;Sport Recife;0;1;A;1,9;3,34;4,76;1,85;3,32;4,53
2021;2021-08-01;Chapecoense-SC;Santos;0;1;A;3,82;3,32;2,12;3,55;3,23;2,12
2021;2021-08-02;Atletico GO;America MG;1;1;D;2,56;3,05;3,18;2,5;2,99;3,05
2021;2021-08-02;Ceara;Fortaleza;3;1;H;3,4;2,9;2,54;3,28;2,85;2,45
2021;2021-08-06;Sport Recife;Bragantino;0;0;D;3,53;2,96;2,43;3,45;2,93;2,33
2021;2021-08-07;Athletico-PR;Sao Paulo;1;2;A;2,91;3,05;2,77;2,82;2,97;2,69
2021;2021-08-08;Cuiaba;Bahia;1;1;D;2,47;3,11;3,27;2,45;3;3,11
2021;2021-08-08;Palmeiras;Fortaleza;2;3;A;1,71;3,61;5,71;1,72;3,45;5,23
2021;2021-08-08;America MG;Fluminense;1;0;H;3,01;2,92;2,8;2,86;2,89;2,71
2021;2021-08-08;Juventude;Atletico-MG;1;2;A;4,39;3,02;2,1;4,11;2,99;2,06
2021;2021-08-08;Santos;Corinthians;0;0;D;2,73;2,95;3,05;2,67;2,91;2,91
2021;2021-08-08;Ceara;Atletico GO;0;0;D;1,8;3,47;5,19;1,77;3,39;4,87
2021;2021-08-08;Flamengo RJ;Internacional;0;4;A;1,46;4,4;7,91;1,46;4,28;6,96
2021;2021-08-10;Gremio;Chapecoense-SC;2;1;H;1,5;3,95;8,55;1,47;3,92;7,78
2021;2021-08-14;Bragantino;Juventude;1;2;A;1,95;3,19;4,75;1,9;3,17;4,44
2021;2021-08-14;Atletico-MG;Palmeiras;2;0;H;2,07;3,36;3,94;2,06;3,22;3,69
2021;2021-08-15;Sao Paulo;Gremio;2;1;H;2,49;2,87;3,53;2,36;2,87;3,39
2021;2021-08-15;Corinthians;Ceara;3;1;H;2,28;2,95;3,91;2,24;2,9;3,6
2021;2021-08-15;Flamengo RJ;Sport Recife;2;0;H;1,31;5,62;10,22;1,3;5,3;9,16
2021;2021-08-15;Bahia;Atletico GO;1;2;A;2,09;3,26;4;2,04;3,21;3,77
2021;2021-08-15;Cuiaba;Athletico-PR;1;0;H;2,21;3,18;3,76;2,18;3,03;3,57
2021;2021-08-15;Fortaleza;Santos;1;1;D;1,83;3,6;4,74;1,8;3,45;4,53
2021;2021-08-16;Internacional;Fluminense;4;2;H;1,96;3,16;4,82;1,93;3,15;4,35
2021;2021-08-17;Chapecoense-SC;America MG;1;1;D;3,62;3,27;2,21;3,49;3,17;2,14
2021;2021-08-18;Cuiaba;Gremio;0;1;A;3,44;3,05;2,41;3,31;3;2,32
2021;2021-08-21;Atletico GO;Chapecoense-SC;1;1;D;1,87;3,33;4,98;1,84;3,26;4,67
2021;2021-08-21;Gremio;Bahia;2;0;H;1,93;3,42;4,44;1,92;3,29;4,14
2021;2021-08-22;Juventude;Fortaleza;1;1;D;4,05;2,99;2,21;3,75;2,96;2,17
2021;2021-08-22;Palmeiras;Cuiaba;0;2;A;1,46;4,3;8,22;1,45;4,1;7,58
2021;2021-08-22;Athletico-PR;Corinthians;0;1;A;2,52;3,02;3,28;2,47;2,98;3,09
2021;2021-08-22;Ceara;Flamengo RJ;1;1;D;4,51;3,78;1,82;4,3;3,56;1,81
2021;2021-08-22;Santos;Internacional;2;2;D;3,6;3,27;2,22;3,39;3,11;2,24
2021;2021-08-23;Sport Recife;Sao Paulo;0;1;A;4,92;3,2;1,93;4,59;3,16;1,88
2021;2021-08-24;America MG;Bragantino;0;2;A;3,15;3,3;2,42;3,02;3,19;2,38
2021;2021-08-24;Fluminense;Atletico-MG;1;1;D;4,42;3,3;1,98;4,21;3,19;1,96
2021;2021-08-28;Sport Recife;Chapecoense-SC;0;0;D;2,02;3,19;4,44;1,98;3,14;4,19
2021;2021-08-28;Santos;Flamengo RJ;0;4;A;5,96;4,73;1,52;5,79;4,45;1,5
2021;2021-08-29;Gremio;Corinthians;0;1;A;2,18;3;4,14;2,23;2,9;3,67
2021;2021-08-29;Palmeiras;Athletico-PR;2;1;H;1,64;3,98;5,65;1,64;3,83;5,27
2021;2021-08-29;America MG;Ceara;2;0;H;2,61;2,94;3,22;2,52;2,92;3,07
2021;2021-08-29;Juventude;Sao Paulo;1;1;D;4,96;3,03;1,98;4,39;2,97;2,01
2021;2021-08-29;Atletico GO;Internacional;0;0;D;3,94;3,35;2,08;3,68;3,27;2,06
2021;2021-08-30;Bragantino;Atletico-MG;1;1;D;3,81;3,38;2,1;3,59;3,29;2,09
2021;2021-08-30;Fluminense;Bahia;2;0;H;2,16;3,18;3,9;2,1;3,14;3,71
2021;2021-08-31;Fortaleza;Cuiaba;0;0;D;1,63;3,62;6,84;1,61;3,61;6,12
2021;2021-09-02;Fluminense;Juventude;1;1;D;1,87;3,18;5,36;1,87;3,08;4,9
2021;2021-09-05;Bahia;Fortaleza;4;2;H;3,04;3,15;2,58;2,94;3,1;2,5
2021;2021-09-05;Cuiaba;Santos;2;1;H;2,67;3,02;3,06;2,6;2,96;2,92
2021;2021-09-05;Athletico-PR;Sport Recife;0;0;D;1,69;3,57;6,05;1,65;3,52;5,71
2021;2021-09-08;Chapecoense-SC;Fluminense;1;2;A;4,32;3,11;2,08;4,16;3,08;2
2021;2021-09-08;Corinthians;Juventude;1;1;D;1,64;3,36;7,68;1,63;3,29;6,94
2021;2021-09-11;America MG;Athletico-PR;2;0;H;2,45;3,2;3,2;2,41;3,09;3,07
2021;2021-09-11;Juventude;Cuiaba;1;2;A;2,48;2,85;3,58;2,41;2,8;3,45
2021;2021-09-11;Bragantino;Chapecoense-SC;1;2;A;1,62;3,88;6,16;1,58;3,85;5,94
2021;2021-09-12;Santos;Bahia;0;0;D;2,33;3,26;3,36;2,27;3,2;3,22
2021;2021-09-12;Gremio;Ceara;2;0;H;2,12;3,17;4,04;2,11;3,07;3,77
2021;2021-09-12;Fortaleza;Atletico-MG;0;2;A;3,33;3,08;2,45;3,23;3,05;2,36
2021;2021-09-12;Palmeiras;Flamengo RJ;1;3;A;2,41;3,52;2,99;2,32;3,42;2,94
2021;2021-09-12;Atletico GO;Corinthians;1;1;D;3,07;2,8;2,86;3,06;2,75;2,68
2021;2021-09-13;Fluminense;Sao Paulo;2;1;H;3,31;2,99;2,52;3,21;2,91;2,44
2021;2021-09-14;Sport Recife;Internacional;0;1;A;3,9;3,1;2,2;3,69;3,02;2,16
2021;2021-09-18;Chapecoense-SC;Palmeiras;0;2;A;6,22;4,05;1,59;5,84;3,88;1,57
2021;2021-09-18;Athletico-PR;Juventude;2;1;H;2,13;3,06;4,21;2,07;3,03;3,96
2021;2021-09-18;Atletico-MG;Sport Recife;3;0;H;1,26;5,81;14,31;1,25;5,38;12,78
2021;2021-09-19;Bahia;Bragantino;1;1;D;2,4;3,24;3,25;2,33;3,2;3,11
2021;2021-09-19;Ceara;Santos;0;0;D;2,39;2,96;3,61;2,3;2,99;3,41
2021;2021-09-19;Internacional;Fortaleza;1;0;H;2,06;3,38;3,97;2;3,34;3,78
2021;2021-09-19;Sao Paulo;Atletico GO;2;1;H;1,57;3,99;6,63;1,57;3,83;6,24
2021;2021-09-19;Corinthians;America MG;1;1;D;2,03;3,19;4,39;2;3,13;4,09
2021;2021-09-20;Flamengo RJ;Gremio;0;1;A;1,49;4,18;7,37;1,46;4,33;6,88
2021;2021-09-21;Cuiaba;Fluminense;2;2;D;3,47;2,88;2,52;3,36;2,8;2,45
2021;2021-09-23;Sao Paulo;America MG;0;0;D;2,09;3,25;4,03;2,02;3,26;3,81
2021;2021-09-25;Ceara;Chapecoense-SC;1;0;H;1,81;3,43;5,19;1,79;3,37;4,88
2021;2021-09-25;Corinthians;Palmeiras;2;1;H;3,32;2,98;2,52;3,15;2,94;2,48
2021;2021-09-26;Sao Paulo;Atletico-MG;0;0;D;3,48;3,06;2,38;3,38;3,05;2,29
2021;2021-09-26;America MG;Flamengo RJ;1;1;D;3,92;3,44;2,05;3,74;3,39;2
2021;2021-09-26;Fluminense;Bragantino;2;1;H;1,72;3,66;5,45;1,74;3,45;5,07
2021;2021-09-26;Internacional;Bahia;2;0;H;1,73;3,78;5,15;1,74;3,59;4,77
2021;2021-09-26;Juventude;Santos;3;0;H;2,94;2,98;2,8;2,91;2,9;2,66
2021;2021-09-26;Athletico-PR;Gremio;4;2;H;3,15;2,98;2,63;3,05;2,94;2,52
2021;2021-09-26;Sport Recife;Fortaleza;0;1;A;4,1;3,2;2,09;3,9;3,1;2,07
2021;2021-09-27;Atletico GO;Cuiaba;0;0;D;2,37;2,91;3,75;2,36;2,85;3,48
2021;2021-10-02;Cuiaba;America MG;0;2;A;2,97;2,93;2,81;2,88;2,91;2,7
2021;2021-10-02;Fortaleza;Atletico GO;0;3;A;1,59;3,96;6,39;1,61;3,74;5,8
2021;2021-10-02;Bragantino;Corinthians;2;2;D;3;3,03;2,71;2,88;2,97;2,65
2021;2021-10-03;Atletico-MG;Internacional;1;0;H;1,6;3,89;6,41;1,58;3,89;5,93
2021;2021-10-03;Chapecoense-SC;Sao Paulo;1;1;D;4,53;3,41;1,92;4,29;3,3;1,9
2021;2021-10-03;Flamengo RJ;Athletico-PR;3;0;H;1,21;7,16;13,33;1,2;6,68;12,46
2021;2021-10-03;Palmeiras;Juventude;1;1;D;1,42;4,43;9,12;1,41;4,31;8,17
2021;2021-10-04;Gremio;Sport Recife;1;2;A;1,45;4,21;8,82;1,43;4,11;8,09
2021;2021-10-06;Corinthians;Bahia;3;1;H;1,65;3,57;6,59;1,63;3,53;5,91
2021;2021-10-06;Atletico GO;Athletico-PR;0;2;A;2,77;2,9;3,05;2,65;2,88;2,89
2021;2021-10-06;Ceara;Internacional;0;0;D;2,54;2,9;3,4;2,4;2,94;3,22
2021;2021-10-06;Chapecoense-SC;Atletico-MG;2;2;D;7,92;4,37;1,47;7,05;4,15;1,45
2021;2021-10-06;Sport Recife;Juventude;3;1;H;2,59;2,74;3,55;2,48;2,73;3,34
2021;2021-10-07;Bragantino;Flamengo RJ;1;1;D;3,23;3,38;2,33;3,1;3,31;2,27
2021;2021-10-07;America MG;Palmeiras;2;1;H;2,79;3,09;2,85;2,67;3,02;2,76
2021;2021-10-07;Fluminense;Fortaleza;0;2;A;2,44;3,12;3,31;2,37;3,03;3,15
2021;2021-10-07;Gremio;Cuiaba;2;2;D;1,54;3,81;7,87;1,53;3,73;6,85
2021;2021-10-07;Sao Paulo;Santos;1;1;D;1,71;3,65;5,59;1,7;3,52;5,2
2021;2021-10-09;Atletico-MG;Ceara;3;1;H;1,52;4,04;7,53;1,49;3,96;7,18
2021;2021-10-09;Fluminense;Atletico GO;0;0;D;1,94;3,16;4,9;1,92;3,12;4,52
2021;2021-10-09;Sport Recife;Corinthians;1;0;H;4,34;2,86;2,21;4,02;2,83;2,17
2021;2021-10-09;Athletico-PR;Bahia;0;2;A;1,7;3,79;5,45;1,66;3,67;5,26
2021;2021-10-09;Fortaleza;Flamengo RJ;0;3;A;3,04;3,16;2,58;3;3,11;2,46
2021;2021-10-10;Juventude;America MG;1;1;D;3,15;2,79;2,8;3,03;2,78;2,68
2021;2021-10-10;Palmeiras;Bragantino;2;4;A;1,84;3,64;4,62;1,82;3,54;4,35
2021;2021-10-10;Internacional;Chapecoense-SC;5;2;H;1,4;4,76;8,63;1,4;4,55;7,82
2021;2021-10-10;Santos;Gremio;1;0;H;2,72;3,11;2,91;2,65;3,01;2,82
2021;2021-10-12;Cuiaba;Sao Paulo;0;0;D;3,96;3,04;2,21;3,67;2,97;2,19
2021;2021-10-12;Bragantino;Atletico GO;1;0;H;1,79;3,52;5,19;1,74;3,46;4,87
2021;2021-10-13;Bahia;Palmeiras;0;0;D;3,2;3,33;2,38;3,07;3,24;2,31
2021;2021-10-13;Atletico-MG;Santos;3;1;H;1,47;4,36;7,68;1,43;4,27;7,51
2021;2021-10-13;Chapecoense-SC;Athletico-PR;1;1;D;4,16;3,36;2,01;3,92;3,29;1,97
2021;2021-10-13;Flamengo RJ;Juventude;3;1;H;1,39;4,82;9,08;1,35;4,68;8,95
2021;2021-10-14;Fortaleza;Gremio;1;0;H;1,87;3,45;4,72;1,84;3,34;4,44
2021;2021-10-14;Corinthians;Fluminense;1;0;H;2;3,15;4,62;1,94;3,12;4,38
2021;2021-10-14;Internacional;America MG;3;1;H;1,97;3,37;4,35;1,92;3,32;4,02
2021;2021-10-14;Cuiaba;Sport Recife;1;0;H;2,16;2,95;4,32;2,11;2,92;4,03
2021;2021-10-14;Sao Paulo;Ceara;1;1;D;1,7;3,63;5,73;1,68;3,45;5,38
2021;2021-10-16;Chapecoense-SC;Fortaleza;1;2;A;5,19;3,75;1,74;4,89;3,58;1,72
2021;2021-10-17;America MG;Bahia;0;0;D;2;3,4;4,14;2,01;3,26;3,8
2021;2021-10-17;Athletico-PR;Fluminense;0;1;A;2,56;2,96;3,29;2,46;2,94;3,11
2021;2021-10-17;Palmeiras;Internacional;1;0;H;1,78;3,65;4,96;1,75;3,61;4,65
2021;2021-10-17;Atletico GO;Atletico-MG;2;1;H;5,25;3,46;1,79;4,89;3,36;1,77
2021;2021-10-17;Ceara;Bragantino;2;2;D;2,17;3,28;3,74;2,15;3,17;3,51
2021;2021-10-17;Gremio;Juventude;3;2;H;1,75;3,43;5,76;1,73;3,3;5,42
2021;2021-10-18;Flamengo RJ;Cuiaba;0;0;D;1,27;6,06;12,05;1,26;5,62;10,94
2021;2021-10-18;Sport Recife;Santos;0;0;D;2,64;2,93;3,2;2,55;2,89;3,02
2021;2021-10-19;Sao Paulo;Corinthians;1;0;H;2,09;3,14;4,23;2,09;3,02;3,94
2021;2021-10-20;Ceara;Palmeiras;1;2;A;3,25;3,23;2,41;3,05;3,13;2,39
2021;2021-10-22;Internacional;Bragantino;1;1;D;1,88;3,46;4,65;1,84;3,48;4,26
2021;2021-10-23;Juventude;Ceara;0;0;D;2,94;2,93;2,85;2,75;2,86;2,83
2021;2021-10-23;Santos;America MG;0;2;A;2,43;3,13;3,31;2,37;3,03;3,18
2021;2021-10-23;Fluminense;Flamengo RJ;3;1;H;4,95;3,24;1,91;4,69;3,28;1,83
2021;2021-10-23;Fortaleza;Athletico-PR;3;0;H;1,58;3,76;7,18;1,55;3,77;6,38
2021;2021-10-24;Atletico-MG;Cuiaba;2;1;H;1,28;5,91;11,2;1,27;5,28;11,18
2021;2021-10-24;Internacional;Corinthians;2;2;D;2,17;3,08;4,01;2,13;3,06;3,71
2021;2021-10-24;Bragantino;Sao Paulo;1;0;H;2,78;3,16;2,81;2,68;3,06;2,7
2021;2021-10-25;Bahia;Chapecoense-SC;3;0;H;1,47;4,54;7,24;1,46;4,27;6,82
2021;2021-10-26;Atletico GO;Gremio;2;0;H;2,93;3,07;2,73;2,77;3;2,68
2021;2021-10-26;Palmeiras;Sport Recife;2;1;H;1,37;4,9;9,6;1,36;4,64;8,6
2021;2021-10-27;Bahia;Ceara;1;1;D;2,11;3,23;3,99;2,05;3,21;3,75
2021;2021-10-27;Santos;Fluminense;2;0;H;2,59;3,03;3,16;2,54;2,93;3,03
2021;2021-10-28;Bragantino;Sport Recife;3;0;H;1,48;4,38;7,57;1,47;4,12;7,11
2021;2021-10-30;Athletico-PR;Santos;0;1;A;1,81;3,55;5,01;1,8;3,38;4,65
2021;2021-10-30;Flamengo RJ;Atletico-MG;1;0;H;2,3;3,34;3,34;2,25;3,25;3,23
2021;2021-10-30;Juventude;Bahia;0;0;D;2,43;2,97;3,52;2,42;2,9;3,27
2021;2021-10-31;America MG;Fortaleza;2;1;H;2,12;3,19;4,02;2,08;2,99;3,7
2021;2021-10-31;Ceara;Fluminense;1;0;H;2,31;3,08;3,61;2,3;2,99;3,39
2021;2021-10-31;Gremio;Palmeiras;1;3;A;2,91;3,28;2,61;2,85;3,19;2,5
2021;2021-10-31;Sao Paulo;Internacional;1;0;H;1,78;3,56;5,22;1,75;3,52;4,88
2021;2021-10-31;Sport Recife;Atletico GO;2;0;H;2,47;2,93;3,48;2,43;2,85;3,27
2021;2021-11-01;Cuiaba;Bragantino;1;0;H;2,57;3,02;3,2;2,5;2,97;3,03
2021;2021-11-02;Corinthians;Chapecoense-SC;1;0;H;1,38;4,87;9,27;1,37;4,55;8,59
2021;2021-11-02;Athletico-PR;Flamengo RJ;2;2;D;3,42;3,3;2,28;3,27;3,2;2,24
2021;2021-11-04;Atletico-MG;Gremio;2;1;H;1,42;4,73;8,08;1,42;4,45;7,53
2021;2021-11-05;Cuiaba;Chapecoense-SC;0;0;D;1,72;3,45;5,99;1,68;3,44;5,67
2021;2021-11-06;Flamengo RJ;Atletico GO;2;0;H;1,33;5,35;9,82;1,33;5,13;8,8
2021;2021-11-06;Corinthians;Fortaleza;1;0;H;1,82;3,42;5,16;1,81;3,34;4,9
2021;2021-11-06;Internacional;Gremio;1;0;H;2,4;3,01;3,52;2,3;3;3,44
2021;2021-11-07;Fluminense;Sport Recife;1;0;H;1,75;3,33;6,07;1,72;3,27;5,74
2021;2021-11-07;Atletico-MG;America MG;1;0;H;1,65;3,81;5,92;1,65;3,68;5,49
2021;2021-11-07;Bragantino;Athletico-PR;0;2;A;2,2;3,19;3,75;2,15;3,15;3,61
2021;2021-11-07;Santos;Palmeiras;0;2;A;3,9;3,31;2,1;3,73;3,25;2,08
2021;2021-11-07;Bahia;Sao Paulo;1;0;H;3,03;3,16;2,58;2,98;3,06;2,52
2021;2021-11-07;Ceara;Cuiaba;1;0;H;1,93;3,2;4,93;1,94;3,14;4,49
2021;2021-11-08;Chapecoense-SC;Flamengo RJ;2;2;D;7,95;5,14;1,39;8,18;4,87;1,36
2021;2021-11-10;Gremio;Fluminense;1;0;H;2,39;2,91;3,68;2,36;2,92;3,4
2021;2021-11-10;Athletico-PR;Ceara;2;1;H;1,85;3,45;4,91;1,81;3,38;4,7
2021;2021-11-10;Atletico-MG;Corinthians;3;0;H;1,59;3,58;7,73;1,55;3,65;7,1
2021;2021-11-10;Santos;Bragantino;2;0;H;2,58;3,2;3,01;2,53;3,13;2,9
2021;2021-11-10;Palmeiras;Atletico GO;4;0;H;1,38;4,83;9,37;1,36;4,69;8,9
2021;2021-11-11;Fortaleza;Sao Paulo;1;1;D;2,7;3,03;3,01;2,62;2,97;2,91
2021;2021-11-11;Juventude;Internacional;2;1;H;2,76;2,86;3,12;2,67;2,8;3,04
2021;2021-11-11;Sport Recife;America MG;2;3;A;3,05;3,11;2,61;2,97;3,03;2,54
2021;2021-11-11;Flamengo RJ;Bahia;3;0;H;1,63;4,01;5,8;1,58;4,03;5,48
2021;2021-11-13;Atletico GO;Santos;0;0;D;2,09;3,22;4,06;2,09;3,17;3,77
2021;2021-11-13;America MG;Gremio;3;1;H;2,14;3,25;3,85;2,09;3,21;3,69
2021;2021-11-13;Bragantino;Fortaleza;3;0;H;2,06;3,35;4,06;2,04;3,25;3,83
2021;2021-11-13;Internacional;Athletico-PR;2;1;H;2,18;3,14;3,89;2,15;3,06;3,75
2021;2021-11-14;Corinthians;Cuiaba;3;2;H;1,58;3,68;7,42;1,59;3,53;6,93
2021;2021-11-14;Sao Paulo;Flamengo RJ;0;4;A;2,77;3,41;2,64;2,72;3,3;2,59
2021;2021-11-14;Fluminense;Palmeiras;2;1;H;3,31;3,21;2,38;3,16;3,11;2,36
2021;2021-11-14;Ceara;Sport Recife;2;1;H;1,75;3,49;5,55;1,77;3,35;5,05
2021;2021-11-14;Chapecoense-SC;Juventude;0;2;A;3,38;3,16;2,37;3,31;3,1;2,3
2021;2021-11-16;Athletico-PR;Atletico-MG;0;1;A;6,79;4,22;1,53;6,48;4,07;1,51
2021;2021-11-16;Gremio;Bragantino;3;0;H;1,55;4,36;6,07;1,54;4,15;5,88
2021;2021-11-17;America MG;Atletico GO;0;0;D;1,61;4,03;6,01;1,6;3,88;5,67
2021;2021-11-17;Cuiaba;Internacional;1;0;H;2,61;3,03;3,12;2,6;2,98;2,97
2021;2021-11-17;Santos;Chapecoense-SC;2;0;H;1,38;4,66;9,99;1,36;4,61;9,19
2021;2021-11-17;Fortaleza;Ceara;0;4;A;2,48;3,03;3,33;2,42;2,97;3,2
2021;2021-11-17;Juventude;Fluminense;1;0;H;2,77;2,74;3,26;2,8;2,7;3,01
2021;2021-11-17;Palmeiras;Sao Paulo;0;2;A;2,25;3,28;3,51;2,14;3,27;3,51
2021;2021-11-18;Flamengo RJ;Corinthians;1;0;H;1,93;3,39;4,49;1,9;3,35;4,31
2021;2021-11-19;Sport Recife;Bahia;1;0;H;2,78;3,1;2,85;2,79;2,97;2,74
2021;2021-11-20;Atletico-MG;Juventude;2;0;H;1,33;5,08;11,14;1,32;4,93;9,82
2021;2021-11-20;Chapecoense-SC;Gremio;1;3;A;6,13;4,31;1,56;5,95;4,04;1,55
2021;2021-11-20;Fortaleza;Palmeiras;1;0;H;2,73;3,12;2,89;2,62;3,08;2,82
2021;2021-11-21;Atletico GO;Ceara;1;1;D;2,37;3,12;3,43;2,27;3,07;3,36
2021;2021-11-21;Internacional;Flamengo RJ;1;2;A;3,91;3,54;2,01;3,83;3,4;1,99
2021;2021-11-21;Corinthians;Santos;2;0;H;1,74;3,37;6,03;1,74;3,29;5,56
2021;2021-11-21;Fluminense;America MG;2;0;H;2,2;3,16;3,8;2,17;3,12;3,54
2021;2021-11-21;Bahia;Cuiaba;0;0;D;1,88;3,34;4,94;1,86;3,23;4,65
2021;2021-11-23;Atletico GO;Juventude;1;1;D;2,2;3,02;4,04;2,13;3;3,89
2021;2021-11-24;Gremio;Flamengo RJ;2;2;D;2,08;3,6;3,62;2,03;3,51;3,5
2021;2021-11-24;Palmeiras;Atletico-MG;2;2;D;4,71;3,53;1,85;4,59;3,54;1,78
2021;2021-11-25;Fluminense;Internacional;1;0;H;2,44;3,03;3,41;2,37;3,02;3,22
2021;2021-11-25;Sao Paulo;Athletico-PR;0;0;D;1,86;3,32;5,09;1,84;3,22;4,79
2021;2021-11-25;Santos;Fortaleza;2;0;H;2,84;3,03;2,85;2,74;2,98;2,78
2021;2021-11-25;Ceara;Corinthians;2;1;H;2,43;3,05;3,45;2,36;3,05;3,22
2021;2021-11-26;Bahia;Gremio;3;1;H;2,64;3,18;2,95;2,59;3,07;2,85
2021;2021-11-27;Bragantino;America MG;1;1;D;1,97;3,45;4,21;1,95;3,35;4,02
2021;2021-11-28;Sao Paulo;Sport Recife;2;0;H;1,49;4,2;7,74;1,48;4,06;7,08
2021;2021-11-28;Atletico-MG;Fluminense;2;1;H;1,39;4,84;8,95;1,37;4,54;9,06
2021;2021-11-28;Corinthians;Athletico-PR;1;0;H;2;3,18;4,53;2;3,07;4,24
2021;2021-11-28;Internacional;Santos;1;1;D;1,57;4,16;6,18;1,56;3,91;6,08
2021;2021-11-29;Atletico GO;Bahia;2;1;H;2,61;3,05;3,11;2,54;2,99;3
2021;2021-11-30;Juventude;Bragantino;1;0;H;2,43;3,02;3,43;2,42;2,95;3,23
2021;2021-11-30;Flamengo RJ;Ceara;2;1;H;1,44;4,83;7,36;1,43;4,57;6,88
2021;2021-12-01;America MG;Chapecoense-SC;3;0;H;1,29;5,71;11,18;1,27;5,48;11,48
2021;2021-12-01;Cuiaba;Palmeiras;1;3;A;1,71;3,61;5,36;1,73;3,47;5,1
2021;2021-12-02;Bahia;Atletico-MG;2;3;A;4,45;3,14;2,04;4,1;3,17;1,99
2021;2021-12-02;Gremio;Sao Paulo;3;0;H;2,22;3,24;3,65;2,2;3,16;3,46
2021;2021-12-03;Athletico-PR;Cuiaba;1;0;H;1,74;3,29;6,43;1,72;3,2;5,86
2021;2021-12-03;Chapecoense-SC;Atletico GO;0;1;A;3,83;3,16;2,19;3,65;3,18;2,11
2021;2021-12-03;Sport Recife;Flamengo RJ;1;1;D;4,78;3,85;1,76;4,65;3,76;1,71
2021;2021-12-04;Fortaleza;Juventude;1;0;H;1,71;3,58;5,78;1,7;3,5;5,23
2021;2021-12-05;Atletico-MG;Bragantino;4;3;H;1,96;3,48;4,2;1,97;3,37;3,93
2021;2021-12-05;Bahia;Fluminense;2;0;H;2,04;3,22;4,28;2,05;3,13;3,96
2021;2021-12-05;Corinthians;Gremio;1;1;D;2,34;3,37;3,23;2,27;3,31;3,13
2021;2021-12-05;Ceara;America MG;0;0;D;2,17;3,21;3,86;2,13;3,18;3,62
2021;2021-12-06;Athletico-PR;Palmeiras;0;0;D;1,44;4,61;7,76;1,42;4,43;7,67
2021;2021-12-06;Sao Paulo;Juventude;3;1;H;1,63;3,64;6,8;1,63;3,53;6,12
2021;2021-12-06;Cuiaba;Fortaleza;1;0;H;2,2;3,01;4,06;2,12;3,04;3,89
2021;2021-12-06;Flamengo RJ;Santos;0;1;A;1,53;4,68;5,86;1,51;4,53;5,77
2021;2021-12-06;Internacional;Atletico GO;1;2;A;1,56;4,09;6,56;1,55;4;6,12
2021;2021-12-07;Chapecoense-SC;Sport Recife;0;1;A;3,11;3,16;2,53;3;3,09;2,48
2021;2021-12-10;America MG;Sao Paulo;2;0;H;1,94;3,47;4,3;1,98;3,29;4,02
2021;2021-12-10;Atletico GO;Flamengo RJ;2;0;H;1,72;4,12;4,7;1,73;3,87;4,49
2021;2021-12-10;Bragantino;Internacional;1;0;H;1,88;3,72;4,28;1,89;3,61;3,95
2021;2021-12-10;Fluminense;Chapecoense-SC;3;0;H;1,19;6,94;16,79;1,19;6,7;15,66
2021;2021-12-10;Fortaleza;Bahia;2;1;H;2,54;3,27;3;2,45;3,2;2,94
2021;2021-12-10;Gremio;Atletico-MG;4;3;H;1,54;4,57;5,91;1,52;4,33;5,77
2021;2021-12-10;Juventude;Corinthians;1;0;H;2,33;3,11;3,55;2,25;3,06;3,46
2021;2021-12-10;Palmeiras;Ceara;1;0;H;4,21;3,84;1,86;4;3,73;1,85
2021;2021-12-10;Santos;Cuiaba;1;1;D;2,11;3,04;4,33;2,07;3,01;4,09
2021;2021-12-10;Sport Recife;Athletico-PR;1;1;D;1,75;3,64;5,28;1,71;3,57;5,19
2022;2022-04-09;Fluminense;Santos;0;0;D;1,73;3,53;5,67;1,76;3,38;5,19
2022;2022-04-09;Atletico GO;Flamengo RJ;1;1;D;3,99;3,37;2,06;3,92;3,38;1,97
2022;2022-04-10;Palmeiras;Ceara;2;3;A;1,44;4,41;8,53;1,42;4,32;7,99
2022;2022-04-10;Coritiba;Goias;3;0;H;1,85;3,35;4,96;1,87;3,26;4,63
2022;2022-04-10;Atletico-MG;Internacional;2;0;H;1,5;4,2;7,46;1,47;4,27;7,11
2022;2022-04-10;Botafogo RJ;Corinthians;1;3;A;2,62;3,07;3,08;2,57;3;2,98
2022;2022-04-10;Fortaleza;Cuiaba;0;1;A;1,93;3,08;5,25;1,9;3,12;4,75
2022;2022-04-10;Avai;America MG;1;0;H;3,08;2,82;2,83;2,92;2,87;2,71
2022;2022-04-10;Sao Paulo;Athletico-PR;4;0;H;1,61;3,68;6,85;1,63;3,62;5,98
2022;2022-04-12;Juventude;Bragantino;2;2;D;2,36;3,17;3,39;2,37;3,05;3,22
2022;2022-04-16;Goias;Palmeiras;1;1;D;6,62;3,93;1,6;6,15;3,84;1,57
2022;2022-04-16;America MG;Juventude;4;1;H;2,08;2,96;4,64;2,05;2,99;4,27
2022;2022-04-16;Corinthians;Avai;3;0;H;1,5;3,96;8,53;1,5;3,84;7,7
2022;2022-04-17;Cuiaba;Fluminense;0;1;A;3,02;2,85;2,85;2,98;2,84;2,71
2022;2022-04-17;Santos;Coritiba;2;1;H;2,01;3,39;4,22;1,97;3,33;4,01
2022;2022-04-17;Flamengo RJ;Sao Paulo;3;1;H;1,72;3,82;5,18;1,74;3,68;4,76
2022;2022-04-17;Athletico-PR;Atletico-MG;0;1;A;3,75;3,16;2,22;3,64;3,14;2,17
2022;2022-04-17;Bragantino;Atletico GO;4;0;H;1,89;3,45;4,62;1,86;3,41;4,43
2022;2022-04-17;Internacional;Fortaleza;2;1;H;2,46;3,05;3,35;2,37;3,07;3,26
2022;2022-04-17;Ceara;Botafogo RJ;1;3;A;1,72;3,76;5,24;1,75;3,56;4,92
2022;2022-04-20;Flamengo RJ;Palmeiras;0;0;D;2,12;3,42;3,71;2,06;3,38;3,6
2022;2022-04-23;Athletico-PR;Flamengo RJ;1;0;H;3,82;3,38;2,1;3,59;3,36;2,07
2022;2022-04-23;Bragantino;Sao Paulo;1;1;D;3,4;3,1;2,4;3,31;3,11;2,32
2022;2022-04-23;Fluminense;Internacional;0;1;A;1,87;3,28;5,11;1,85;3,25;4,78
2022;2022-04-23;Palmeiras;Corinthians;3;0;H;1,91;3,36;4,66;1,9;3,29;4,44
2022;2022-04-24;Atletico-MG;Coritiba;2;2;D;1,25;5,73;15,17;1,23;5,79;14,05
2022;2022-04-24;Santos;America MG;3;0;H;2,2;3,13;3,85;2,24;3,06;3,54
2022;2022-04-24;Juventude;Cuiaba;0;1;A;2,07;3,05;4,49;2,05;3,01;4,26
2022;2022-04-24;Atletico GO;Botafogo RJ;1;1;D;2,29;3,34;3,36;2,24;3,27;3,27
2022;2022-04-26;Avai;Goias;3;2;H;2,26;2,96;3,95;2,22;2,92;3,79
2022;2022-04-30;America MG;Athletico-PR;1;0;H;1,99;3,21;4,52;1,98;3,2;4,19
2022;2022-04-30;Ceara;Bragantino;0;1;A;2,05;3,29;4,12;2,04;3,27;3,85
2022;2022-04-30;Goias;Atletico-MG;2;2;D;7,5;4,16;1,51;7,35;4,16;1,47
2022;2022-04-30;Cuiaba;Atletico GO;1;1;D;2,25;2,99;3,93;2,27;2,95;3,58
2022;2022-05-01;Botafogo RJ;Juventude;1;1;D;1,92;3,31;4,73;1,93;3,29;4,26
2022;2022-05-01;Corinthians;Fortaleza;1;0;H;1,81;3,47;5,15;1,81;3,37;4,81
2022;2022-05-01;Coritiba;Fluminense;3;2;H;2,53;2,95;3,34;2,5;2,94;3,14
2022;2022-05-01;Internacional;Avai;0;0;D;1,53;4,02;7,6;1,52;3,9;6,93
2022;2022-05-03;Sao Paulo;Santos;2;1;H;1,65;3,73;6,07;1,63;3,66;5,92
2022;2022-05-07;Atletico-MG;America MG;1;2;A;1,44;4,67;7,74;1,43;4,47;7,31
2022;2022-05-08;Athletico-PR;Ceara;1;0;H;2,1;3,26;4;2,12;3,19;3,66
2022;2022-05-08;Flamengo RJ;Botafogo RJ;0;1;A;1,5;4,31;7,2;1,48;4,31;6,58
2022;2022-05-08;Atletico GO;Goias;0;1;A;1,78;3,46;5,37;1,76;3,37;5,12
2022;2022-05-08;Palmeiras;Fluminense;1;1;D;1,45;4,47;7,97;1,46;4,25;7,26
2022;2022-05-08;Bragantino;Corinthians;0;1;A;2,69;3,01;3,04;2,55;3,06;2,94
2022;2022-05-08;Santos;Cuiaba;4;1;H;1,91;3,21;5;1,85;3,18;4,96
2022;2022-05-08;Fortaleza;Sao Paulo;1;1;D;2,51;3,08;3,22;2,43;3,03;3,16
2022;2022-05-08;Juventude;Internacional;1;1;D;2,91;2,93;2,88;2,77;2,91;2,83
2022;2022-05-10;Avai;Coritiba;2;1;H;2,35;3,15;3,44;2,34;3,07;3,28
2022;2022-05-12;Bragantino;Atletico-MG;1;1;D;3,42;3,12;2,38;3,41;3,1;2,26
2022;2022-05-14;Ceara;Flamengo RJ;2;2;D;4,26;3,62;1,91;3,86;3,41;1,97
2022;2022-05-14;Palmeiras;Bragantino;2;0;H;1,34;5,58;8,98;1,33;5,24;8,86
2022;2022-05-14;Atletico-MG;Atletico GO;2;0;H;1,27;6,11;10,8;1,25;5,93;11
2022;2022-05-14;Internacional;Corinthians;2;2;D;2,27;3,15;3,62;2,24;3,12;3,46
2022;2022-05-15;Fluminense;Athletico-PR;2;1;H;2,08;3,18;4,21;2,05;3,06;4,08
2022;2022-05-15;Sao Paulo;Cuiaba;2;1;H;1,46;4,26;8,35;1,47;4,05;7,57
2022;2022-05-15;Coritiba;America MG;1;0;H;2,24;3,13;3,74;2,17;3,11;3,61
2022;2022-05-15;Avai;Juventude;1;2;A;2,4;3,04;3,47;2,28;2,99;3,49
2022;2022-05-15;Botafogo RJ;Fortaleza;3;1;H;2,34;3,1;3,54;2,29;3,09;3,36
2022;2022-05-15;Goias;Santos;1;0;H;3,21;3,09;2,51;3,08;3,05;2,46
2022;2022-05-21;Atletico GO;Coritiba;2;0;H;2,08;3,23;4,05;2,12;3,24;3,6
2022;2022-05-21;Flamengo RJ;Goias;1;0;H;1,17;7,33;18,97;1,17;7,26;16,02
2022;2022-05-21;Santos;Ceara;0;0;D;2,46;3,1;3,29;2,31;3,1;3,3
2022;2022-05-21;Juventude;Palmeiras;0;3;A;5,07;3,42;1,83;4,68;3,37;1,83
2022;2022-05-22;America MG;Botafogo RJ;1;1;D;2,72;3,08;2,88;2,67;3,03;2,82
2022;2022-05-22;Cuiaba;Internacional;1;1;D;3;2,9;2,82;2,89;2,88;2,73
2022;2022-05-22;Corinthians;Sao Paulo;1;1;D;2,56;2,86;3,41;2,49;2,86;3,28
2022;2022-05-22;Fortaleza;Fluminense;0;1;A;2,02;3,3;4,23;2,03;3,21;3,97
2022;2022-05-22;Athletico-PR;Avai;2;1;H;1,57;3,93;6,84;1,6;3,67;6,2
2022;2022-05-28;Goias;Bragantino;1;1;D;2,89;2,93;2,89;2,87;2,92;2,71
2022;2022-05-28;Sao Paulo;Ceara;2;2;D;1,68;3,67;5,99;1,72;3,46;5,29
2022;2022-05-29;Fortaleza;Juventude;1;1;D;1,58;3,87;6,78;1,58;3,77;6,26
2022;2022-05-29;Coritiba;Botafogo RJ;1;0;H;2,71;3,03;3;2,74;3;2,76
2022;2022-05-29;Santos;Palmeiras;0;1;A;4,2;3,44;1,98;4,05;3,36;1,95
2022;2022-05-29;Corinthians;America MG;1;1;D;1,67;3,84;5,94;1,63;3,61;5,89
2022;2022-05-29;Cuiaba;Athletico-PR;0;1;A;2,64;2,83;3,33;2,57;2,79;3,22
2022;2022-05-29;Fluminense;Flamengo RJ;1;2;A;4,24;3,43;1,97;4,12;3,34;1,94
2022;2022-05-29;Atletico-MG;Avai;2;1;H;1,21;6,58;15,13;1,21;6,21;14,43
2022;2022-05-31;Internacional;Atletico GO;1;1;D;1,6;3,87;6,54;1,59;3,73;6,07
2022;2022-06-02;Fortaleza;Ceara;0;1;A;2,54;2,98;3,29;2,47;2,93;3,18
2022;2022-06-04;America MG;Cuiaba;2;1;H;1,88;3,19;5,22;1,8;3,19;5,22
2022;2022-06-04;Athletico-PR;Santos;2;2;D;2,06;3,32;4,03;2,09;3,19;3,72
2022;2022-06-04;Avai;Sao Paulo;1;1;D;4,36;3,06;2,09;4,09;3,04;2,06
2022;2022-06-04;Ceara;Coritiba;1;1;D;1,58;4,07;6,21;1,59;3,83;5,89
2022;2022-06-05;Atletico GO;Corinthians;0;1;A;2,46;3,15;3,24;2,44;3,05;3,1
2022;2022-06-05;Juventude;Fluminense;1;0;H;2,66;2,97;3,13;2,67;2,94;2,89
2022;2022-06-05;Flamengo RJ;Fortaleza;1;2;A;1,52;4,17;7,04;1,5;4,18;6,53
2022;2022-06-05;Palmeiras;Atletico-MG;0;0;D;2,13;3,37;3,73;2,14;3,3;3,48
2022;2022-06-05;Bragantino;Internacional;0;2;A;2,29;3,08;3,67;2,31;3,06;3,34
2022;2022-06-07;Botafogo RJ;Goias;1;2;A;1,73;3,42;6,06;1,7;3,39;5,61
2022;2022-06-08;Cuiaba;Corinthians;1;0;H;3,04;2,88;2,8;2,98;2,79;2,74
2022;2022-06-08;America MG;Ceara;0;2;A;2,23;3,02;3,93;2,22;3;3,61
2022;2022-06-08;Juventude;Athletico-PR;1;3;A;2,8;2,9;3,03;2,74;2,86;2,9
2022;2022-06-09;Atletico GO;Avai;2;1;H;1,66;3,68;6,16;1,65;3,63;5,62
2022;2022-06-09;Bragantino;Flamengo RJ;1;0;H;2,39;3,27;3,23;2,41;3,13;3,11
2022;2022-06-09;Fluminense;Atletico-MG;5;3;H;3,78;3;2,3;3,66;2,99;2,22
2022;2022-06-09;Santos;Internacional;1;1;D;2,26;3,03;3,83;2,21;2,99;3,65
2022;2022-06-09;Palmeiras;Botafogo RJ;4;0;H;1,39;5,07;8,21;1,4;4,73;7,48
2022;2022-06-10;Coritiba;Sao Paulo;1;1;D;3,42;3,01;2,45;3,26;3,05;2,36
2022;2022-06-10;Fortaleza;Goias;1;1;D;1,48;4,26;7,77;1,51;4,01;6,75
2022;2022-06-11;Corinthians;Juventude;2;0;H;1,81;3,25;5,63;1,77;3,24;5,35
2022;2022-06-11;Atletico-MG;Santos;1;1;D;1,46;4,34;8,23;1,45;4,35;7,32
2022;2022-06-11;Cuiaba;Bragantino;1;1;D;3,56;2,96;2,41;3,45;2,93;2,34
2022;2022-06-11;Fluminense;Atletico GO;0;2;A;1,91;3,38;4,66;1,88;3,36;4,4
2022;2022-06-12;Internacional;Flamengo RJ;3;1;H;3,28;3,16;2,43;3,13;3,17;2,36
2022;2022-06-12;Goias;Ceara;1;1;D;2,9;2,99;2,82;2,8;3;2,71
2022;2022-06-12;Sao Paulo;America MG;1;0;H;1,73;3,54;5,7;1,72;3,51;5,25
2022;2022-06-12;Coritiba;Palmeiras;0;2;A;5,47;3,86;1,68;5,04;3,72;1,68
2022;2022-06-12;Fortaleza;Athletico-PR;0;0;D;1,59;4,08;6,08;1,63;3,76;5,53
2022;2022-06-13;Botafogo RJ;Avai;0;1;A;1,88;3,35;4,9;1,84;3,38;4,53
2022;2022-06-15;Juventude;Santos;1;2;A;2,37;3,02;3,57;2,32;2,97;3,42
2022;2022-06-15;Bragantino;Coritiba;4;2;H;1,56;3,77;7,55;1,54;3,84;6,76
2022;2022-06-15;Ceara;Atletico-MG;0;0;D;3,69;3,14;2,25;3,46;3,14;2,21
2022;2022-06-16;Flamengo RJ;Cuiaba;2;0;H;1,32;5,57;10,11;1,32;5,18;9,18
2022;2022-06-16;Goias;Internacional;1;2;A;3,64;3,12;2,28;3,42;3,09;2,26
2022;2022-06-16;America MG;Fluminense;0;0;D;2,33;3,12;3,52;2,33;3,02;3,36
2022;2022-06-16;Athletico-PR;Corinthians;1;1;D;2,38;3,12;3,42;2,36;3,03;3,29
2022;2022-06-16;Botafogo RJ;Sao Paulo;1;0;H;3,62;3,06;2,33;3,38;2,99;2,32
2022;2022-06-16;Palmeiras;Atletico GO;4;2;H;1,41;4,72;8,33;1,42;4,57;7,35
2022;2022-06-16;Avai;Fortaleza;3;2;H;3,21;3,17;2,46;3,12;3,11;2,39
2022;2022-06-18;Cuiaba;Ceara;0;0;D;2,81;2,85;3,06;2,78;2,86;2,86
2022;2022-06-19;Santos;Bragantino;2;2;D;2,11;3,25;3,98;2,09;3,2;3,72
2022;2022-06-19;Atletico-MG;Flamengo RJ;2;0;H;1,98;3,57;3,99;1,96;3,47;3,85
2022;2022-06-19;Corinthians;Goias;1;0;H;1,5;4,05;8,02;1,52;3,87;7,02
2022;2022-06-19;Coritiba;Athletico-PR;0;1;A;2,69;2,92;3,14;2,6;2,92;3
2022;2022-06-19;Atletico GO;Juventude;3;1;H;1,68;3,84;5,47;1,69;3,63;5,21
2022;2022-06-19;Fortaleza;America MG;1;0;H;1,73;3,78;5,18;1,74;3,58;4,87
2022;2022-06-19;Internacional;Botafogo RJ;2;3;A;1,54;3,95;7,31;1,55;3,88;6,4
2022;2022-06-19;Fluminense;Avai;2;0;H;1,66;3,72;5,99;1,66;3,55;5,69
2022;2022-06-21;Sao Paulo;Palmeiras;1;2;A;3,13;3,09;2,59;3,02;3,04;2,52
2022;2022-06-25;Internacional;Coritiba;3;0;H;1,78;3,64;5,05;1,76;3,57;4,7
2022;2022-06-25;Athletico-PR;Bragantino;4;2;H;3,33;3,11;2,43;3,19;3,06;2,39
2022;2022-06-25;Corinthians;Santos;0;0;D;2,33;2,98;3,72;2,25;2,96;3,64
2022;2022-06-25;Flamengo RJ;America MG;3;0;H;1,52;4,26;6,85;1,51;4,17;6,39
2022;2022-06-26;Atletico-MG;Fortaleza;3;2;H;1,85;3,24;5,38;1,82;3,25;4,99
2022;2022-06-26;Avai;Palmeiras;2;2;D;5,35;3,38;1,81;4,86;3,27;1,83
2022;2022-06-26;Botafogo RJ;Fluminense;0;1;A;3,19;3,06;2,55;3,03;3,04;2,51
2022;2022-06-26;Ceara;Atletico GO;1;1;D;1,95;3,33;4,5;1,99;3,25;4,02
2022;2022-06-26;Goias;Cuiaba;1;0;H;2,36;2,98;3,66;2,42;2,94;3,29
2022;2022-06-26;Sao Paulo;Juventude;0;0;D;1,59;3,68;7,3;1,56;3,78;6,59
2022;2022-07-02;Fluminense;Corinthians;4;0;H;1,6;3,66;7,1;1,62;3,48;6,6
2022;2022-07-02;Juventude;Atletico-MG;1;2;A;4,82;3,37;1,88;4,5;3,3;1,87
2022;2022-07-02;Ceara;Internacional;1;1;D;2,07;3,25;4,12;2,11;3,15;3,72
2022;2022-07-02;Santos;Flamengo RJ;1;2;A;3,05;3,17;2,57;2,91;3,13;2,51
2022;2022-07-03;Palmeiras;Athletico-PR;0;2;A;1,34;5,47;9,19;1,33;5,2;8,68
2022;2022-07-03;Avai;Cuiaba;1;2;A;2,28;3,02;3,78;2,24;2,96;3,61
2022;2022-07-03;Atletico GO;Sao Paulo;1;2;A;2,74;3,18;2,82;2,66;3,11;2,75
2022;2022-07-03;America MG;Goias;1;0;H;1,81;3,37;5,12;1,8;3,39;4,72
2022;2022-07-03;Coritiba;Fortaleza;2;1;H;2,43;3,18;3,25;2,39;3,15;3,06
2022;2022-07-05;Bragantino;Botafogo RJ;0;1;A;1,71;3,61;5,69;1,69;3,56;5,32
2022;2022-07-09;Bragantino;Avai;4;0;H;1,5;4,27;7,25;1,49;4,15;6,68
2022;2022-07-09;Fluminense;Ceara;2;1;H;1,71;3,65;5,59;1,72;3,49;5,21
2022;2022-07-10;Goias;Athletico-PR;2;1;H;2,81;2,98;2,93;2,75;2,96;2,79
2022;2022-07-10;Coritiba;Juventude;2;2;D;1,92;3,44;4,49;1,89;3,33;4,3
2022;2022-07-10;Corinthians;Flamengo RJ;1;0;H;3,09;2,93;2,72;2,99;2,93;2,62
2022;2022-07-10;Atletico-MG;Sao Paulo;0;0;D;1,58;3,95;6,55;1,59;3,77;6,23
2022;2022-07-10;Fortaleza;Palmeiras;0;0;D;3,77;3,44;2,09;3,66;3,36;2,04
2022;2022-07-10;Santos;Atletico GO;1;0;H;1,97;3,39;4,33;1,94;3,3;4,17
2022;2022-07-10;Cuiaba;Botafogo RJ;2;0;H;2,32;2,92;3,85;2,28;2,92;3,61
2022;2022-07-12;Internacional;America MG;1;0;H;1,63;3,92;5,93;1,65;3,74;5,38
2022;2022-07-16;Athletico-PR;Internacional;0;0;D;2,2;3,3;3,62;2,23;3,17;3,44
2022;2022-07-16;Avai;Santos;1;0;H;3,16;3,09;2,55;2,99;3,06;2,51
2022;2022-07-16;Flamengo RJ;Coritiba;2;0;H;1,51;4,52;6,52;1,49;4,38;6,26
2022;2022-07-17;Ceara;Corinthians;3;1;H;1,86;3,25;5,25;1,85;3,16;4,96
2022;2022-07-17;Juventude;Goias;0;0;D;2,12;3,12;4,15;2,05;3,13;3,97
2022;2022-07-17;Sao Paulo;Fluminense;2;2;D;2,66;3,04;3,06;2,52;3,02;3,04
2022;2022-07-17;Atletico GO;Fortaleza;0;1;A;2,13;3,32;3,8;2,06;3,28;3,73
2022;2022-07-17;Botafogo RJ;Atletico-MG;0;1;A;5,21;3,55;1,78;4,82;3,45;1,78
2022;2022-07-17;America MG;Bragantino;0;3;A;2,82;3,1;2,75;2,75;3,09;2,68
2022;2022-07-19;Palmeiras;Cuiaba;1;0;H;1,26;5,9;13,34;1,25;5,61;12,29
2022;2022-07-20;Ceara;Avai;1;0;H;1,38;4,76;9,52;1,34;4,83;9,44
2022;2022-07-20;Bragantino;Fortaleza;2;1;H;1,83;3,46;5,2;1,81;3,38;4,76
2022;2022-07-20;Goias;Fluminense;2;3;A;4,28;3,56;1,93;4,3;3,44;1,86
2022;2022-07-20;Athletico-PR;Atletico GO;4;1;H;1,95;3,41;4,35;1,97;3,26;4,08
2022;2022-07-21;Flamengo RJ;Juventude;4;0;H;1,34;5,49;9,31;1,34;5,11;8,63
2022;2022-07-21;Internacional;Sao Paulo;3;3;D;1,85;3,39;5,04;1,85;3,31;4,67
2022;2022-07-21;Corinthians;Coritiba;3;1;H;1,68;3,59;6,12;1,67;3,51;5,67
2022;2022-07-21;Santos;Botafogo RJ;2;0;H;1,93;3,34;4,62;1,86;3,4;4,37
2022;2022-07-21;Cuiaba;Atletico-MG;1;1;D;3,73;2,92;2,37;3,66;2,94;2,24
2022;2022-07-22;America MG;Palmeiras;0;1;A;4,77;3,59;1,83;4,51;3,46;1,82
2022;2022-07-23;Sao Paulo;Goias;3;3;D;1,43;4,41;8,88;1,42;4,3;8,12
2022;2022-07-24;Botafogo RJ;Athletico-PR;2;0;H;2,46;3,17;3,23;2,37;3,09;3,15
2022;2022-07-24;Avai;Flamengo RJ;1;2;A;6,05;4,03;1,6;5,61;3,89;1,59
2022;2022-07-24;Fluminense;Bragantino;2;1;H;2,03;3,4;4,05;1,9;3,49;4,03
2022;2022-07-24;Juventude;Ceara;1;0;H;3,28;3,07;2,48;3,15;3,05;2,41
2022;2022-07-24;Palmeiras;Internacional;2;1;H;1,44;4,45;8,44;1,42;4,41;7,89
2022;2022-07-24;Atletico GO;America MG;0;1;A;1,88;3,35;4,85;1,86;3,38;4,46
2022;2022-07-24;Atletico-MG;Corinthians;1;2;A;1,46;4,22;8,62;1,45;4,07;8,26
2022;2022-07-24;Fortaleza;Santos;0;0;D;1,79;3,59;5;1,83;3,46;4,51
2022;2022-07-26;Coritiba;Cuiaba;1;0;H;2,13;3,14;4,05;2,13;3,09;3,78
2022;2022-07-30;Ceara;Palmeiras;1;2;A;3,76;3,29;2,15;3,59;3,23;2,12
2022;2022-07-30;Goias;Coritiba;1;0;H;2,44;3,18;3,25;2,46;3,1;3,01
2022;2022-07-30;Corinthians;Botafogo RJ;1;0;H;1,83;3,32;5,36;1,82;3,23;4,97
2022;2022-07-31;Flamengo RJ;Atletico GO;4;1;H;1,47;4,34;7,76;1,45;4,25;7,4
2022;2022-07-31;Athletico-PR;Sao Paulo;1;0;H;2,05;3,26;4,14;2,02;3,25;3,89
2022;2022-07-31;Internacional;Atletico-MG;3;0;H;3,2;2,98;2,6;3,09;2,99;2,51
2022;2022-07-31;America MG;Avai;3;1;H;1,71;3,65;5,59;1,74;3,48;5,03
2022;2022-07-31;Cuiaba;Fortaleza;0;1;A;2,74;2,92;3,08;2,62;2,88;3,04
2022;2022-07-31;Bragantino;Juventude;1;0;H;1,59;3,88;6,59;1,55;3,91;6,33
2022;2022-08-02;Santos;Fluminense;2;2;D;3,04;3,23;2,54;3,01;3,1;2,47
2022;2022-08-06;Botafogo RJ;Ceara;1;1;D;2,4;3,08;3,42;2,36;3,05;3,25
2022;2022-08-06;Juventude;America MG;0;1;A;2,42;3,25;3,2;2,38;3,16;3,12
2022;2022-08-06;Atletico GO;Bragantino;2;1;H;3,25;3,19;2,43;3,02;3,16;2,43
2022;2022-08-06;Avai;Corinthians;1;1;D;3,27;2,95;2,57;3,15;2,93;2,5
2022;2022-08-07;Sao Paulo;Flamengo RJ;0;2;A;3,47;3,28;2,27;3,31;3,18;2,27
2022;2022-08-07;Fluminense;Cuiaba;1;0;H;1,49;4,01;8,38;1,51;3,8;7,6
2022;2022-08-07;Palmeiras;Goias;3;0;H;1,26;6,26;11,25;1,24;5,99;11,21
2022;2022-08-07;Fortaleza;Internacional;3;0;H;1,74;3,76;5,08;1,76;3,58;4,78
2022;2022-08-07;Atletico-MG;Athletico-PR;2;3;A;1,51;4,18;7,32;1,5;4,04;7,01
2022;2022-08-09;Coritiba;Santos;1;2;A;2,71;3,06;2,97;2,64;3;2,88
2022;2022-08-13;Goias;Avai;1;1;D;1,96;3,43;4,28;1,94;3,37;4,07
2022;2022-08-13;Corinthians;Palmeiras;0;1;A;3,51;3,02;2,4;3,39;3,01;2,33
2022;2022-08-14;Cuiaba;Juventude;1;0;H;2,03;3,05;4,68;2;3,03;4,43
2022;2022-08-14;Botafogo RJ;Atletico GO;0;0;D;2,07;3,37;3,93;2,05;3,3;3,75
2022;2022-08-14;Coritiba;Atletico-MG;0;1;A;5,38;3,8;1,7;5,08;3,61;1,71
2022;2022-08-14;Ceara;Fortaleza;0;1;A;2,96;2,93;2,83;2,82;2,93;2,75
2022;2022-08-14;Flamengo RJ;Athletico-PR;5;0;H;1,33;5,31;10,33;1,31;5,22;9,79
2022;2022-08-14;Sao Paulo;Bragantino;3;0;H;2,15;3,38;3,68;2,14;3,28;3,49
2022;2022-08-14;America MG;Santos;1;0;H;2,38;3,07;3,5;2,35;3,07;3,27
2022;2022-08-14;Internacional;Fluminense;3;0;H;2,49;3,14;3,19;2,41;3,12;3,11
2022;2022-08-20;Atletico-MG;Goias;0;1;A;1,24;6,42;12,63;1,22;6,14;12,81
2022;2022-08-20;Fluminense;Coritiba;5;2;H;1,39;4,86;8,99;1,37;4,75;8,46
2022;2022-08-21;Juventude;Botafogo RJ;2;2;D;2,51;3,11;3,19;2,44;3,08;3,09
2022;2022-08-21;Palmeiras;Flamengo RJ;1;1;D;2;3,49;4,03;2,01;3,38;3,8
2022;2022-08-21;Athletico-PR;America MG;1;1;D;1,88;3,47;4,66;1,85;3,48;4,33
2022;2022-08-21;Atletico GO;Cuiaba;1;1;D;2,26;2,96;3,97;2,21;2,97;3,76
2022;2022-08-21;Bragantino;Ceara;1;1;D;1,86;3,5;4,68;1,85;3,38;4,55
2022;2022-08-21;Fortaleza;Corinthians;1;0;H;1,94;3,3;4,61;1,93;3,22;4,39
2022;2022-08-21;Santos;Sao Paulo;1;0;H;2,51;3;3,31;2,41;3,03;3,21
2022;2022-08-23;Avai;Internacional;0;1;A;3,76;3,25;2,17;3,66;3,18;2,13
2022;2022-08-27;Coritiba;Avai;1;0;H;1,95;3,39;4,37;1,94;3,33;4,08
2022;2022-08-27;Goias;Atletico GO;2;1;H;2,79;3;2,93;2,67;3,02;2,83
2022;2022-08-27;Fluminense;Palmeiras;1;1;D;3,19;3,14;2,46;3,02;3,16;2,44
2022;2022-08-28;Ceara;Athletico-PR;0;0;D;1,8;3,62;4,91;1,77;3,51;4,75
2022;2022-08-28;America MG;Atletico-MG;1;1;D;5,72;3,8;1,67;5,4;3,68;1,66
2022;2022-08-28;Sao Paulo;Fortaleza;0;1;A;1,93;3,36;4,54;1,94;3,28;4,17
2022;2022-08-28;Botafogo RJ;Flamengo RJ;0;1;A;4,97;3,73;1,76;4,75;3,59;1,75
2022;2022-08-28;Cuiaba;Santos;0;0;D;2,34;2,88;3,84;2,35;2,89;3,5
2022;2022-08-30;Internacional;Juventude;4;0;H;1,44;4,56;7,88;1,43;4,38;7,65
2022;2022-08-30;Corinthians;Bragantino;1;0;H;2,05;3,14;4,38;2,04;3,05;4,18
2022;2022-09-03;Juventude;Avai;1;1;D;2,25;3,12;3,74;2,24;3,08;3,48
2022;2022-09-03;Athletico-PR;Fluminense;1;0;H;3,25;3,25;2,39;3,14;3,27;2,31
2022;2022-09-03;Bragantino;Palmeiras;2;2;D;2,67;3,06;3,02;2,63;3,02;2,87
2022;2022-09-04;America MG;Coritiba;2;0;H;1,67;3,69;6,04;1,67;3,58;5,56
2022;2022-09-04;Flamengo RJ;Ceara;1;1;D;1,36;4,92;10,17;1,35;4,78;9,07
2022;2022-09-04;Corinthians;Internacional;2;2;D;2,44;2,95;3,53;2,39;2,94;3,38
2022;2022-09-04;Fortaleza;Botafogo RJ;1;3;A;1,72;3,51;5,8;1,7;3,47;5,44
2022;2022-09-04;Atletico GO;Atletico-MG;0;2;A;4,52;3,49;1,89;4,31;3,39;1,88
2022;2022-09-04;Cuiaba;Sao Paulo;1;1;D;2,32;2,82;4,04;2,32;2,81;3,69
2022;2022-09-06;Santos;Goias;1;2;A;1,59;3,94;6,42;1,59;3,83;5,85
2022;2022-09-07;Atletico-MG;Bragantino;1;1;D;1,68;3,75;5,72;1,67;3,67;5,46
2022;2022-09-10;Ceara;Santos;2;1;H;2,16;3,07;4,08;2,14;3,02;3,83
2022;2022-09-10;Internacional;Cuiaba;1;0;H;1,6;3,74;6,85;1,6;3,62;6,39
2022;2022-09-10;Fluminense;Fortaleza;2;1;H;1,72;3,63;5,57;1,7;3,58;5,24
2022;2022-09-11;Palmeiras;Juventude;2;1;H;1,17;7,33;19,54;1,17;6,8;16,67
2022;2022-09-11;Avai;Athletico-PR;1;1;D;3,49;3,13;2,34;3,24;3,04;2,37
2022;2022-09-11;Botafogo RJ;America MG;0;0;D;2,02;3,34;4,16;2,03;3,25;3,89
2022;2022-09-11;Coritiba;Atletico GO;2;0;H;2,24;3,15;3,71;2,2;3,14;3,49
2022;2022-09-11;Sao Paulo;Corinthians;1;1;D;2,68;2,84;3,26;2,46;2,89;3,3
2022;2022-09-11;Goias;Flamengo RJ;1;1;D;6,22;4,03;1,59;5,71;3,94;1,59
2022;2022-09-17;Avai;Atletico-MG;1;0;H;4,61;3,37;1,92;4,48;3,38;1,86
2022;2022-09-17;Botafogo RJ;Coritiba;2;0;H;1,55;4,04;6,98;1,55;3,9;6,33
2022;2022-09-18;Bragantino;Goias;1;1;D;1,46;4,4;7,98;1,45;4,3;7,31
2022;2022-09-18;Ceara;Sao Paulo;0;2;A;2,65;3,02;3,09;2,6;3,01;2,92
2022;2022-09-18;Flamengo RJ;Fluminense;1;2;A;1,69;3,74;5,63;1,67;3,7;5,29
2022;2022-09-18;America MG;Corinthians;1;0;H;2,26;3,08;3,76;2,21;3,06;3,57
2022;2022-09-18;Juventude;Fortaleza;1;1;D;3,38;3,22;2,34;3,32;3,14;2,27
2022;2022-09-18;Palmeiras;Santos;1;0;H;1,39;4,7;9,59;1,38;4,64;8,69
2022;2022-09-18;Athletico-PR;Cuiaba;2;2;D;1,7;3,45;6,22;1,72;3,32;5,7
2022;2022-09-20;Atletico GO;Internacional;1;2;A;3,64;3,2;2,24;3,47;3,18;2,2
2022;2022-09-26;Sao Paulo;Avai;4;0;H;1,38;4,82;9,28;1,39;4,56;8,23
2022;2022-09-28;Santos;Athletico-PR;2;0;H;2,11;3,28;3,98;2,07;3,24;3,76
2022;2022-09-28;Corinthians;Atletico GO;2;1;H;1,62;3,84;6,47;1,6;3,73;5,97
2022;2022-09-28;Coritiba;Ceara;1;0;H;2,29;3,23;3,55;2,23;3,18;3,38
2022;2022-09-28;Fluminense;Juventude;4;0;H;1,36;5,37;9,3;1,34;5,06;8,39
2022;2022-09-28;Fortaleza;Flamengo RJ;3;2;H;3,11;3,05;2,65;2,99;2,96;2,59
2022;2022-09-29;Cuiaba;America MG;2;1;H;2,52;3,01;3,35;2,48;2,97;3,13
2022;2022-09-29;Atletico-MG;Palmeiras;0;1;A;1,88;3,4;4,92;1,89;3,34;4,4
2022;2022-09-29;Goias;Botafogo RJ;0;1;A;3,49;3,14;2,37;3,26;3,09;2,33
2022;2022-09-29;Internacional;Bragantino;0;0;D;1,91;3,55;4,44;1,89;3,44;4,18
2022;2022-10-01;Atletico-MG;Fluminense;2;0;H;1,76;3,59;5,31;1,73;3,53;5,05
2022;2022-10-01;Ceara;America MG;1;2;A;2,05;3,26;4,13;2,01;3,25;3,92
2022;2022-10-01;Internacional;Santos;1;0;H;1,73;3,59;5,56;1,72;3,53;5,18
2022;2022-10-01;Athletico-PR;Juventude;2;0;H;1,46;4,44;8,04;1,45;4,26;7,18
2022;2022-10-01;Avai;Atletico GO;1;2;A;2,26;3,17;3,58;2,19;3,16;3,47
2022;2022-10-01;Flamengo RJ;Bragantino;4;1;H;1,44;4,63;8,07;1,43;4,44;7,25
2022;2022-10-01;Goias;Fortaleza;0;1;A;2,91;3;2,79;2,83;3;2,66
2022;2022-10-02;Corinthians;Cuiaba;2;0;H;1,71;3,43;6,21;1,67;3,42;5,92
2022;2022-10-04;Botafogo RJ;Palmeiras;1;3;A;5,22;3,67;1,76;4,95;3,52;1,75
2022;2022-10-05;Juventude;Corinthians;2;2;D;4,68;3,3;1,95;4,45;3,27;1,9
2022;2022-10-05;Atletico GO;Fluminense;3;2;H;3,21;3,27;2,44;3,14;3,2;2,34
2022;2022-10-05;Bragantino;Cuiaba;2;1;H;1,96;3,25;4,72;1,95;3,17;4,36
2022;2022-10-05;Ceara;Goias;1;1;D;1,69;3,72;5,83;1,67;3,62;5,45
2022;2022-10-05;Athletico-PR;Fortaleza;1;1;D;2,11;3,26;4,05;2,03;3,23;3,94
2022;2022-10-06;Flamengo RJ;Internacional;0;0;D;1,39;4,89;9,07;1,39;4,73;7,94
2022;2022-10-06;Santos;Atletico-MG;1;2;A;3,36;3,11;2,45;3,21;3,04;2,41
2022;2022-10-06;Palmeiras;Coritiba;4;0;H;1,23;6,5;13,64;1,23;6,25;12,04
2022;2022-10-07;America MG;Sao Paulo;1;2;A;2,78;3,17;2,84;2,67;3,13;2,74
2022;2022-10-07;Avai;Botafogo RJ;1;2;A;2,67;3,06;3,07;2,58;3,01;2,94
2022;2022-10-08;Cuiaba;Flamengo RJ;1;2;A;3,77;3,22;2,21;3,56;3,15;2,18
2022;2022-10-09;Corinthians;Athletico-PR;2;1;H;2,16;3,15;4,03;2,16;3,08;3,73
2022;2022-10-09;Internacional;Goias;4;2;H;1,39;4,86;9,39;1,38;4,67;8,24
2022;2022-10-09;Fortaleza;Avai;2;0;H;1,45;4,35;8,74;1,47;4,06;7,63
2022;2022-10-09;Sao Paulo;Botafogo RJ;0;1;A;1,7;3,79;5,55;1,69;3,69;5,12
2022;2022-10-09;Atletico-MG;Ceara;0;0;D;1,46;4,31;8,87;1,44;4,22;8,07
2022;2022-10-09;Coritiba;Bragantino;2;1;H;2,51;3,2;3,15;2,51;3,1;2,96
2022;2022-10-09;Fluminense;America MG;0;2;A;1,63;4,09;5,78;1,63;3,89;5,44
2022;2022-10-10;Atletico GO;Palmeiras;1;1;D;6,08;3,99;1,62;5,55;3,86;1,62
2022;2022-10-11;Santos;Juventude;4;1;H;1,48;4,23;8,26;1,46;4,12;7,67
2022;2022-10-16;Flamengo RJ;Atletico-MG;1;0;H;2,74;2,99;3,04;2,6;3,03;2,94
2022;2022-10-16;America MG;Fortaleza;1;2;A;2,2;3,27;3,73;2,14;3,26;3,51
2022;2022-10-16;Ceara;Cuiaba;1;1;D;2,02;3,13;4,64;2,02;3,06;4,23
2022;2022-10-16;Palmeiras;Sao Paulo;0;0;D;1,65;3,92;5,82;1,64;3,8;5,38
2022;2022-10-16;Juventude;Atletico GO;1;1;D;2,81;3,22;2,78;2,74;3,13;2,68
2022;2022-10-16;Botafogo RJ;Internacional;0;1;A;2,73;3,11;2,94;2,64;3,09;2,8
2022;2022-10-16;Athletico-PR;Coritiba;1;0;H;1,71;3,77;5,56;1,67;3,7;5,25
2022;2022-10-16;Avai;Fluminense;0;3;A;4,45;3,4;1,96;4,05;3,29;1,97
2022;2022-10-18;Bragantino;Santos;0;2;A;1,93;3,39;4,6;1,98;3,2;4,14
2022;2022-10-21;Sao Paulo;Coritiba;3;1;H;1,42;4,58;9,17;1,4;4,46;8,39
2022;2022-10-22;Bragantino;Athletico-PR;4;2;H;2,14;3,36;3,8;2,12;3,27;3,55
2022;2022-10-22;America MG;Flamengo RJ;1;2;A;2,81;3,29;2,72;2,76;3,21;2,63
2022;2022-10-22;Santos;Corinthians;0;1;A;2,65;2,9;3,27;2,59;2,86;3,13
2022;2022-10-23;Palmeiras;Avai;3;0;H;1,16;8,19;21;1,16;7,47;17,28
2022;2022-10-23;Fluminense;Botafogo RJ;2;2;D;1,91;3,51;4,55;1,86;3,43;4,4
2022;2022-10-23;Juventude;Sao Paulo;1;2;A;4,64;3,54;1,88;4,43;3,43;1,85
2022;2022-10-23;Atletico GO;Ceara;1;0;H;2,31;3,27;3,46;2,27;3,18;3,27
2022;2022-10-23;Coritiba;Internacional;1;1;D;4,2;3,47;1,99;3,99;3,39;1,95
2022;2022-10-23;Cuiaba;Goias;1;2;A;1,74;3,7;5,41;1,71;3,57;5,1
2022;2022-10-25;Fortaleza;Atletico-MG;0;0;D;2,47;3,09;3,35;2,4;2,97;3,27
2022;2022-10-26;Athletico-PR;Palmeiras;1;3;A;6,57;3,94;1,63;6,1;3,8;1,59
2022;2022-10-26;Flamengo RJ;Santos;3;2;H;1,39;4,89;9,35;1,38;4,72;8,17
2022;2022-10-26;Botafogo RJ;Bragantino;2;1;H;2,37;3,2;3,4;2,29;3,19;3,22
2022;2022-10-27;Corinthians;Fluminense;0;2;A;2,28;3,12;3,72;2,23;3,09;3,49
2022;2022-10-27;Goias;America MG;2;2;D;3,08;3,19;2,57;2,94;3,15;2,47
2022;2022-10-27;Internacional;Ceara;2;1;H;1,65;3,75;6,2;1,63;3,72;5,65
2022;2022-10-27;Fortaleza;Coritiba;3;1;H;1,46;4,51;7,98;1,45;4,33;7,05
2022;2022-10-27;Sao Paulo;Atletico GO;2;1;H;1,66;3,93;5,75;1,64;3,84;5,31
2022;2022-10-27;Atletico-MG;Juventude;1;0;H;1,2;7,43;16,94;1,2;6,52;13,96
2022;2022-10-28;Cuiaba;Avai;1;0;H;1,85;3,45;4,98;1,84;3,38;4,52
2022;2022-10-29;Goias;Corinthians;0;0;D;2,9;3,05;2,82;2,79;3;2,73
2022;2022-10-31;Ceara;Fluminense;0;1;A;3,43;3,25;2,33;3,3;3,19;2,26
2022;2022-11-01;Botafogo RJ;Cuiaba;0;2;A;1,86;3,38;5,09;1,86;3,28;4,64
2022;2022-11-02;Sao Paulo;Atletico-MG;2;2;D;2,58;2,99;3,27;2,5;2,96;3,13
2022;2022-11-02;America MG;Internacional;1;0;H;2,45;3,3;3,16;2,39;3,21;3,05
2022;2022-11-02;Athletico-PR;Goias;3;2;H;1,64;4,01;5,81;1,58;3,96;5,76
2022;2022-11-02;Atletico GO;Santos;2;3;A;2,03;3,35;4,21;1,97;3,33;3,99
2022;2022-11-02;Avai;Bragantino;1;2;A;3,57;3,35;2,22;3,35;3,24;2,21
2022;2022-11-02;Juventude;Coritiba;0;1;A;2,59;3,27;2,98;2,54;3,15;2,88
2022;2022-11-03;Flamengo RJ;Corinthians;1;2;A;1,72;3,73;5,54;1,7;3,63;5,12
2022;2022-11-03;Palmeiras;Fortaleza;4;0;H;1,44;4,85;7,65;1,45;4,55;6,85
2022;2022-11-05;Fluminense;Sao Paulo;3;1;H;2,09;3,61;3,68;2,06;3,48;3,56
2022;2022-11-05;Santos;Avai;1;1;D;1,38;4,74;10,15;1,38;4,56;8,85
2022;2022-11-05;Bragantino;America MG;1;4;A;2,02;3,63;3,85;2;3,49;3,69
2022;2022-11-05;Goias;Juventude;1;0;H;1,67;3,98;5,47;1,68;3,75;5,15
2022;2022-11-05;Corinthians;Ceara;1;0;H;1,88;3,35;5,02;1,87;3,26;4,56
2022;2022-11-06;Internacional;Athletico-PR;2;0;H;1,88;3,61;4,53;1,9;3,45;4,21
2022;2022-11-06;Coritiba;Flamengo RJ;1;0;H;3,67;3,36;2,18;3,5;3,28;2,14
2022;2022-11-06;Fortaleza;Atletico GO;1;1;D;1,68;3,92;5,59;1,68;3,81;5,07
2022;2022-11-06;Cuiaba;Palmeiras;1;1;D;3,94;3,46;2,06;3,68;3,38;2,04
2022;2022-11-07;Atletico-MG;Botafogo RJ;0;2;A;1,64;3,84;6,24;1,61;3,77;5,84
2022;2022-11-09;Sao Paulo;Internacional;0;1;A;1,87;3,63;4,58;1,87;3,5;4,26
2022;2022-11-09;Avai;Ceara;2;0;H;4,26;3,42;1,99;4,05;3,33;1,96
2022;2022-11-09;Coritiba;Corinthians;2;2;D;2,94;3,07;2,77;2,82;2,96;2,73
2022;2022-11-09;Fluminense;Goias;3;0;H;1,39;5,37;7,93;1,36;5,03;7,82
2022;2022-11-09;Fortaleza;Bragantino;6;0;H;1,82;3,78;4,64;1,81;3,58;4,39
2022;2022-11-10;Atletico GO;Athletico-PR;1;1;D;2,15;3,55;3,56;2,1;3,39;3,46
2022;2022-11-10;Juventude;Flamengo RJ;2;2;D;5,65;3,84;1,68;5,45;3,75;1,64
2022;2022-11-10;Palmeiras;America MG;2;1;H;1,51;4,44;6,27;1,52;4,5;5,59
2022;2022-11-10;Atletico-MG;Cuiaba;3;0;H;1,47;4,38;7,98;1,46;4,17;7,25
2022;2022-11-10;Botafogo RJ;Santos;3;0;H;2,24;3,3;3,6;2,21;3,24;3,37
2022;2022-11-12;Flamengo RJ;Avai;1;2;A;1,17;8,17;16,16;1,16;7,56;16,07
2022;2022-11-13;America MG;Atletico GO;1;1;D;1,61;4,44;5,47;1,59;4,21;5,14
2022;2022-11-13;Athletico-PR;Botafogo RJ;3;0;H;2,21;3,37;3,58;2,18;3,26;3,38
2022;2022-11-13;Bragantino;Fluminense;0;1;A;2,49;3,69;2,82;2,4;3,53;2,76
2022;2022-11-13;Ceara;Juventude;4;1;H;1,66;4,08;5,48;1,67;3,84;4,98
2022;2022-11-13;Corinthians;Atletico-MG;0;1;A;3,14;3,19;2,52;3,06;3,07;2,45
2022;2022-11-13;Cuiaba;Coritiba;2;1;H;1,94;3,54;4,3;1,94;3,37;4
2022;2022-11-13;Goias;Sao Paulo;0;4;A;5,09;3,99;1,71;4,85;3,78;1,69
2022;2022-11-13;Internacional;Palmeiras;3;0;H;2,6;3,59;2,74;2,49;3,45;2,72
2022;2022-11-13;Santos;Fortaleza;0;2;A;3,29;3,47;2,29;3,2;3,3;2,24
2023;2023-04-15;America MG;Fluminense;0;3;A;2,55;3,34;2,98;2,49;3,23;2,87
2023;2023-04-15;Palmeiras;Cuiaba;2;1;H;1,39;5,12;8,51;1,35;4,92;8,54
2023;2023-04-15;Athletico-PR;Goias;2;0;H;1,64;3,69;6,64;1,62;3,57;6,17
2023;2023-04-15;Botafogo RJ;Sao Paulo;2;1;H;2,46;3,17;3,26;2,4;3,05;3,15
2023;2023-04-15;Bragantino;Bahia;2;1;H;1,85;3,71;4,58;1,84;3,56;4,21
2023;2023-04-15;Fortaleza;Internacional;1;1;D;1,91;3,6;4,4;1,91;3,44;4,07
2023;2023-04-16;Atletico-MG;Vasco;1;2;A;1,84;3,59;4,84;1,8;3,5;4,54
2023;2023-04-16;Corinthians;Cruzeiro;2;1;H;1,8;3,51;5,29;1,77;3,41;4,96
2023;2023-04-16;Flamengo RJ;Coritiba;3;0;H;1,39;5,02;8,79;1,38;4,76;8,13
2023;2023-04-16;Gremio;Santos;1;0;H;1,78;3,58;5,34;1,77;3,38;4,99
2023;2023-04-22;Fluminense;Athletico-PR;2;0;H;1,5;4,3;7,59;1,5;4,13;6,71
2023;2023-04-22;Cuiaba;Bragantino;1;1;D;2,65;3,11;3,04;2,54;3,07;2,93
2023;2023-04-22;Sao Paulo;America MG;3;0;H;1,94;3,42;4,51;1,88;3,41;4,29
2023;2023-04-23;Cruzeiro;Gremio;1;0;H;2,39;3,26;3,31;2,38;3,13;3,11
2023;2023-04-23;Internacional;Flamengo RJ;2;1;H;2,77;3,31;2,74;2,71;3,22;2,63
2023;2023-04-23;Santos;Atletico-MG;0;0;D;3,42;3,13;2,41;3,24;3,07;2,35
2023;2023-04-23;Vasco;Palmeiras;2;2;D;3,28;3,19;2,44;3,21;3,15;2,32
2023;2023-04-23;Coritiba;Fortaleza;0;3;A;2,73;3,18;2,89;2,65;3,12;2,76
2023;2023-04-23;Goias;Corinthians;3;1;H;3,29;2,93;2,62;3,01;2,94;2,58
2023;2023-04-25;Bahia;Botafogo RJ;1;2;A;2,1;3,34;3,96;2,08;3,24;3,7
2023;2023-04-29;Coritiba;Sao Paulo;1;1;D;3,03;3,18;2,61;2,99;3,09;2,47
2023;2023-04-29;Fortaleza;Fluminense;4;2;H;2,16;3,34;3,76;2,19;3,29;3,37
2023;2023-04-29;Bragantino;Cruzeiro;0;3;A;1,82;3,67;4,81;1,89;3,43;4,18
2023;2023-04-29;Palmeiras;Corinthians;2;1;H;1,5;4,07;8,26;1,49;4,01;7,13
2023;2023-04-29;Santos;America MG;3;2;H;2,41;3,22;3,31;2,32;3,15;3,2
2023;2023-04-30;Atletico-MG;Athletico-PR;2;1;H;1,63;3,83;6,73;1,6;3,7;6,13
2023;2023-04-30;Flamengo RJ;Botafogo RJ;2;3;A;1,61;4;6,2;1,6;3,89;5,58
2023;2023-04-30;Cuiaba;Gremio;1;2;A;2,79;3,12;2,87;2,7;3,09;2,74
2023;2023-04-30;Internacional;Goias;1;0;H;1,64;3,98;5,91;1,6;3,87;5,66
2023;2023-05-02;Vasco;Bahia;0;1;A;1,75;3,85;5,05;1,75;3,64;4,67
2023;2023-05-06;Cruzeiro;Santos;2;1;H;1,75;3,63;5,49;1,7;3,53;5,24
2023;2023-05-07;Fluminense;Vasco;1;1;D;1,79;3,74;4,9;1,74;3,69;4,66
2023;2023-05-07;America MG;Cuiaba;1;2;A;1,73;3,83;5,23;1,73;3,67;4,78
2023;2023-05-07;Athletico-PR;Flamengo RJ;2;1;H;3,01;3,22;2,61;2,88;3,16;2,52
2023;2023-05-07;Bahia;Coritiba;3;1;H;1,74;3,76;5,35;1,72;3,63;4,91
2023;2023-05-07;Sao Paulo;Internacional;2;0;H;2,05;3,47;3,95;2,05;3,36;3,66
2023;2023-05-07;Botafogo RJ;Atletico-MG;2;0;H;3,72;3,33;2,18;3,5;3,22;2,15
2023;2023-05-07;Goias;Palmeiras;0;5;A;5,53;3,99;1,67;5,13;3,81;1,66
2023;2023-05-07;Gremio;Bragantino;3;3;D;1,91;3,6;4,41;1,9;3,47;4,05
2023;2023-05-09;Corinthians;Fortaleza;1;1;D;2,66;3,1;3,05;2,55;3,06;2,93
2023;2023-05-10;Bragantino;America MG;2;2;D;1,83;3,77;4,62;1,8;3,67;4,36
2023;2023-05-10;Internacional;Athletico-PR;0;2;A;1,82;3,61;4,93;1,8;3,48;4,62
2023;2023-05-10;Santos;Bahia;3;0;H;2,3;3,14;3,65;2,26;3,08;3,41
2023;2023-05-11;Cuiaba;Atletico-MG;0;4;A;3,86;3,3;2,15;3,63;3,19;2,13
2023;2023-05-11;Flamengo RJ;Goias;2;0;H;1,25;6,22;12,58;1,24;5,98;11,65
2023;2023-05-11;Cruzeiro;Fluminense;0;2;A;2,74;3,21;2,85;2,62;3,15;2,76
2023;2023-05-11;Palmeiras;Gremio;4;1;H;1,41;4,71;8,65;1,39;4,64;7,92
2023;2023-05-11;Coritiba;Vasco;1;1;D;3,49;3,17;2,46;3,28;3,09;2,34
2023;2023-05-11;Botafogo RJ;Corinthians;3;0;H;1,95;3,47;4,56;1,86;3,41;4,34
2023;2023-05-12;Fortaleza;Sao Paulo;0;0;D;2;3,42;4,24;1,95;3,37;4,01
2023;2023-05-13;Bahia;Flamengo RJ;2;3;A;3,15;3,46;2,38;3,05;3,37;2,3
2023;2023-05-13;Fluminense;Cuiaba;2;0;H;1,4;4,76;8,03;1,4;4,63;7,53
2023;2023-05-13;Palmeiras;Bragantino;1;1;D;1,6;4,2;5,91;1,56;4,11;5,64
2023;2023-05-14;Atletico-MG;Internacional;2;0;H;1,56;3,92;6,56;1,56;3,89;6,1
2023;2023-05-14;Corinthians;Sao Paulo;1;1;D;2,57;3,02;3,25;2,49;2,99;3,08
2023;2023-05-14;Gremio;Fortaleza;0;0;D;1,9;3,64;4,38;1,89;3,54;4,03
2023;2023-05-14;Vasco;Santos;0;1;A;1,93;3,33;4,73;1,9;3,22;4,47
2023;2023-05-14;America MG;Cruzeiro;0;4;A;2,56;3,47;2,87;2,49;3,34;2,78
2023;2023-05-14;Athletico-PR;Coritiba;3;2;H;1,63;3,83;6,41;1,61;3,67;6,1
2023;2023-05-14;Goias;Botafogo RJ;2;1;H;3,27;3,29;2,4;3,11;3,26;2,32
2023;2023-05-20;Bahia;Goias;1;1;D;1,71;3,76;5,54;1,7;3,66;5,09
2023;2023-05-20;America MG;Fortaleza;2;1;H;3,05;3,39;2,47;2,87;3,32;2,44
2023;2023-05-20;Botafogo RJ;Fluminense;1;0;H;2,77;3,32;2,74;2,7;3,25;2,62
2023;2023-05-20;Bragantino;Athletico-PR;2;0;H;1,85;3,64;4,63;1,83;3,57;4,26
2023;2023-05-20;Coritiba;Atletico-MG;1;2;A;4,83;3,45;1,88;4,6;3,36;1,83
2023;2023-05-20;Sao Paulo;Vasco;4;2;H;1,87;3,44;4,88;1,84;3,38;4,51
2023;2023-05-21;Santos;Palmeiras;0;0;D;5,45;3,63;1,75;5,1;3,53;1,73
2023;2023-05-21;Flamengo RJ;Corinthians;1;0;H;1,43;4,45;9,02;1,41;4,4;8,09
2023;2023-05-21;Gremio;Internacional;3;1;H;2,05;3,36;4,1;2,02;3,26;3,85
2023;2023-05-23;Cruzeiro;Cuiaba;0;1;A;1,64;3,77;6,45;1,58;3,75;6,27
2023;2023-05-27;Athletico-PR;Gremio;1;2;A;1,64;4;5,9;1,64;3,74;5,51
2023;2023-05-27;Fortaleza;Vasco;2;0;H;1,68;4,03;5,3;1,66;3,89;5,05
2023;2023-05-27;Cuiaba;Coritiba;1;1;D;1,89;3,44;4,74;1,85;3,3;4,65
2023;2023-05-27;Flamengo RJ;Cruzeiro;1;1;D;1,7;3,77;5,63;1,68;3,7;5,11
2023;2023-05-28;Sao Paulo;Goias;2;1;H;1,57;3,91;7,17;1,55;3,89;6,45
2023;2023-05-28;Corinthians;Fluminense;2;0;H;2,81;3,19;2,79;2,71;3,09;2,71
2023;2023-05-28;Internacional;Bahia;2;0;H;2,12;3,52;3,67;2,05;3,44;3,59
2023;2023-05-28;Atletico-MG;Palmeiras;1;1;D;2,29;3,3;3,43;2,25;3,23;3,28
2023;2023-05-28;Bragantino;Santos;2;0;H;1,78;3,52;5,46;1,76;3,41;5,07
2023;2023-05-28;Botafogo RJ;America MG;2;0;H;1,83;3,72;4,7;1,79;3,59;4,49
2023;2023-06-03;Fortaleza;Bahia;0;0;D;1,61;4,02;6,12;1,6;3,88;5,68
2023;2023-06-03;America MG;Corinthians;2;0;H;2,93;3,14;2,72;2,8;3,08;2,65
2023;2023-06-03;Athletico-PR;Botafogo RJ;1;0;H;1,99;3,5;4,16;2,05;3,34;3,69
2023;2023-06-03;Cruzeiro;Atletico-MG;0;1;A;3,53;3,11;2,37;3,32;3,06;2,32
2023;2023-06-04;Santos;Internacional;1;1;D;2,52;2,88;3,54;2,36;2,88;3,46
2023;2023-06-04;Fluminense;Bragantino;2;1;H;1,77;3,73;4,99;1,74;3,69;4,66
2023;2023-06-04;Gremio;Sao Paulo;2;1;H;2,09;3,32;4,01;2,09;3,25;3,67
2023;2023-06-04;Goias;Cuiaba;0;1;A;2,35;3,02;3,68;2,26;2,99;3,53
2023;2023-06-04;Palmeiras;Coritiba;3;1;H;1,29;5,88;11,94;1,27;5,51;11,53
2023;2023-06-06;Vasco;Flamengo RJ;1;4;A;4,27;3,69;1,91;4,06;3,56;1,87
2023;2023-06-10;Coritiba;Santos;0;0;D;2,57;2,96;3,32;2,53;2,89;3,12
2023;2023-06-10;Atletico-MG;Bragantino;1;1;D;1,82;3,43;5,3;1,79;3,39;4,87
2023;2023-06-10;Bahia;Cruzeiro;2;2;D;2,87;3,27;2,68;2,77;3,17;2,6
2023;2023-06-10;Corinthians;Cuiaba;1;1;D;1,82;3,29;5,68;1,74;3,26;5,57
2023;2023-06-11;Botafogo RJ;Fortaleza;2;0;H;2,27;3,25;3,59;2,21;3,2;3,39
2023;2023-06-11;America MG;Athletico-PR;2;2;D;2,65;3,28;2,9;2,53;3,18;2,85
2023;2023-06-11;Internacional;Vasco;2;1;H;1,83;3,55;4,98;1,8;3,41;4,68
2023;2023-06-11;Sao Paulo;Palmeiras;0;2;A;3,19;3,25;2,47;3,06;3,21;2,37
2023;2023-06-11;Flamengo RJ;Gremio;3;0;H;1,61;4,2;5,82;1,59;4;5,49
2023;2023-06-11;Goias;Fluminense;2;2;D;3,49;3,3;2,28;3,45;3,22;2,18
2023;2023-06-21;Cruzeiro;Fortaleza;0;1;A;1,94;3,51;4,34;1,93;3,42;4,02
2023;2023-06-21;Sao Paulo;Athletico-PR;2;1;H;1,81;3,51;5,17;1,78;3,45;4,78
2023;2023-06-22;Santos;Corinthians;0;2;A;2,28;3;3,9;2,26;2,89;3,67
2023;2023-06-22;Bahia;Palmeiras;1;0;H;3,68;3,5;2,12;3,58;3,38;2,06
2023;2023-06-22;Fluminense;Atletico-MG;1;1;D;2,97;3,22;2,63;2,82;3,09;2,61
2023;2023-06-22;Gremio;America MG;3;1;H;1,7;3,81;5,52;1,66;3,89;5,03
2023;2023-06-23;Coritiba;Internacional;0;1;A;2,75;3,01;3,02;2,67;2,95;2,87
2023;2023-06-23;Cuiaba;Botafogo RJ;0;1;A;2,73;2,98;3,08;2,64;2,98;2,88
2023;2023-06-23;Vasco;Goias;0;1;A;1,99;3,31;4,46;1,91;3,32;4,3
2023;2023-06-23;Bragantino;Flamengo RJ;4;0;H;3,23;3,36;2,38;2,99;3,35;2,34
2023;2023-06-24;Athletico-PR;Corinthians;1;0;H;1,95;3,24;4,73;1,95;3,14;4,36
2023;2023-06-24;Fluminense;Bahia;2;1;H;1,55;4,18;6,78;1,54;4,09;6,07
2023;2023-06-24;Fortaleza;Atletico-MG;2;1;H;2,86;3,12;2,81;2,75;3,05;2,71
2023;2023-06-25;Cruzeiro;Sao Paulo;1;0;H;2,3;3,18;3,58;2,22;3,19;3,37
2023;2023-06-25;Gremio;Coritiba;5;1;H;1,53;4,33;6,7;1,51;4,2;6,22
2023;2023-06-25;Palmeiras;Botafogo RJ;0;1;A;1,45;4,73;7,59;1,45;4,46;6,74
2023;2023-06-25;America MG;Internacional;1;2;A;2,01;3,46;4,14;1,98;3,34;3,9
2023;2023-06-25;Bragantino;Goias;2;0;H;1,43;4,79;8,14;1,41;4,56;7,68
2023;2023-06-25;Santos;Flamengo RJ;2;3;A;3,48;3,21;2,33;3,29;3,12;2,3
2023;2023-06-27;Vasco;Cuiaba;1;0;H;2,24;3,11;3,85;2,2;3,08;3,56
2023;2023-07-01;Sao Paulo;Fluminense;1;0;H;2,17;3,47;3,57;2,13;3,37;3,39
2023;2023-07-01;Bahia;Gremio;1;2;A;2,94;3,28;2,62;2,74;3,32;2,54
2023;2023-07-01;Flamengo RJ;Fortaleza;2;0;H;1,61;4,11;6;1,59;3,98;5,55
2023;2023-07-02;Internacional;Cruzeiro;0;0;D;2,06;3,3;4,17;2,08;3,18;3,76
2023;2023-07-02;Corinthians;Bragantino;0;1;A;2,92;2,92;2,92;2,77;2,96;2,78
2023;2023-07-02;Athletico-PR;Palmeiras;2;2;D;2,35;3,24;3,4;2,31;3,14;3,26
2023;2023-07-02;Atletico-MG;America MG;2;2;D;1,54;4,01;7,6;1,5;3,94;7,09
2023;2023-07-02;Botafogo RJ;Vasco;2;0;H;1,97;3,41;4,37;1,89;3,35;4,3
2023;2023-07-02;Cuiaba;Santos;3;0;H;1,96;3,24;4,72;1,95;3,09;4,48
2023;2023-07-04;Goias;Coritiba;1;2;A;2,18;3,33;3,71;2,12;3,2;3,61
2023;2023-07-08;Cuiaba;Bahia;1;1;D;1,79;3,5;5,39;1,77;3,39;5,04
2023;2023-07-08;Vasco;Cruzeiro;0;1;A;2,98;3,23;2,61;2,87;3,13;2,55
2023;2023-07-08;Atletico-MG;Corinthians;0;1;A;1,79;3,32;5,91;1,77;3,25;5,31
2023;2023-07-08;Coritiba;America MG;3;1;H;2,17;3,41;3,64;2,14;3,31;3,44
2023;2023-07-09;Palmeiras;Flamengo RJ;1;1;D;1,85;3,94;4,27;1,86;3,68;4,01
2023;2023-07-09;Santos;Goias;4;3;H;1,98;3,25;4,61;1,93;3,23;4,39
2023;2023-07-09;Bragantino;Sao Paulo;0;0;D;1,68;3,81;5,75;1,67;3,68;5,23
2023;2023-07-09;Fluminense;Internacional;2;0;H;1,93;3,44;4,58;1,89;3,36;4,34
2023;2023-07-09;Fortaleza;Athletico-PR;1;0;H;1,53;4,11;7,49;1,53;3,93;6,75
2023;2023-07-09;Gremio;Botafogo RJ;0;2;A;1,85;3,69;4,76;1,8;3,53;4,48
2023;2023-07-16;Botafogo RJ;Bragantino;2;0;H;2,14;3,32;3,83;2,09;3,28;3,66
2023;2023-07-16;Cruzeiro;Coritiba;0;0;D;1,66;3,79;6,03;1,61;3,77;5,81
2023;2023-07-16;Fluminense;Flamengo RJ;0;0;D;2,85;3,32;2,66;2,78;3,25;2,55
2023;2023-07-16;Fortaleza;Cuiaba;0;1;A;1,79;3,5;5,42;1,76;3,46;5
2023;2023-07-16;Sao Paulo;Santos;4;1;H;1,65;3,67;6,61;1,62;3,54;6,34
2023;2023-07-16;Athletico-PR;Bahia;2;0;H;1,59;4,14;6,25;1,57;3,99;5,8
2023;2023-07-16;Internacional;Palmeiras;0;0;D;2,83;3,15;2,8;2,77;3,06;2,68
2023;2023-07-18;Goias;Atletico-MG;0;0;D;4,27;3,46;1,98;4,05;3,36;1,94
2023;2023-07-22;Flamengo RJ;America MG;1;1;D;1,35;5,17;10,13;1,33;5,1;9,18
2023;2023-07-22;Palmeiras;Fortaleza;3;1;H;1,55;4,05;7,15;1,51;4,02;6,62
2023;2023-07-22;Bahia;Corinthians;0;0;D;2,28;3,11;3,74;2,22;3,07;3,59
2023;2023-07-22;Cuiaba;Sao Paulo;2;1;H;2,86;3,01;2,9;2,77;2,97;2,74
2023;2023-07-23;Gremio;Atletico-MG;1;0;H;2,48;3,2;3,21;2,39;3,15;3,11
2023;2023-07-23;Bragantino;Internacional;0;0;D;1,75;3,72;5,31;1,74;3,53;4,97
2023;2023-07-23;Cruzeiro;Goias;0;1;A;1,54;4,05;7,32;1,53;3,9;6,73
2023;2023-07-23;Santos;Botafogo RJ;2;2;D;2,99;2,97;2,81;2,89;2,92;2,7
2023;2023-07-23;Vasco;Athletico-PR;0;2;A;2,87;3,16;2,75;2,75;3,09;2,7
2023;2023-07-24;Coritiba;Fluminense;2;0;H;3,4;3,19;2,38;3,28;3,14;2,29
2023;2023-07-29;Athletico-PR;Cruzeiro;3;3;D;1,86;3,49;4,87;1,82;3,39;4,6
2023;2023-07-29;Fluminense;Santos;1;0;H;1,55;3,98;7,47;1,54;3,88;6,71
2023;2023-07-29;Internacional;Cuiaba;1;2;A;1,81;3,44;5,41;1,8;3,29;5,02
2023;2023-07-29;Corinthians;Vasco;3;1;H;2,1;3,13;4,32;2,03;3,07;4,12
2023;2023-07-29;Fortaleza;Bragantino;0;3;A;2,22;3,35;3,59;2,21;3,25;3,34
2023;2023-07-30;Atletico-MG;Flamengo RJ;1;2;A;2,23;3,3;3,62;2,16;3,24;3,46
2023;2023-07-30;Sao Paulo;Bahia;0;0;D;1,68;3,68;6,17;1,64;3,65;5,71
2023;2023-07-30;America MG;Palmeiras;1;4;A;3,68;3,45;2,14;3,5;3,34;2,11
2023;2023-07-30;Botafogo RJ;Coritiba;4;1;H;1,7;3,69;5,79;1,67;3,61;5,51
2023;2023-07-30;Goias;Gremio;1;1;D;2,74;3,34;2,75;2,68;3,21;2,68
2023;2023-08-05;Santos;Athletico-PR;1;1;D;2,41;3,05;3,52;2,27;3,01;3,47
2023;2023-08-05;Goias;Fortaleza;1;0;H;2,73;3,05;3;2,67;3;2,84
2023;2023-08-05;Internacional;Corinthians;2;2;D;2,32;2,97;3,83;2,28;2,91;3,61
2023;2023-08-06;Fluminense;Palmeiras;2;1;H;2,2;3,25;3,77;2,18;3,21;3,46
2023;2023-08-06;Sao Paulo;Atletico-MG;0;2;A;1,99;3,36;4,7;1,92;3,26;4,35
2023;2023-08-06;Vasco;Gremio;1;0;H;2,74;3,11;2,93;2,62;3,11;2,81
2023;2023-08-06;Bahia;America MG;3;1;H;1,94;3,68;4,12;1,9;3,58;3,95
2023;2023-08-06;Coritiba;Bragantino;0;1;A;3,58;3,33;2,23;3,31;3,23;2,24
2023;2023-08-06;Cruzeiro;Botafogo RJ;0;0;D;2,35;3,23;3,41;2,3;3,16;3,25
2023;2023-08-07;Cuiaba;Flamengo RJ;3;0;H;2,95;3,08;2,71;2,87;3,06;2,59
2023;2023-08-13;Botafogo RJ;Internacional;3;1;H;2,41;3,07;3,48;2,33;3;3,36
2023;2023-08-13;Atletico-MG;Bahia;1;0;H;1,6;3,86;6,76;1,58;3,77;6,18
2023;2023-08-13;America MG;Goias;0;1;A;2;3,46;4,17;1,97;3,38;3,92
2023;2023-08-13;Corinthians;Coritiba;3;1;H;1,73;3,59;5,72;1,7;3,51;5,31
2023;2023-08-13;Gremio;Fluminense;2;1;H;2,32;3,35;3,36;2,24;3,3;3,22
2023;2023-08-13;Flamengo RJ;Sao Paulo;1;1;D;1,8;3,73;4,87;1,77;3,63;4,56
2023;2023-08-13;Fortaleza;Santos;4;0;H;1,55;3,98;7,47;1,52;3,84;7,02
2023;2023-08-14;Palmeiras;Cruzeiro;1;0;H;1,6;4,06;6,35;1,57;3,9;5,93
2023;2023-08-15;Bragantino;Vasco;1;1;D;1,64;3,82;6,32;1,6;3,75;5,92
2023;2023-08-16;Athletico-PR;Cuiaba;2;0;H;1,84;3,44;5,09;1,83;3,31;4,72
2023;2023-08-19;Internacional;Fortaleza;0;1;A;2,43;3,14;3,37;2,35;3,07;3,24
2023;2023-08-19;Sao Paulo;Botafogo RJ;0;0;D;1,95;3,52;4,28;1,93;3,38;4,09
2023;2023-08-19;Cuiaba;Palmeiras;0;2;A;3,46;3,13;2,38;3,45;3,06;2,25
2023;2023-08-19;Fluminense;America MG;3;1;H;1,5;4,34;7,55;1,46;4,25;7,17
2023;2023-08-20;Cruzeiro;Corinthians;1;1;D;1,8;3,59;5,12;1,78;3,41;4,9
2023;2023-08-20;Vasco;Atletico-MG;1;0;H;2,69;3,12;2,98;2,67;3,01;2,85
2023;2023-08-20;Bahia;Bragantino;4;0;H;2,45;3,32;3,15;2,39;3,26;2,99
2023;2023-08-20;Coritiba;Flamengo RJ;2;3;A;3,97;3,59;2,01;3,73;3,44;1,99
2023;2023-08-20;Santos;Gremio;2;1;H;2,64;3,19;2,99;2,56;3,13;2,85
2023;2023-08-22;Goias;Athletico-PR;1;1;D;2,94;3,11;2,73;2,85;3,02;2,64
2023;2023-08-26;Flamengo RJ;Internacional;0;0;D;1,48;4,38;7,89;1,46;4,29;7,24
2023;2023-08-27;Corinthians;Goias;1;1;D;1,98;3,27;4,58;2;3,13;4,23
2023;2023-08-27;Bragantino;Cuiaba;2;0;H;1,65;3,66;6,51;1,69;3,53;5,55
2023;2023-08-27;America MG;Sao Paulo;2;1;H;2,68;3,28;2,86;2,62;3,23;2,73
2023;2023-08-27;Atletico-MG;Santos;2;0;H;1,6;3,67;7,43;1,57;3,67;6,81
2023;2023-08-27;Botafogo RJ;Bahia;3;0;H;1,89;3,6;4,48;1,88;3,5;4,2
2023;2023-08-27;Athletico-PR;Fluminense;2;2;D;1,81;3,59;5,06;1,77;3,56;4,73
2023;2023-08-27;Fortaleza;Coritiba;3;1;H;1,53;4,17;7,18;1,5;4,11;6,88
2023;2023-08-27;Palmeiras;Vasco;1;0;H;1,38;4,87;9,59;1,36;4,8;9,05
2023;2023-08-27;Gremio;Cruzeiro;3;0;H;2,05;3,41;4,03;2;3,37;3,86
2023;2023-09-02;Athletico-PR;Atletico-MG;1;1;D;2,46;3,06;3,41;2,36;3,06;3,28
2023;2023-09-02;Goias;Internacional;0;0;D;2,9;2,89;2,97;2,77;2,9;2,86
2023;2023-09-03;Botafogo RJ;Flamengo RJ;1;2;A;2,48;3,28;3,13;2,45;3,18;2,99
2023;2023-09-03;Gremio;Cuiaba;2;0;H;1,68;3,75;5,88;1,66;3,66;5,58
2023;2023-09-03;Corinthians;Palmeiras;0;0;D;4,92;3,25;1,93;4,66;3,14;1,9
2023;2023-09-03;Fluminense;Fortaleza;1;0;H;1,95;3,45;4,41;1,89;3,42;4,23
2023;2023-09-03;America MG;Santos;2;0;H;2,21;3,2;3,8;2,16;3,16;3,56
2023;2023-09-03;Bahia;Vasco;1;1;D;2,11;3,33;3,95;2,06;3,26;3,73
2023;2023-09-03;Cruzeiro;Bragantino;0;0;D;2,47;3,14;3,29;2,41;3,08;3,13
2023;2023-09-14;Flamengo RJ;Athletico-PR;0;3;A;1,81;3,58;5,02;1,77;3,59;4,74
2023;2023-09-14;Internacional;Sao Paulo;2;1;H;2,71;3,06;3,01;2,52;3,01;3,06
2023;2023-09-14;Fortaleza;Corinthians;2;1;H;1,6;3,87;6,84;1,58;3,76;6,33
2023;2023-09-14;Santos;Cruzeiro;0;3;A;2,4;3,12;3,44;2,38;3,02;3,3
2023;2023-09-15;Coritiba;Bahia;2;4;A;2,66;3,22;2,94;2,53;3,18;2,89
2023;2023-09-15;Bragantino;Gremio;2;0;H;1,72;3,86;5,26;1,72;3,8;4,77
2023;2023-09-16;Cuiaba;America MG;2;2;D;1,88;3,5;4,67;1,88;3,35;4,43
2023;2023-09-16;Palmeiras;Goias;1;0;H;1,29;5,59;13,03;1,27;5,47;11,7
2023;2023-09-16;Vasco;Fluminense;4;2;H;3,57;3,15;2,32;3,38;3,09;2,29
2023;2023-09-17;Atletico-MG;Botafogo RJ;1;0;H;2,32;3,24;3,48;2,23;3,14;3,46
2023;2023-09-19;Bahia;Santos;1;2;A;1,67;3,74;6,04;1,67;3,65;5,39
2023;2023-09-19;Corinthians;Gremio;4;4;D;2,5;3,18;3,19;2,48;3,09;3,01
2023;2023-09-20;America MG;Bragantino;0;2;A;2,97;3,52;2,46;2,92;3,39;2,39
2023;2023-09-20;Goias;Flamengo RJ;0;0;D;2,96;3,2;2,62;2,92;3,1;2,55
2023;2023-09-21;Fluminense;Cruzeiro;1;0;H;1,83;3,59;4,9;1,84;3,44;4,48
2023;2023-09-21;Sao Paulo;Fortaleza;1;2;A;2,4;3,22;3,3;2,37;3,17;3,13
2023;2023-09-21;Vasco;Coritiba;5;1;H;1,58;3,9;6,79;1,58;3,82;6,2
2023;2023-09-21;Athletico-PR;Internacional;2;1;H;1,67;3,79;5,96;1,66;3,64;5,6
2023;2023-09-22;Gremio;Palmeiras;1;0;H;3,1;3,34;2,47;3,03;3,26;2,39
2023;2023-09-23;Corinthians;Botafogo RJ;1;0;H;2,91;2,99;2,86;2,83;2,97;2,74
2023;2023-09-24;Atletico-MG;Cuiaba;1;0;H;1,57;3,69;8,03;1,58;3,54;6,97
2023;2023-09-26;America MG;Vasco;0;1;A;2,84;3,36;2,64;2,78;3,25;2,55
2023;2023-09-27;Sao Paulo;Coritiba;2;1;H;1,48;4,49;7,54;1,45;4,37;7,27
2023;2023-09-30;Flamengo RJ;Bahia;1;0;H;1,54;4,35;6,51;1,53;4,2;6,19
2023;2023-09-30;Fortaleza;Gremio;1;1;D;2,64;3,29;2,9;2,57;3,22;2,8
2023;2023-09-30;Cuiaba;Fluminense;3;0;H;2,33;3,1;3,62;2,26;3,07;3,49
2023;2023-09-30;Sao Paulo;Corinthians;2;1;H;1,52;3,96;8,24;1,52;3,82;7,48
2023;2023-10-01;Internacional;Atletico-MG;0;2;A;3,78;3,06;2,36;3,57;3,01;2,26
2023;2023-10-01;Coritiba;Athletico-PR;2;0;H;3,68;3,26;2,22;3,49;3,21;2,18
2023;2023-10-01;Cruzeiro;America MG;1;1;D;1,74;3,8;5,18;1,69;3,78;4,99
2023;2023-10-01;Santos;Vasco;4;1;H;2,6;3,11;3,11;2,53;3,09;2,96
2023;2023-10-01;Bragantino;Palmeiras;2;1;H;1,68;4,01;5,3;1,73;3,76;4,73
2023;2023-10-03;Botafogo RJ;Goias;1;1;D;1,65;3,68;6,45;1,63;3,66;5,94
2023;2023-10-07;Goias;Bahia;4;6;A;2,5;3,14;3,24;2,41;3,12;3,12
2023;2023-10-07;Vasco;Sao Paulo;0;0;D;2,65;3,14;3,01;2,57;3,09;2,9
2023;2023-10-08;Corinthians;Flamengo RJ;1;1;D;3,68;3,16;2,27;3,43;3,09;2,26
2023;2023-10-08;Fluminense;Botafogo RJ;0;2;A;1,95;3,52;4,29;1,97;3,34;4,01
2023;2023-10-08;Internacional;Gremio;3;2;H;2,29;3,26;3,53;2,26;3,18;3,32
2023;2023-10-08;Palmeiras;Santos;1;2;A;1,44;4,48;8,73;1,43;4,3;7,81
2023;2023-10-08;Athletico-PR;Bragantino;1;1;D;2,76;3,22;2,82;2,59;3,17;2,8
2023;2023-10-08;Atletico-MG;Coritiba;1;2;A;1,39;4,75;9,8;1,36;4,67;9,22
2023;2023-10-08;Fortaleza;America MG;3;2;H;1,53;4,43;6,46;1,52;4,22;6,17
2023;2023-10-15;Cuiaba;Cruzeiro;0;0;D;2,47;2,95;3,53;2,37;2,93;3,42
2023;2023-10-18;Gremio;Athletico-PR;1;2;A;2,11;3,33;3,92;2,06;3,28;3,76
2023;2023-10-19;America MG;Botafogo RJ;1;2;A;2,9;3,26;2,67;2,84;3,22;2,54
2023;2023-10-19;Coritiba;Cuiaba;0;3;A;2,61;2,94;3,29;2,5;2,92;3,19
2023;2023-10-19;Bahia;Internacional;1;0;H;2,07;3,37;4,04;2,05;3,28;3,81
2023;2023-10-19;Goias;Sao Paulo;2;0;H;3,79;3,19;2,22;3,44;3,1;2,26
2023;2023-10-19;Vasco;Fortaleza;1;0;H;2,32;3,19;3,53;2,28;3,16;3,31
2023;2023-10-19;Cruzeiro;Flamengo RJ;0;2;A;3,55;3,22;2,3;3,34;3,17;2,26
2023;2023-10-19;Palmeiras;Atletico-MG;0;2;A;1,74;3,51;5,87;1,76;3,4;5,18
2023;2023-10-20;Santos;Bragantino;1;3;A;3,2;3,39;2,38;3,05;3,3;2,35
2023;2023-10-20;Fluminense;Corinthians;3;3;D;1,65;3,9;5,98;1,61;3,81;5,78
2023;2023-10-21;Bahia;Fortaleza;2;0;H;2,09;3,39;3,93;2,1;3,34;3,57
2023;2023-10-21;Cuiaba;Goias;1;1;D;2,05;3,18;4,4;2;3,12;4,23
2023;2023-10-21;Sao Paulo;Gremio;3;0;H;1,6;4,04;6,32;1,58;3,94;5,9
2023;2023-10-22;Botafogo RJ;Athletico-PR;1;1;D;1,9;3,35;4,87;1,9;3,36;4,35
2023;2023-10-22;Atletico-MG;Cruzeiro;0;1;A;1,92;3,17;5,2;1,87;3,18;4,92
2023;2023-10-22;Flamengo RJ;Vasco;1;0;H;1,7;3,77;5,61;1,66;3,73;5,38
2023;2023-10-22;Internacional;Santos;7;1;H;1,54;4,08;7,28;1,55;3,9;6,51
2023;2023-10-22;Bragantino;Fluminense;1;0;H;1,76;3,9;4,85;1,74;3,77;4,58
2023;2023-10-22;Corinthians;America MG;1;1;D;2,09;3,29;4,08;2,02;3,3;3,86
2023;2023-10-22;Coritiba;Palmeiras;0;2;A;5,19;3,57;1,79;4,63;3,47;1,81
2023;2023-10-25;Athletico-PR;America MG;3;2;H;1,58;4,31;6,03;1,55;4,19;5,81
2023;2023-10-25;Bragantino;Atletico-MG;1;2;A;1,88;3,47;4,8;1,89;3,36;4,4
2023;2023-10-25;Fluminense;Goias;5;3;H;1,61;4,15;5,9;1,59;4,03;5,59
2023;2023-10-26;Cruzeiro;Bahia;3;0;H;2;3,26;4,51;1,95;3,28;4,25
2023;2023-10-26;Palmeiras;Sao Paulo;5;0;H;2,09;3,25;4,15;2,02;3,19;4,04
2023;2023-10-26;Cuiaba;Corinthians;0;1;A;2,23;3,1;3,88;2,18;3,04;3,73
2023;2023-10-26;Gremio;Flamengo RJ;3;2;H;4,14;3,4;2,03;3,84;3,31;2,04
2023;2023-10-26;Vasco;Internacional;1;2;A;2,18;3,2;3,87;2,18;3,17;3,54
2023;2023-10-27;Santos;Coritiba;2;1;H;1,68;4,09;5,21;1,67;3,96;4,95
2023;2023-10-28;America MG;Gremio;3;4;A;2,32;3,56;3,16;2,26;3,46;3,06
2023;2023-10-28;Palmeiras;Bahia;1;0;H;1,34;5,16;10,94;1,35;4,83;9,21
2023;2023-10-29;Atletico-MG;Fluminense;2;0;H;1,78;3,57;5,37;1,73;3,53;5,11
2023;2023-10-29;Athletico-PR;Sao Paulo;1;1;D;2,09;3,4;3,91;2,04;3,27;3,82
2023;2023-10-29;Goias;Vasco;1;1;D;2,5;3,09;3,29;2,44;3,05;3,13
2023;2023-10-29;Corinthians;Santos;1;1;D;2,18;3,25;3,83;2,12;3,22;3,62
2023;2023-10-29;Internacional;Coritiba;3;4;A;1,41;4,85;8,62;1,39;4,66;7,98
2023;2023-10-29;Botafogo RJ;Cuiaba;0;1;A;1,68;3,67;6,14;1,65;3,59;5,78
2023;2023-10-31;Bahia;Fluminense;1;0;H;1,5;4,49;7,16;1,46;4,42;6,78
2023;2023-11-01;Corinthians;Athletico-PR;1;0;H;2,73;3;3,05;2,66;2,98;2,89
2023;2023-11-01;Internacional;America MG;1;1;D;1,58;4,38;5,87;1,56;4,23;5,46
2023;2023-11-01;Coritiba;Gremio;1;2;A;3,22;3,68;2,24;3,09;3,57;2,2
2023;2023-11-01;Flamengo RJ;Santos;1;2;A;1,47;4,52;7,59;1,46;4,3;6,97
2023;2023-11-02;Atletico-MG;Fortaleza;3;1;H;1,73;3,71;5,48;1,72;3,56;5,13
2023;2023-11-02;Botafogo RJ;Palmeiras;3;4;A;3,14;3,2;2,52;2,97;3,12;2,49
2023;2023-11-02;Cuiaba;Vasco;0;2;A;2,67;3,03;3,1;2,59;2,98;2,98
2023;2023-11-02;Goias;Bragantino;0;2;A;3,29;3,44;2,31;3,17;3,32;2,27
2023;2023-11-02;Sao Paulo;Cruzeiro;1;0;H;1,91;3,34;4,86;1,89;3,24;4,56
2023;2023-11-04;America MG;Atletico-MG;1;1;D;4,61;3,73;1,83;4,36;3,64;1,8
2023;2023-11-04;Gremio;Bahia;1;0;H;1,76;3,83;4,79;1,72;3,77;4,69
2023;2023-11-05;Palmeiras;Athletico-PR;1;0;H;1,7;3,87;5,44;1,67;3,76;5,21
2023;2023-11-05;Bragantino;Corinthians;1;0;H;1,6;4,22;5,87;1,59;4,03;5,56
2023;2023-11-05;Cruzeiro;Internacional;1;2;A;2,21;3,06;4,02;2,13;3,15;3,69
2023;2023-11-05;Fortaleza;Flamengo RJ;0;2;A;2,58;3,16;3,09;2,49;3,13;2,94
2023;2023-11-05;Coritiba;Goias;0;1;A;2,7;3,33;2,8;2,6;3,26;2,71
2023;2023-11-06;Vasco;Botafogo RJ;1;0;H;2,35;3,39;3,26;2,32;3,25;3,14
2023;2023-11-07;Santos;Cuiaba;0;0;D;1,79;3,52;5,3;1,79;3,37;4,93
2023;2023-11-08;America MG;Coritiba;0;3;A;1,75;4,03;4,77;1,72;3,91;4,53
2023;2023-11-08;Internacional;Fluminense;0;0;D;1,88;3,59;4,52;1,86;3,5;4,29
2023;2023-11-08;Athletico-PR;Fortaleza;1;1;D;2,01;3,46;4,12;1,98;3,38;3,91
2023;2023-11-08;Sao Paulo;Bragantino;1;0;H;3,25;3,3;2,38;3,07;3,25;2,36
2023;2023-11-09;Flamengo RJ;Palmeiras;3;0;H;2,46;3,29;3,16;2,4;3,2;3,06
2023;2023-11-09;Corinthians;Atletico-MG;1;1;D;2,89;2,92;2,95;2,81;2,87;2,84
2023;2023-11-09;Goias;Santos;0;1;A;2,19;3,28;3,76;2,15;3,27;3,52
2023;2023-11-09;Bahia;Cuiaba;0;3;A;1,86;3,45;4,93;1,85;3,36;4,59
2023;2023-11-09;Botafogo RJ;Gremio;3;4;A;1,95;3,71;4,03;1,92;3,62;3,86
2023;2023-11-11;Coritiba;Cruzeiro;1;0;H;3,63;3,35;2,2;3,43;3,28;2,17
2023;2023-11-11;Flamengo RJ;Fluminense;1;1;D;1,96;3,58;4,16;1,96;3,47;3,86
2023;2023-11-12;Palmeiras;Internacional;3;0;H;1,65;4;5,68;1,61;3,91;5,53
2023;2023-11-12;Bragantino;Botafogo RJ;2;2;D;1,74;3,88;5,07;1,7;3,78;4,82
2023;2023-11-12;Gremio;Corinthians;0;1;A;1,66;3,92;5,54;1,66;3,72;5,32
2023;2023-11-12;Atletico-MG;Goias;2;1;H;1,59;3,91;6,91;1,56;3,83;6,38
2023;2023-11-12;Bahia;Athletico-PR;1;1;D;2,3;3,31;3,44;2,31;3,23;3,18
2023;2023-11-12;Cuiaba;Fortaleza;2;1;H;2,9;2,81;3,05;2,75;2,84;2,93
2023;2023-11-12;Santos;Sao Paulo;0;0;D;2,77;3,03;2,97;2,64;3;2,88
2023;2023-11-12;Vasco;America MG;2;1;H;1,5;4,47;7,08;1,47;4,31;6,9
2023;2023-11-18;Fortaleza;Cruzeiro;0;1;A;2,01;3,25;4,5;1,97;3,17;4,31
2023;2023-11-22;Cruzeiro;Vasco;2;2;D;2,18;3,09;4,05;2,13;3,04;3,86
2023;2023-11-23;Fluminense;Sao Paulo;1;0;H;2,25;3,21;3,68;2,19;3,14;3,54
2023;2023-11-23;Fortaleza;Botafogo RJ;2;2;D;2,19;3,48;3,52;2,15;3,36;3,43
2023;2023-11-24;Flamengo RJ;Bragantino;1;0;H;2,14;3,49;3,65;2,1;3,42;3,48
2023;2023-11-25;Corinthians;Bahia;1;5;A;2,1;3,2;4,16;2,07;3,16;3,9
2023;2023-11-25;Athletico-PR;Vasco;0;0;D;1,99;3,45;4,24;1,95;3,37;4,04
2023;2023-11-26;Fluminense;Coritiba;2;1;H;1,33;5,39;10,37;1,33;5,11;9,36
2023;2023-11-26;Atletico-MG;Gremio;3;0;H;1,77;3,75;5,05;1,74;3,66;4,8
2023;2023-11-26;Botafogo RJ;Santos;1;1;D;1,84;3,55;4,89;1,83;3,46;4,57
2023;2023-11-26;America MG;Flamengo RJ;0;3;A;8,52;5,02;1,4;7,61;4,83;1,4
2023;2023-11-26;Fortaleza;Palmeiras;2;2;D;3,22;3,22;2,46;3,17;3,15;2,36
2023;2023-11-26;Internacional;Bragantino;1;0;H;2,58;3,3;2,97;2,47;3,29;2,89
2023;2023-11-26;Sao Paulo;Cuiaba;0;0;D;1,7;3,5;6,32;1,66;3,47;6,16
2023;2023-11-28;Goias;Cruzeiro;0;1;A;2,95;3,11;2,73;2,81;3,07;2,68
2023;2023-11-29;Vasco;Corinthians;2;4;A;2;3,23;4,55;1,99;3,12;4,28
2023;2023-11-29;Santos;Fluminense;0;3;A;2,6;3,23;3;2,43;3,21;3,04
2023;2023-11-29;Flamengo RJ;Atletico-MG;0;3;A;1,74;3,72;5,36;1,73;3,62;5,04
2023;2023-11-29;Bahia;Sao Paulo;0;1;A;2,31;3,13;3,62;2,25;3,14;3,45
2023;2023-11-29;Cuiaba;Internacional;0;2;A;3,19;2,86;2,75;3,07;2,84;2,66
2023;2023-11-30;Coritiba;Botafogo RJ;1;1;D;4,87;3,78;1,78;4,69;3,69;1,76
2023;2023-11-30;Palmeiras;America MG;4;0;H;1,19;7,6;15,84;1,19;7,31;13,82
2023;2023-11-30;Gremio;Goias;2;1;H;1,52;4,58;6,46;1,52;4,31;6,01
2023;2023-11-30;Cruzeiro;Athletico-PR;1;1;D;2,01;3,46;4,14;2;3,34;3,99
2023;2023-11-30;Bragantino;Fortaleza;1;2;A;1,85;3,68;4,59;1,79;3,64;4,49
2023;2023-12-02;Corinthians;Internacional;1;2;A;2,64;2,88;3,31;2,52;2,87;3,23
2023;2023-12-03;Atletico-MG;Sao Paulo;2;1;H;1,7;3,62;6,01;1,66;3,57;5,85
2023;2023-12-03;Flamengo RJ;Cuiaba;2;1;H;1,37;4,87;10,36;1,36;4,66;9,55
2023;2023-12-03;Palmeiras;Fluminense;1;0;H;1,27;6,17;10,98;1,27;5,76;10,63
2023;2023-12-03;America MG;Bahia;3;2;H;3,77;3,76;2,01;3,74;3,67;1,94
2023;2023-12-03;Athletico-PR;Santos;3;0;H;2,03;3,44;4,07;1,97;3,37;4
2023;2023-12-03;Botafogo RJ;Cruzeiro;0;0;D;1,96;3,54;4,22;1,92;3,42;4,14
2023;2023-12-03;Bragantino;Coritiba;1;0;H;1,2;7,58;14,6;1,19;7,07;13,37
2023;2023-12-03;Fortaleza;Goias;1;0;H;1,41;4,76;8,75;1,4;4,54;8,14
2023;2023-12-03;Gremio;Vasco;1;0;H;1,85;3,72;4,56;1,83;3,58;4,34
2023;2023-12-06;Goias;America MG;1;0;H;1,72;4,14;4,67;1,71;3,97;4,49
2023;2023-12-07;Bahia;Atletico-MG;4;1;H;2,5;3,64;2,83;2,51;3,45;2,71
2023;2023-12-07;Coritiba;Corinthians;0;2;A;3,4;3,3;2,29;3,23;3,22;2,29
2023;2023-12-07;Cruzeiro;Palmeiras;1;1;D;4,13;2,83;2,29;3,81;2,87;2,24
2023;2023-12-07;Cuiaba;Athletico-PR;3;0;H;2,37;3,12;3,43;2,31;3,1;3,33
2023;2023-12-07;Fluminense;Gremio;2;3;A;2,08;3,92;3,35;2,08;3,75;3,23
2023;2023-12-07;Internacional;Botafogo RJ;3;1;H;2,1;3,38;3,71;2,09;3,36;3,56
2023;2023-12-07;Santos;Fortaleza;1;2;A;1,95;3,33;4,5;1,94;3,28;4,23
2023;2023-12-07;Sao Paulo;Flamengo RJ;1;0;H;3,41;3,36;2,26;3,35;3,28;2,21
2023;2023-12-07;Vasco;Bragantino;2;1;H;2,21;3,35;3,54;2,18;3,31;3,38
2024;2024-04-13;Criciuma;Juventude;1;1;D;2,16;3,05;4,13;2,13;3;3,89
2024;2024-04-13;Internacional;Bahia;2;1;H;1,9;3,43;4,58;1,87;3,38;4,31
2024;2024-04-14;Fluminense;Bragantino;2;2;D;1,75;3,63;5,31;1,78;3,48;4,79
2024;2024-04-14;Sao Paulo;Fortaleza;1;2;A;1,85;3,41;4,9;1,88;3,29;4,47
2024;2024-04-14;Athletico-PR;Cuiaba;4;0;H;1,56;3,85;7,33;1,57;3,69;6,61
2024;2024-04-14;Atletico GO;Flamengo RJ;1;2;A;5,17;3,79;1,72;4,83;3,69;1,72
2024;2024-04-14;Corinthians;Atletico-MG;0;0;D;2,59;3;3,19;2,56;2,98;3
2024;2024-04-14;Vasco;Gremio;2;1;H;2,18;3,31;3,66;2,17;3,22;3,4
2024;2024-04-14;Cruzeiro;Botafogo RJ;3;2;H;2,21;3,21;3,71;2,2;3,12;3,5
2024;2024-04-14;Vitoria;Palmeiras;0;1;A;3,95;3,34;2,07;3,72;3,32;2,04
2024;2024-04-17;Bahia;Fluminense;2;1;H;2,12;3,48;3,63;2,11;3,4;3,43
2024;2024-04-17;Bragantino;Vasco;2;1;H;1,98;3,52;4,07;1,94;3,44;3,96
2024;2024-04-17;Gremio;Athletico-PR;2;0;H;2,64;3,27;2,87;2,6;3,22;2,75
2024;2024-04-18;Atletico-MG;Criciuma;1;1;D;1,42;4,62;8,61;1,43;4,31;7,83
2024;2024-04-18;Fortaleza;Cruzeiro;1;1;D;1,97;3,34;4,37;1,96;3,28;4,11
2024;2024-04-18;Juventude;Corinthians;2;0;H;3,7;2,98;2,34;3,47;2,93;2,33
2024;2024-04-18;Palmeiras;Internacional;0;1;A;1,69;3,61;5,93;1,68;3,55;5,55
2024;2024-04-18;Flamengo RJ;Sao Paulo;2;1;H;1,69;3,55;6,09;1,7;3,44;5,55
2024;2024-04-19;Botafogo RJ;Atletico GO;1;0;H;1,8;3,62;4,9;1,76;3,55;4,73
2024;2024-04-20;Fluminense;Vasco;2;1;H;2,01;3,43;4,1;1,96;3,38;3,93
2024;2024-04-20;Bragantino;Corinthians;1;0;H;2,27;3,3;3,46;2,22;3,25;3,31
2024;2024-04-20;Gremio;Cuiaba;1;0;H;1,75;3,47;5,69;1,7;3,45;5,47
2024;2024-04-21;Atletico-MG;Cruzeiro;3;0;H;1,88;3,48;4,61;1,88;3,34;4,37
2024;2024-04-21;Athletico-PR;Internacional;1;0;H;2,04;3,3;4,13;1,99;3,33;3,87
2024;2024-04-21;Palmeiras;Flamengo RJ;0;0;D;2,1;3,21;4,08;2,09;3,18;3,78
2024;2024-04-21;Vitoria;Bahia;2;2;D;3,43;3,26;2,3;3,26;3,25;2,26
2024;2024-04-21;Atletico GO;Sao Paulo;0;3;A;3,03;3,03;2,68;2,87;2,99;2,65
2024;2024-04-21;Botafogo RJ;Juventude;5;1;H;1,58;3,93;6,56;1,6;3,71;6,03
2024;2024-04-27;Vasco;Criciuma;0;4;A;1,67;3,65;6,11;1,66;3,57;5,58
2024;2024-04-27;Cuiaba;Atletico-MG;0;3;A;3,65;2,86;2,44;3,51;2,85;2,35
2024;2024-04-28;Bahia;Gremio;1;0;H;1,74;3,94;4,84;1,72;3,76;4,65
2024;2024-04-28;Flamengo RJ;Botafogo RJ;0;2;A;1,59;4,15;5,95;1,58;3,98;5,58
2024;2024-04-28;Corinthians;Fluminense;3;0;H;2,2;3,25;3,68;2,19;3,13;3,48
2024;2024-04-28;Cruzeiro;Vitoria;3;1;H;1,55;4,06;6,82;1,53;3,95;6,35
2024;2024-04-28;Fortaleza;Bragantino;1;1;D;2,26;3,23;3,56;2,2;3,18;3,38
2024;2024-04-28;Juventude;Athletico-PR;1;1;D;3,02;2,95;2,76;2,91;2,97;2,62
2024;2024-04-29;Internacional;Atletico GO;1;1;D;1,57;3,83;7,23;1,53;3,79;6,63
2024;2024-04-30;Sao Paulo;Palmeiras;0;0;D;2,65;2,98;3,12;2,61;2,92;2,98
2024;2024-05-04;Fluminense;Atletico-MG;2;2;D;3,73;3,33;2,15;3,44;3,24;2,16
2024;2024-05-04;Bragantino;Flamengo RJ;1;1;D;2,82;3,17;2,75;2,8;3,11;2,6
2024;2024-05-05;Corinthians;Fortaleza;0;0;D;2,15;3,13;4;2,13;3,06;3,78
2024;2024-05-05;Athletico-PR;Vasco;1;0;H;1,68;3,83;5,51;1,66;3,73;5,22
2024;2024-05-05;Vitoria;Sao Paulo;1;3;A;3,85;3,05;2,24;3,66;3,04;2,18
2024;2024-05-05;Botafogo RJ;Bahia;1;2;A;2,15;3,55;3,5;2,11;3,48;3,34
2024;2024-05-05;Cuiaba;Palmeiras;0;2;A;5,29;3,15;1,89;4,99;3,18;1,83
2024;2024-05-11;Flamengo RJ;Corinthians;2;0;H;1,6;3,91;6,43;1,59;3,8;6,03
2024;2024-05-12;Atletico GO;Cruzeiro;0;1;A;3,14;3,17;2,51;2,98;3,11;2,48
2024;2024-05-12;Fortaleza;Botafogo RJ;1;1;D;1,98;3,46;4,15;1,96;3,38;3,97
2024;2024-05-12;Palmeiras;Athletico-PR;0;2;A;1,71;3,79;5,26;1,7;3,67;4,96
2024;2024-05-12;Bahia;Bragantino;1;0;H;1,81;3,77;4,51;1,79;3,7;4,33
2024;2024-05-12;Vasco;Vitoria;2;1;H;1,76;3,65;5,18;1,73;3,6;4,89
2024;2024-05-14;Sao Paulo;Fluminense;2;1;H;1,72;3,66;5,45;1,69;3,6;5,15
2024;2024-06-01;Gremio;Bragantino;0;2;A;3,32;3,24;2,36;3,17;3,15;2,34
2024;2024-06-01;Vitoria;Atletico GO;0;2;A;2,24;3,18;3,66;2,2;3,12;3,51
2024;2024-06-01;Cuiaba;Internacional;0;1;A;3,87;3,04;2,24;3,67;2,97;2,21
2024;2024-06-01;Fluminense;Juventude;1;1;D;1,59;4,11;6,04;1,56;4,04;5,8
2024;2024-06-02;Corinthians;Botafogo RJ;0;1;A;2,15;3,33;3,73;2,14;3,23;3,51
2024;2024-06-02;Atletico-MG;Bahia;1;1;D;1,81;3,71;4,7;1,77;3,63;4,49
2024;2024-06-02;Criciuma;Palmeiras;1;2;A;4,89;3,38;1,87;4,61;3,28;1,86
2024;2024-06-02;Vasco;Flamengo RJ;1;6;A;5,12;3,89;1,71;4,89;3,75;1,69
2024;2024-06-02;Fortaleza;Athletico-PR;1;0;H;1,96;3,37;4,38;1,93;3,3;4,17
2024;2024-06-02;Sao Paulo;Cruzeiro;2;0;H;1,97;3,27;4,52;1,94;3,17;4,34
2024;2024-06-05;Juventude;Atletico GO;1;0;H;2,41;2,96;3,57;2,37;2,93;3,36
2024;2024-06-06;Cuiaba;Vitoria;0;0;D;2,23;2,98;4,01;2,18;2,95;3,8
2024;2024-06-09;Criciuma;Cuiaba;2;5;A;2,15;3,13;3,87;2,13;3,06;3,76
2024;2024-06-11;Atletico GO;Corinthians;2;2;D;2,6;3,06;3,04;2,59;3,02;2,91
2024;2024-06-11;Juventude;Vitoria;1;1;D;2,01;3,15;4,39;1,97;3,14;4,25
2024;2024-06-12;Botafogo RJ;Fluminense;1;0;H;2;3,26;4,25;1,96;3,29;4,06
2024;2024-06-12;Bragantino;Atletico-MG;1;2;A;2,3;3,17;3,43;2,29;3,12;3,27
2024;2024-06-13;Cruzeiro;Cuiaba;2;1;H;1,6;3,75;6,78;1,58;3,65;6,56
2024;2024-06-14;Athletico-PR;Criciuma;3;1;H;1,5;4,37;7,09;1,47;4,23;6,85
2024;2024-06-14;Flamengo RJ;Gremio;2;1;H;1,57;4,01;6,56;1,56;3,93;6,11
2024;2024-06-14;Internacional;Sao Paulo;0;0;D;2,4;3,09;3,42;2,38;2,99;3,28
2024;2024-06-14;Bahia;Fortaleza;1;0;H;1,92;3,69;4,12;1,85;3,58;4,17
2024;2024-06-14;Palmeiras;Vasco;2;0;H;1,47;4,36;7,78;1,44;4,29;7,39
2024;2024-06-15;Bragantino;Juventude;2;1;H;1,62;3,84;6,39;1,59;3,83;5,87
2024;2024-06-16;Fluminense;Atletico GO;1;2;A;1,88;3,41;4,78;1,87;3,41;4,31
2024;2024-06-16;Athletico-PR;Flamengo RJ;1;1;D;2,61;3,16;3;2,58;3,11;2,84
2024;2024-06-16;Corinthians;Sao Paulo;2;2;D;3,51;3,07;2,37;3,34;3,02;2,34
2024;2024-06-16;Vitoria;Internacional;2;1;H;2,76;2,89;3,09;2,7;2,84;2,96
2024;2024-06-16;Criciuma;Bahia;2;2;D;3,63;3,21;2,24;3,49;3,18;2,18
2024;2024-06-16;Cuiaba;Fortaleza;5;0;H;3,24;2,97;2,58;3,18;2,87;2,53
2024;2024-06-16;Gremio;Botafogo RJ;1;2;A;3,59;3,24;2,24;3,48;3,15;2,19
2024;2024-06-16;Vasco;Cruzeiro;0;0;D;2,89;3,13;2,72;2,78;3,07;2,67
2024;2024-06-18;Atletico-MG;Palmeiras;0;4;A;2,68;3,13;2,94;2,63;3,07;2,81
2024;2024-06-19;Atletico GO;Criciuma;1;2;A;1,68;3,86;5,53;1,67;3,71;5,22
2024;2024-06-19;Botafogo RJ;Athletico-PR;1;1;D;2,03;3,32;4,18;1,98;3,26;4,04
2024;2024-06-20;Fortaleza;Gremio;1;0;H;1,91;3,44;4,52;1,89;3,39;4,28
2024;2024-06-20;Juventude;Vasco;2;0;H;2,15;3,1;4,05;2,14;3,06;3,78
2024;2024-06-20;Sao Paulo;Cuiaba;0;1;A;1,54;3,91;7,52;1,53;3,77;7,1
2024;2024-06-20;Cruzeiro;Fluminense;2;0;H;1,77;3,7;4,97;1,75;3,57;4,78
2024;2024-06-20;Internacional;Corinthians;1;0;H;2,29;3,14;3,6;2,2;3,09;3,54
2024;2024-06-20;Vitoria;Atletico-MG;4;2;H;3;2,95;2,77;2,91;2,9;2,7
2024;2024-06-21;Flamengo RJ;Bahia;2;1;H;1,62;4,06;5,77;1,6;3,96;5,38
2024;2024-06-21;Palmeiras;Bragantino;2;1;H;1,76;3,7;5,04;1,71;3,67;4,9
2024;2024-06-22;Criciuma;Botafogo RJ;2;1;H;3,04;3,31;2,49;3;3,21;2,4
2024;2024-06-22;Gremio;Internacional;0;1;A;3,25;3,01;2,55;3,03;2,97;2,55
2024;2024-06-22;Cuiaba;Atletico GO;0;0;D;2,08;3,2;4,17;2,05;3,15;3,91
2024;2024-06-23;Vasco;Sao Paulo;4;1;H;3,4;3,21;2,34;3,33;3,12;2,28
2024;2024-06-23;Athletico-PR;Corinthians;1;1;D;1,65;4,01;5,56;1,64;3,89;5,2
2024;2024-06-23;Bahia;Cruzeiro;4;1;H;2,12;3,35;3,81;2,05;3,26;3,76
2024;2024-06-23;Fluminense;Flamengo RJ;0;1;A;4,6;3,79;1,81;4,44;3,7;1,77
2024;2024-06-23;Atletico-MG;Fortaleza;1;1;D;1,75;3,61;5,3;1,74;3,51;4,97
2024;2024-06-23;Bragantino;Vitoria;2;1;H;1,55;4,16;6,52;1,51;4,04;6,48
2024;2024-06-23;Palmeiras;Juventude;3;1;H;1,42;4,64;8,34;1,39;4,49;8,17
2024;2024-06-26;Botafogo RJ;Bragantino;2;1;H;1,99;3,49;4,07;1,95;3,4;3,93
2024;2024-06-26;Cruzeiro;Athletico-PR;2;0;H;2,17;3,18;3,86;2,14;3,1;3,7
2024;2024-06-27;Atletico GO;Gremio;1;1;D;2,26;3,18;3,63;2,19;3,15;3,48
2024;2024-06-27;Corinthians;Cuiaba;1;1;D;2,05;3,29;4,14;2;3,19;4,08
2024;2024-06-27;Juventude;Flamengo RJ;2;1;H;4,9;3,43;1,85;4,55;3,31;1,86
2024;2024-06-27;Bahia;Vasco;2;1;H;1,61;4,07;5,86;1,59;3,93;5,59
2024;2024-06-27;Fortaleza;Palmeiras;3;0;H;3,19;3,18;2,45;3,1;3,09;2,41
2024;2024-06-27;Internacional;Atletico-MG;1;2;A;2,08;3,03;3,9;2,13;3,05;3,8
2024;2024-06-27;Fluminense;Vitoria;0;1;A;1,88;3,59;4,44;1,86;3,47;4,26
2024;2024-06-28;Sao Paulo;Criciuma;2;1;H;1,56;4,17;6,38;1,53;4,05;6,14
2024;2024-06-29;Cuiaba;Bragantino;1;1;D;2,8;3,11;2,83;2,69;3,05;2,77
2024;2024-06-29;Vasco;Botafogo RJ;1;1;D;3,08;3,08;2,6;3,01;3,09;2,47
2024;2024-06-30;Atletico-MG;Atletico GO;1;1;D;2,09;3,44;3,87;2,01;3,38;3,73
2024;2024-06-30;Fortaleza;Juventude;2;1;H;1,66;3,69;6,13;1,63;3,66;5,78
2024;2024-06-30;Gremio;Fluminense;1;0;H;1,93;3,4;4,49;1,91;3,33;4,26
2024;2024-06-30;Sao Paulo;Bahia;3;1;H;1,96;3,51;4,18;1,96;3,36;3,96
2024;2024-06-30;Criciuma;Internacional;1;1;D;2,88;2,98;2,86;2,79;2,96;2,74
2024;2024-06-30;Flamengo RJ;Cruzeiro;2;1;H;1,66;3,93;5,56;1,64;3,89;5,28
2024;2024-06-30;Vitoria;Athletico-PR;0;1;A;2,31;3,34;3,32;2,29;3,16;3,25
2024;2024-07-02;Palmeiras;Corinthians;2;0;H;1,6;4,12;5,89;1,58;4,02;5,59
2024;2024-07-03;Cuiaba;Botafogo RJ;1;2;A;2,61;3,01;3,15;2,54;2,99;3,03
2024;2024-07-04;Criciuma;Cruzeiro;1;0;H;2,48;3,02;3,33;2,47;2,98;3,11
2024;2024-07-04;Vasco;Fortaleza;2;0;H;2,36;3,21;3,37;2,27;3,19;3,25
2024;2024-07-04;Athletico-PR;Sao Paulo;1;2;A;2,37;3,15;3,4;2,32;3,1;3,26
2024;2024-07-04;Atletico-MG;Flamengo RJ;2;4;A;2,82;3,11;2,81;2,74;3,08;2,69
2024;2024-07-04;Bragantino;Atletico GO;3;1;H;1,87;3,44;4,78;1,82;3,42;4,52
2024;2024-07-04;Bahia;Juventude;2;0;H;1,52;4,32;6,69;1,51;4,22;6,18
2024;2024-07-04;Gremio;Palmeiras;2;2;D;3,08;3,29;2,47;3,1;3,2;2,35
2024;2024-07-05;Corinthians;Vitoria;3;2;H;1,83;3,38;5,13;1,83;3,3;4,74
2024;2024-07-05;Fluminense;Internacional;1;1;D;2,8;3,07;2,85;2,72;3;2,77
2024;2024-07-07;Flamengo RJ;Cuiaba;1;1;D;1,42;4,53;8,73;1,41;4,29;8,12
2024;2024-07-07;Sao Paulo;Bragantino;2;0;H;2,02;3,32;4,21;1,95;3,27;4,08
2024;2024-07-07;Cruzeiro;Corinthians;3;0;H;1,84;3,58;4,71;1,79;3,54;4,53
2024;2024-07-07;Fortaleza;Fluminense;1;0;H;1,73;3,63;5,44;1,72;3,55;5,05
2024;2024-07-07;Juventude;Gremio;3;0;H;2,72;3,13;2,89;2,59;3,14;2,81
2024;2024-07-07;Internacional;Vasco;1;2;A;1,69;3,65;5,86;1,67;3,57;5,54
2024;2024-07-07;Atletico GO;Athletico-PR;1;2;A;1,96;3,44;4,26;1,94;3,36;4,02
2024;2024-07-07;Palmeiras;Bahia;2;0;H;1,67;4,22;4,94;1,66;4,07;4,72
2024;2024-07-07;Vitoria;Criciuma;2;1;H;2,24;3,21;3,64;2,17;3,15;3,55
2024;2024-07-08;Botafogo RJ;Atletico-MG;3;0;H;2;3,45;4,09;1,96;3,4;3,88
2024;2024-07-10;Gremio;Cruzeiro;0;2;A;2,59;3,24;2,97;2,52;3,18;2,88
2024;2024-07-10;Athletico-PR;Bahia;1;3;A;2,35;3,37;3,22;2,29;3,31;3,16
2024;2024-07-10;Vasco;Corinthians;2;0;H;2,23;3,21;3,66;2,28;3,13;3,35
2024;2024-07-11;Palmeiras;Atletico GO;3;1;H;1,38;4,91;9,24;1,37;4,77;8,59
2024;2024-07-12;Criciuma;Fluminense;1;1;D;2,03;3,39;4,06;2;3,28;3,98
2024;2024-07-12;Flamengo RJ;Fortaleza;1;2;A;1,61;3,84;6,35;1,6;3,8;5,89
2024;2024-07-12;Atletico-MG;Sao Paulo;2;1;H;2,52;3,13;3,15;2,48;3,07;3,06
2024;2024-07-12;Vitoria;Botafogo RJ;0;1;A;3,13;3,09;2,56;3,09;3;2,51
2024;2024-07-13;Bahia;Cuiaba;1;2;A;1,67;3,65;6,12;1,65;3,59;5,71
2024;2024-07-13;Cruzeiro;Bragantino;2;1;H;2,14;3,36;3,72;2,08;3,32;3,62
2024;2024-07-16;Juventude;Atletico-MG;1;1;D;4,16;3,61;1,93;3,98;3,48;1,93
2024;2024-07-17;Corinthians;Criciuma;2;1;H;1,79;3,6;5,02;1,78;3,54;4,68
2024;2024-07-17;Atletico GO;Vasco;0;1;A;2,27;3,26;3,5;2,22;3,2;3,38
2024;2024-07-18;Sao Paulo;Gremio;1;0;H;1,57;3,84;7,08;1,56;3,78;6,54
2024;2024-07-18;Botafogo RJ;Palmeiras;1;0;H;2,91;3,28;2,6;2,79;3,23;2,56
2024;2024-07-18;Fortaleza;Vitoria;3;1;H;1,66;3,77;5,92;1,62;3,75;5,66
2024;2024-07-20;Flamengo RJ;Criciuma;2;1;H;1,42;4,62;8,39;1,4;4,58;7,9
2024;2024-07-20;Botafogo RJ;Internacional;1;0;H;1,94;3,29;4,6;1,91;3,26;4,43
2024;2024-07-21;Palmeiras;Cruzeiro;2;0;H;1,74;3,78;5,11;1,71;3,69;4,93
2024;2024-07-21;Gremio;Vitoria;2;0;H;1,79;3,4;5,47;1,79;3,4;4,9
2024;2024-07-21;Atletico-MG;Vasco;2;0;H;1,74;3,81;5,07;1,7;3,77;4,92
2024;2024-07-21;Bahia;Corinthians;0;1;A;1,71;3,77;5,31;1,68;3,79;5,07
2024;2024-07-21;Bragantino;Athletico-PR;1;0;H;2,01;3,46;4,03;1,97;3,38;3,92
2024;2024-07-21;Fortaleza;Atletico GO;3;1;H;1,74;3,64;5,32;1,72;3,61;5,03
2024;2024-07-21;Juventude;Sao Paulo;0;0;D;3,59;3,29;2,22;3,64;3,25;2,1
2024;2024-07-22;Cuiaba;Fluminense;0;1;A;2,59;2,98;3,21;2,52;2,96;3,11
2024;2024-07-24;Criciuma;Fortaleza;1;1;D;2,79;3,15;2,8;2,67;3,1;2,76
2024;2024-07-24;Cruzeiro;Juventude;2;0;H;1,5;4,24;7,85;1,46;4,23;7,31
2024;2024-07-24;Sao Paulo;Botafogo RJ;2;2;D;2,27;3;3,85;2,23;2,96;3,68
2024;2024-07-25;Vitoria;Flamengo RJ;1;2;A;5,17;3,74;1,74;4,97;3,65;1,72
2024;2024-07-25;Atletico GO;Bahia;1;1;D;3,14;3,28;2,44;3,03;3,21;2,4
2024;2024-07-25;Fluminense;Palmeiras;1;0;H;3,1;3,2;2,51;3,08;3,17;2,41
2024;2024-07-26;Corinthians;Gremio;2;2;D;1,99;3,29;4,36;1,99;3,21;4,11
2024;2024-07-27;Juventude;Criciuma;1;2;A;2,33;3,12;3,53;2,27;3,1;3,41
2024;2024-07-27;Palmeiras;Vitoria;0;2;A;1,47;4,56;7,5;1,46;4,42;6,93
2024;2024-07-28;Bahia;Internacional;1;1;D;2,04;3,44;3,96;1,99;3,34;3,93
2024;2024-07-28;Botafogo RJ;Cruzeiro;0;3;A;2,14;3,39;3,69;2,1;3,26;3,65
2024;2024-07-28;Fortaleza;Sao Paulo;1;0;H;2,36;2,94;3,71;2,3;2,89;3,63
2024;2024-07-28;Bragantino;Fluminense;0;1;A;2,41;3,23;3,24;2,35;3,16;3,17
2024;2024-07-28;Flamengo RJ;Atletico GO;2;0;H;1,29;5,74;11,42;1,29;5,45;10,47
2024;2024-07-28;Atletico-MG;Corinthians;2;1;H;1,71;3,65;5,64;1,69;3,56;5,37
2024;2024-07-28;Cuiaba;Athletico-PR;1;2;A;2,41;3,14;3,34;2,37;3,07;3,24
2024;2024-07-28;Gremio;Vasco;1;0;H;2,07;3,33;3,99;2,04;3,26;3,83
2024;2024-08-03;Vitoria;Cuiaba;1;0;H;2,93;2,93;2,85;2,85;2,9;2,78
2024;2024-08-03;Vasco;Bragantino;2;2;D;1,95;3,96;3,7;1,93;3,84;3,63
2024;2024-08-04;Atletico GO;Botafogo RJ;1;4;A;2,93;3,15;2,67;2,94;3,12;2,53
2024;2024-08-04;Criciuma;Atletico-MG;2;1;H;4,06;3,44;2,01;3,97;3,4;1,96
2024;2024-08-04;Sao Paulo;Flamengo RJ;1;0;H;2,25;3,11;3,75;2,21;3,01;3,71
2024;2024-08-04;Athletico-PR;Gremio;0;2;A;1,69;3,86;5,35;1,65;3,85;5,24
2024;2024-08-04;Corinthians;Juventude;1;1;D;1,65;3,7;6,18;1,65;3,68;5,64
2024;2024-08-04;Fluminense;Bahia;1;0;H;2,09;3,33;3,92;2,08;3,27;3,72
2024;2024-08-04;Internacional;Palmeiras;1;1;D;2,35;3,24;3,35;2,34;3,18;3,17
2024;2024-08-06;Cruzeiro;Fortaleza;1;2;A;1,89;3,42;4,68;1,87;3,39;4,38
2024;2024-08-10;Fortaleza;Criciuma;1;0;H;1,82;3,4;5,2;1,79;3,39;4,91
2024;2024-08-10;Cuiaba;Gremio;1;3;A;2,69;2,99;3,07;2,53;2,96;3,09
2024;2024-08-11;Corinthians;Bragantino;1;1;D;2,24;3,07;3,84;2,16;3,06;3,75
2024;2024-08-11;Cruzeiro;Atletico-MG;0;0;D;2,37;3,05;3,53;2,31;3;3,44
2024;2024-08-11;Vasco;Fluminense;2;0;H;2,75;3,02;2,95;2,68;2,99;2,86
2024;2024-08-11;Juventude;Botafogo RJ;3;2;H;3,85;3,36;2,1;3,78;3,34;2,02
2024;2024-08-11;Bahia;Vitoria;2;0;H;1,66;3,69;6,06;1,64;3,63;5,75
2024;2024-08-11;Flamengo RJ;Palmeiras;1;1;D;1,74;3,62;5,44;1,73;3,56;5,04
2024;2024-08-11;Sao Paulo;Atletico GO;1;0;H;1,96;3,31;4,5;1,89;3,31;4,44
2024;2024-08-11;Internacional;Athletico-PR;2;2;D;1,93;3,35;4,58;1,92;3,26;4,32
2024;2024-08-14;Internacional;Juventude;2;1;H;1,58;4,21;5,98;1,57;4,16;5,59
2024;2024-08-17;Atletico-MG;Cuiaba;1;1;D;1,88;3,25;5,13;1,85;3,21;4,93
2024;2024-08-17;Gremio;Bahia;0;2;A;2,8;3,28;2,7;2,71;3,18;2,69
2024;2024-08-17;Bragantino;Fortaleza;1;2;A;2,56;3,23;3;2,55;3,17;2,87
2024;2024-08-18;Fluminense;Corinthians;0;0;D;2,57;2,93;3,3;2,53;2,88;3,17
2024;2024-08-18;Atletico GO;Internacional;1;0;H;3,03;3,2;2,56;3;3,1;2,49
2024;2024-08-18;Criciuma;Vasco;2;2;D;2,11;3,28;3,93;2,06;3,25;3,77
2024;2024-08-18;Palmeiras;Sao Paulo;2;1;H;1,71;3,51;5,92;1,7;3,45;5,58
2024;2024-08-18;Athletico-PR;Juventude;1;2;A;1,72;3,94;4,94;1,68;3,92;4,87
2024;2024-08-18;Botafogo RJ;Flamengo RJ;4;1;H;2,36;3,18;3,38;2,38;3,11;3,19
2024;2024-08-20;Vitoria;Cruzeiro;2;2;D;2,87;2,96;2,89;2,79;2,9;2,82
2024;2024-08-24;Atletico GO;Juventude;2;1;H;1,81;3,62;4,81;1,82;3,49;4,54
2024;2024-08-24;Palmeiras;Cuiaba;5;0;H;1,44;4,48;8,29;1,44;4,31;7,7
2024;2024-08-25;Atletico-MG;Fluminense;0;2;A;1,95;3,23;4,71;1,92;3,16;4,55
2024;2024-08-25;Bahia;Botafogo RJ;0;0;D;2,26;3,49;3,27;2,22;3,4;3,21
2024;2024-08-25;Criciuma;Gremio;0;1;A;2,79;3,26;2,72;2,75;3,21;2,64
2024;2024-08-25;Fortaleza;Corinthians;1;0;H;2,03;3,23;4,28;1,97;3,22;4,21
2024;2024-08-25;Sao Paulo;Vitoria;2;1;H;1,77;3,6;5,17;1,73;3,53;5,09
2024;2024-08-25;Internacional;Cruzeiro;1;0;H;2,06;3,19;4,26;2;3,15;4,18
2024;2024-08-26;Flamengo RJ;Bragantino;2;1;H;1,62;3,88;6,16;1,61;3,76;5,87
2024;2024-08-27;Vasco;Athletico-PR;2;1;H;2,22;3,28;3,59;2,18;3,23;3,48
2024;2024-08-28;Criciuma;Bragantino;1;0;H;2,43;3,2;3,23;2,38;3,19;3,12
2024;2024-08-28;Cruzeiro;Internacional;0;0;D;2,29;3,2;3,52;2,26;3,13;3,4
2024;2024-08-31;Cuiaba;Criciuma;2;1;H;2,02;3,31;4,19;2;3,25;4,02
2024;2024-09-01;Botafogo RJ;Fortaleza;2;0;H;1,58;4,18;6,07;1,59;3,97;5,71
2024;2024-09-01;Cruzeiro;Atletico GO;3;1;H;1,71;3,51;5,96;1,64;3,58;6,05
2024;2024-09-01;Gremio;Atletico-MG;2;3;A;2,21;3,02;4,01;2,17;3,01;3,8
2024;2024-09-01;Corinthians;Flamengo RJ;2;1;H;2,56;3,02;3,21;2,52;2,96;3,09
2024;2024-09-01;Athletico-PR;Palmeiras;0;2;A;3,81;3,58;2,03;3,59;3,47;2,04
2024;2024-09-01;Bragantino;Bahia;2;1;H;2,35;3,45;3,15;2,3;3,35;3,08
2024;2024-09-01;Fluminense;Sao Paulo;2;0;H;2,34;2,96;3,74;2,36;2,88;3,5
2024;2024-09-01;Juventude;Internacional;1;3;A;3,62;3,25;2,22;3,43;3,21;2,2
2024;2024-09-01;Vitoria;Vasco;0;1;A;2,38;3,12;3,43;2,3;3,13;3,28
2024;2024-09-06;Cuiaba;Juventude;0;0;D;2,17;3,34;3,65;2,11;3,29;3,62
2024;2024-09-11;Internacional;Fortaleza;2;1;H;2;3,36;4,12;2;3,3;3,97
2024;2024-09-14;Atletico GO;Vitoria;0;2;A;1,98;3,35;4,32;1,96;3,3;4,09
2024;2024-09-14;Athletico-PR;Fortaleza;1;1;D;1,91;3,65;4,23;1,9;3,58;3,99
2024;2024-09-15;Botafogo RJ;Corinthians;2;1;H;1,61;3,95;6,17;1,59;3,86;5,89
2024;2024-09-15;Bragantino;Gremio;2;2;D;2,56;3,37;2,89;2,43;3,34;2,88
2024;2024-09-15;Juventude;Fluminense;2;1;H;3,04;3,23;2,54;2,95;3,2;2,46
2024;2024-09-15;Palmeiras;Criciuma;5;0;H;1,28;5,87;11,48;1,28;5,56;10,48
2024;2024-09-15;Bahia;Atletico-MG;3;0;H;1,95;3,49;4,24;1,93;3,46;3,99
2024;2024-09-15;Cruzeiro;Sao Paulo;0;1;A;1,85;3,26;5,27;1,84;3,22;4,94
2024;2024-09-15;Flamengo RJ;Vasco;1;1;D;1,76;3,63;5,16;1,71;3,64;5
2024;2024-09-17;Internacional;Cuiaba;3;0;H;1,49;4,18;8,12;1,45;4,02;8,06
2024;2024-09-21;Corinthians;Atletico GO;3;0;H;1,59;3,95;6,44;1,58;3,83;6,13
2024;2024-09-21;Vitoria;Juventude;1;0;H;2,06;3,25;4,13;2,01;3,25;3,97
2024;2024-09-21;Fluminense;Botafogo RJ;0;1;A;3,53;3,18;2,3;3,41;3,13;2,25
2024;2024-09-22;Fortaleza;Bahia;4;1;H;2,66;3,26;2,86;2,59;3,2;2,79
2024;2024-09-22;Atletico-MG;Bragantino;3;0;H;2,18;3,34;3,63;2,18;3,28;3,42
2024;2024-09-22;Vasco;Palmeiras;0;1;A;4,38;3,88;1,82;4,23;3,78;1,8
2024;2024-09-22;Cuiaba;Cruzeiro;0;0;D;2,86;2,87;2,99;2,8;2,87;2,84
2024;2024-09-22;Gremio;Flamengo RJ;3;2;H;1,83;3,66;4,54;1,81;3,57;4,4
2024;2024-09-22;Sao Paulo;Internacional;1;3;A;2,91;2,94;2,87;2,84;2,87;2,8
2024;2024-09-23;Criciuma;Athletico-PR;0;0;D;2,25;3,37;3,42;2,22;3,31;3,28
2024;2024-09-25;Bragantino;Internacional;2;2;D;3,33;3,31;2,32;3,2;3,24;2,31
2024;2024-09-25;Gremio;Criciuma;1;2;A;1,72;3,9;4,99;1,69;3,81;4,88
2024;2024-09-28;Palmeiras;Atletico-MG;2;1;H;1,73;3,74;5,23;1,7;3,65;5,14
2024;2024-09-29;Botafogo RJ;Gremio;0;0;D;1,71;3,96;5,03;1,67;3,89;4,89
2024;2024-09-29;Juventude;Bragantino;1;1;D;2,68;3,23;2,86;2,58;3,15;2,83
2024;2024-09-29;Atletico GO;Fluminense;1;0;H;2,43;3,19;3,24;2,49;3,11;2,99
2024;2024-09-29;Fortaleza;Cuiaba;1;0;H;1,74;3,56;5,58;1,72;3,54;5,2
2024;2024-09-29;Sao Paulo;Corinthians;3;1;H;2,67;2,97;3,11;2,59;2,9;3,08
2024;2024-09-29;Bahia;Criciuma;1;0;H;1,64;4,17;5,35;1,61;4,02;5,26
2024;2024-09-29;Cruzeiro;Vasco;1;1;D;1,83;3,6;4,7;1,78;3,51;4,69
2024;2024-09-29;Internacional;Vitoria;3;1;H;1,39;4,91;8,62;1,38;4,74;8,25
2024;2024-09-30;Flamengo RJ;Athletico-PR;1;0;H;1,69;3,87;5,3;1,67;3,76;5,14
2024;2024-10-03;Criciuma;Atletico GO;2;0;H;1,87;3,68;4,38;1,85;3,57;4,26
2024;2024-10-04;Fluminense;Cruzeiro;1;0;H;2,51;3,05;3,26;2,43;2,99;3,21
2024;2024-10-05;Gremio;Fortaleza;3;1;H;2,15;3,39;3,66;2,12;3,35;3,49
2024;2024-10-05;Athletico-PR;Botafogo RJ;0;1;A;3,27;3,52;2,25;3,18;3,44;2,21
2024;2024-10-05;Atletico-MG;Vitoria;2;2;D;1,83;3,3;5,35;1,82;3,26;5,03
2024;2024-10-05;Bragantino;Palmeiras;0;0;D;4,52;3,64;1,85;4,29;3,59;1,83
2024;2024-10-05;Bahia;Flamengo RJ;0;2;A;2,79;3,25;2,72;2,71;3,25;2,63
2024;2024-10-05;Corinthians;Internacional;2;2;D;2,29;3,24;3,47;2,26;3,17;3,32
2024;2024-10-05;Cuiaba;Sao Paulo;2;0;H;3,89;2,82;2,37;3,69;2,78;2,35
2024;2024-10-06;Vasco;Juventude;1;1;D;1,76;3,72;5,04;1,73;3,63;4,9
2024;2024-10-09;Atletico-MG;Gremio;2;1;H;1,79;3,65;4,92;1,81;3,55;4,43
2024;2024-10-17;Fortaleza;Atletico-MG;1;1;D;1,72;3,55;5,7;1,71;3,5;5,48
2024;2024-10-17;Sao Paulo;Vasco;3;0;H;1,81;3,54;4,95;1,8;3,48;4,7
2024;2024-10-18;Corinthians;Athletico-PR;5;2;H;1,62;4,04;5,84;1,62;3,93;5,45
2024;2024-10-18;Flamengo RJ;Fluminense;0;2;A;1,74;3,4;5,9;1,72;3,34;5,69
2024;2024-10-18;Atletico GO;Cuiaba;0;0;D;2,23;3,15;3,74;2,18;3,1;3,65
2024;2024-10-19;Botafogo RJ;Criciuma;1;1;D;1,32;5,5;10,42;1,32;5,25;9,24
2024;2024-10-19;Cruzeiro;Bahia;1;1;D;1,93;3,53;4,28;1,91;3,48;4,06
2024;2024-10-19;Internacional;Gremio;1;0;H;1,76;3,65;5,18;1,74;3,59;4,94
2024;2024-10-19;Vitoria;Bragantino;1;0;H;2,25;3,15;3,68;2,22;3,12;3,49
2024;2024-10-21;Juventude;Palmeiras;3;5;A;5,37;3,95;1,68;5,13;3,8;1,66
2024;2024-10-22;Fluminense;Athletico-PR;1;0;H;1,78;3,41;5,51;1,77;3,39;5,04
2024;2024-10-24;Vasco;Cuiaba;1;0;H;1,81;3,41;5,28;1,82;3,29;4,96
2024;2024-10-26;Flamengo RJ;Juventude;4;2;H;1,35;5,21;9,6;1,34;5,03;9,13
2024;2024-10-26;Gremio;Atletico GO;3;1;H;1,59;4,15;5,98;1,56;4,1;5,8
2024;2024-10-26;Palmeiras;Fortaleza;2;2;D;1,37;5,23;8,71;1,36;5,02;8,24
2024;2024-10-26;Vitoria;Fluminense;2;1;H;2,46;2,96;3,46;2,43;2,91;3,33
2024;2024-10-26;Athletico-PR;Cruzeiro;3;0;H;1,85;3,52;4,71;1,83;3,46;4,49
2024;2024-10-26;Atletico-MG;Internacional;1;3;A;3,6;3,14;2,29;3,49;3,09;2,24
2024;2024-10-26;Bragantino;Botafogo RJ;0;1;A;3,66;3,42;2,14;3,57;3,37;2,09
2024;2024-10-27;Criciuma;Sao Paulo;1;1;D;3,33;3,1;2,43;3,17;3,03;2,4
2024;2024-10-28;Cuiaba;Corinthians;0;1;A;3,42;3,04;2,43;3,3;3,01;2,36
2024;2024-10-29;Vasco;Bahia;3;2;H;2,9;3,35;2,57;2,8;3,3;2,53
2024;2024-10-30;Internacional;Flamengo RJ;1;1;D;1,87;3,54;4,58;1,85;3,46;4,39
2024;2024-11-02;Fluminense;Gremio;2;2;D;2,14;3,24;3,88;2,11;3,19;3,71
2024;2024-11-02;Bragantino;Cuiaba;0;0;D;1,68;3,56;6,19;1,69;3,47;5,76
2024;2024-11-02;Athletico-PR;Vitoria;1;2;A;1,83;3,43;5,09;1,81;3,39;4,83
2024;2024-11-02;Juventude;Fortaleza;0;3;A;2,56;3,2;3,03;2,52;3,17;2,91
2024;2024-11-04;Corinthians;Palmeiras;2;0;H;3,21;3,18;2,45;3,14;3,21;2,35
2024;2024-11-06;Bahia;Sao Paulo;0;3;A;2,32;3,16;3,49;2,28;3,11;3,37
2024;2024-11-06;Botafogo RJ;Vasco;3;0;H;1,43;4,97;8,45;1,39;4,75;7,94
2024;2024-11-06;Internacional;Criciuma;2;0;H;1,36;5,23;8,79;1,35;5,05;8,46
2024;2024-11-07;Atletico GO;Atletico-MG;1;0;H;2,24;3,28;3,53;2,27;3,2;3,31
2024;2024-11-07;Cruzeiro;Flamengo RJ;0;1;A;2,65;3,16;2,95;2,55;3,12;2,92
2024;2024-11-08;Internacional;Fluminense;2;0;H;1,5;4,24;7,35;1,47;4,2;7,13
2024;2024-11-09;Palmeiras;Gremio;1;0;H;1,38;5,24;8,27;1,37;5,09;7,68
2024;2024-11-09;Botafogo RJ;Cuiaba;0;0;D;1,23;6,31;14,61;1,22;6;13,8
2024;2024-11-09;Vitoria;Corinthians;1;2;A;3,24;3,03;2,53;3,12;3,03;2,47
2024;2024-11-09;Atletico GO;Bragantino;0;0;D;2,68;3,38;2,75;2,61;3,35;2,67
2024;2024-11-09;Cruzeiro;Criciuma;2;1;H;1,63;3,95;5,83;1,63;3,78;5,6
2024;2024-11-09;Fortaleza;Vasco;3;0;H;1,74;3,71;5,24;1,71;3,69;4,97
2024;2024-11-09;Juventude;Bahia;2;1;H;2,51;3,45;2,9;2,47;3,4;2,79
2024;2024-11-10;Sao Paulo;Athletico-PR;2;1;H;1,58;3,98;6,57;1,56;3,89;6,31
2024;2024-11-13;Flamengo RJ;Atletico-MG;0;0;D;2,06;3,25;4,14;1,98;3,29;4,02
2024;2024-11-16;Athletico-PR;Atletico-MG;1;0;H;2,37;3,21;3,33;2,29;3,19;3,26
2024;2024-11-20;Corinthians;Cruzeiro;2;1;H;1,5;4,3;7,17;1,47;4,25;6,96
2024;2024-11-20;Athletico-PR;Atletico GO;2;0;H;1,68;3,79;5,61;1,64;3,82;5,41
2024;2024-11-20;Bragantino;Sao Paulo;1;1;D;2,52;3,11;3,19;2,48;3,05;3,09
2024;2024-11-20;Criciuma;Vitoria;0;1;A;2,15;3,24;3,86;2,13;3,22;3,64
2024;2024-11-20;Bahia;Palmeiras;1;2;A;3,34;3,67;2,16;3,23;3,59;2,14
2024;2024-11-20;Cuiaba;Flamengo RJ;1;2;A;4,49;3,4;1,93;4,21;3,3;1,94
2024;2024-11-20;Gremio;Juventude;2;2;D;1,82;3,68;4,65;1,81;3,6;4,46
2024;2024-11-21;Atletico-MG;Botafogo RJ;0;0;D;4,21;3,14;2,09;3,99;3,18;2,03
2024;2024-11-21;Vasco;Internacional;0;1;A;3,74;3,32;2,15;3,61;3,26;2,11
2024;2024-11-23;Fluminense;Fortaleza;2;2;D;2,04;3,24;4,16;2,06;3,18;3,9
2024;2024-11-23;Atletico GO;Palmeiras;0;1;A;8,13;5,33;1,37;8,19;5,09;1,35
2024;2024-11-23;Botafogo RJ;Vitoria;1;1;D;1,37;4,94;9,21;1,36;4,84;8,74
2024;2024-11-23;Juventude;Cuiaba;1;1;D;1,62;3,85;6,26;1,62;3,72;5,93
2024;2024-11-24;Sao Paulo;Atletico-MG;2;2;D;2,01;3,2;4,46;1,97;3,12;4,34
2024;2024-11-24;Bahia;Athletico-PR;1;1;D;1,72;4,07;4,79;1,7;3,94;4,64
2024;2024-11-24;Corinthians;Vasco;3;1;H;1,61;3,96;6,16;1,59;3,91;5,82
2024;2024-11-24;Internacional;Bragantino;4;1;H;1,58;4,26;5,91;1,56;4,14;5,69
2024;2024-11-26;Fluminense;Criciuma;0;0;D;1,67;3,69;5,94;1,63;3,66;5,79
2024;2024-11-26;Fortaleza;Flamengo RJ;0;0;D;3,21;3,26;2,41;3,11;3,2;2,36
2024;2024-11-27;Atletico-MG;Juventude;2;3;A;2,6;3,01;3,21;2,55;2,99;3,03
2024;2024-11-27;Palmeiras;Botafogo RJ;1;3;A;2,08;3,3;3,99;2,05;3,24;3,9
2024;2024-11-28;Cruzeiro;Gremio;1;1;D;2;3,37;4,2;1,99;3,31;3,95
2024;2024-11-30;Criciuma;Corinthians;2;4;A;3,55;3,33;2,21;3,4;3,27;2,19
2024;2024-11-30;Cuiaba;Bahia;1;2;A;4,37;3,52;1,92;4,21;3,42;1,9
2024;2024-12-01;Vasco;Atletico GO;2;2;D;1,94;3,46;4,3;1,9;3,4;4,23
2024;2024-12-01;Flamengo RJ;Internacional;3;2;H;1,88;3,5;4,57;1,91;3,39;4,21
2024;2024-12-01;Gremio;Sao Paulo;2;1;H;2,38;3,25;3,28;2,33;3,15;3,2
2024;2024-12-01;Athletico-PR;Fluminense;1;1;D;2,3;3,03;3,72;2,28;2,95;3,58
2024;2024-12-01;Bragantino;Cruzeiro;1;1;D;2,04;3,41;4;2;3,32;3,91
2024;2024-12-01;Vitoria;Fortaleza;2;0;H;2,24;3,12;3,65;2,24;3,13;3,42
2024;2024-12-03;Corinthians;Bahia;3;0;H;1,7;3,96;5,1;1,68;3,94;4,83
2024;2024-12-04;Vasco;Atletico-MG;2;0;H;3,09;2,95;2,7;2,98;2,92;2,64
2024;2024-12-04;Criciuma;Flamengo RJ;0;3;A;3,14;3,75;2,23;3,12;3,61;2,19
2024;2024-12-04;Sao Paulo;Juventude;1;2;A;1,69;3,83;5,38;1,7;3,73;5
2024;2024-12-04;Vitoria;Gremio;1;1;D;2,52;3,14;3,15;2,4;3,11;3,15
2024;2024-12-05;Atletico GO;Fortaleza;3;1;H;2,59;3,36;2,87;2,59;3,27;2,75
2024;2024-12-05;Cruzeiro;Palmeiras;1;2;A;4,05;3,47;1,99;3,91;3,37;1,98
2024;2024-12-05;Internacional;Botafogo RJ;0;1;A;2,79;3,24;2,73;2,72;3,24;2,62
2024;2024-12-05;Athletico-PR;Bragantino;1;2;A;2,2;3,25;3,67;2,12;3,24;3,59
2024;2024-12-05;Fluminense;Cuiaba;1;0;H;1,38;4,68;10,86;1,37;4,46;9,8
2024;2024-12-08;Atletico-MG;Athletico-PR;1;0;H;2,09;3,06;4,27;2,07;3,09;3,99
2024;2024-12-08;Bahia;Atletico GO;2;0;H;1,42;4,88;7,44;1,42;4,72;7,09
2024;2024-12-08;Botafogo RJ;Sao Paulo;2;1;H;1,27;5,23;15,7;1,26;5,24;13,76
2024;2024-12-08;Bragantino;Criciuma;5;1;H;1,37;5,01;8,59;1,38;4,81;7,85
2024;2024-12-08;Cuiaba;Vasco;1;2;A;3,51;3,18;2,27;3,52;3,16;2,19
2024;2024-12-08;Flamengo RJ;Vitoria;2;2;D;1,38;5,2;7,93;1,37;5,02;7,66
2024;2024-12-08;Fortaleza;Internacional;3;0;H;2,62;3,24;2,88;2,59;3,18;2,8
2024;2024-12-08;Gremio;Corinthians;0;3;A;2,74;3,35;2,66;2,67;3,34;2,61
2024;2024-12-08;Juventude;Cruzeiro;0;1;A;2,13;3,42;3,59;2,13;3,37;3,44
2024;2024-12-08;Palmeiras;Fluminense;0;1;A;1,47;4,56;6,85;1,46;4,41;6,74
2025;2025-03-29;Cruzeiro;Mirassol;2;1;H;1,6;3,62;7,31;1,58;3,66;6,75
2025;2025-03-29;Fortaleza;Fluminense;2;0;H;2,52;3,02;3,28;2,46;2,98;3,21
2025;2025-03-29;Gremio;Atletico-MG;2;1;H;2,74;3,11;2,88;2,68;3,02;2,85
2025;2025-03-29;Juventude;Vitoria;2;0;H;2,21;3,17;3,77;2,19;3,13;3,58
2025;2025-03-29;Sao Paulo;Sport Recife;0;0;D;1,78;3,41;5,5;1,75;3,37;5,38
2025;2025-03-30;Flamengo RJ;Internacional;1;1;D;1,82;3,51;4,96;1,79;3,47;4,79
2025;2025-03-30;Palmeiras;Botafogo RJ;0;0;D;1,7;3,59;5,89;1,67;3,6;5,7
2025;2025-03-30;Vasco;Santos;2;1;H;2,33;3,13;3,51;2,33;3,07;3,34
2025;2025-03-31;Bahia;Corinthians;1;1;D;1,8;3,56;5,04;1,82;3,48;4,61
2025;2025-04-01;Bragantino;Ceara;2;2;D;1,99;3,35;4,28;1,96;3,32;4,1
2025;2025-04-05;Ceara;Gremio;2;0;H;2,14;3,19;3,96;2,1;3,18;3,8
2025;2025-04-05;Corinthians;Vasco;3;0;H;1,58;3,91;6,62;1,58;3,89;6,16
2025;2025-04-06;Botafogo RJ;Juventude;2;0;H;1,39;4,61;9,73;1,4;4,52;8,59
2025;2025-04-06;Atletico-MG;Sao Paulo;0;0;D;2,02;3,03;4,74;2;3,05;4,42
2025;2025-04-06;Fluminense;Bragantino;2;1;H;1,86;3,37;4,94;1,83;3,36;4,78
2025;2025-04-06;Internacional;Cruzeiro;3;0;H;1,62;3,77;6,53;1,62;3,66;6,14
2025;2025-04-06;Mirassol;Fortaleza;1;1;D;2,36;3,04;3,58;2,34;2,99;3,43
2025;2025-04-06;Sport Recife;Palmeiras;1;2;A;3,2;3;2,59;3,15;2,98;2,49
2025;2025-04-06;Vitoria;Flamengo RJ;1;2;A;5,52;3,36;1,79;5,15;3,32;1,79
2025;2025-04-07;Santos;Bahia;2;2;D;2,11;3,15;4,11;2,1;3,13;3,86
2025;2025-04-12;Bragantino;Botafogo RJ;1;0;H;3,05;3,11;2,61;2,97;3,06;2,56
2025;2025-04-12;Juventude;Ceara;2;1;H;2,3;3,12;3,6;2,27;3,09;3,44
2025;2025-04-12;Palmeiras;Corinthians;2;0;H;1,79;3,4;5,41;1,76;3,44;5,14
2025;2025-04-13;Vasco;Sport Recife;3;1;H;1,97;3,36;4,33;1,94;3,35;4,16
2025;2025-04-13;Bahia;Mirassol;1;1;D;1,5;4,21;7,48;1,5;4,05;7,06
2025;2025-04-13;Gremio;Flamengo RJ;0;2;A;4,78;3,54;1,84;4,47;3,43;1,85
2025;2025-04-13;Sao Paulo;Cruzeiro;1;1;D;1,91;3,23;4,94;1,88;3,14;4,87
2025;2025-04-13;Fluminense;Santos;1;0;H;1,81;3,34;5,42;1,79;3,27;5,21
2025;2025-04-14;Fortaleza;Internacional;0;0;D;3,08;3,14;2,57;3;3,09;2,52
2025;2025-04-14;Atletico-MG;Vitoria;2;2;D;1,57;3,92;6,85;1,56;3,81;6,64
2025;2025-04-16;Ceara;Vasco;2;1;H;2,26;3,21;3,59;2,22;3,16;3,48
2025;2025-04-16;Botafogo RJ;Sao Paulo;2;2;D;1,85;3,19;5,46;1,83;3,28;4,9
2025;2025-04-16;Mirassol;Gremio;4;1;H;3,09;3,08;2,6;2,97;2,99;2,6
2025;2025-04-16;Sport Recife;Bragantino;0;1;A;2,48;3,23;3,12;2,37;3,18;3,17
2025;2025-04-16;Corinthians;Fluminense;0;2;A;2,26;3,06;3,79;2,19;3,01;3,8
2025;2025-04-16;Internacional;Palmeiras;0;1;A;2,79;2,97;2,96;2,75;2,94;2,85
2025;2025-04-17;Flamengo RJ;Juventude;6;0;H;1,21;6,58;15,69;1,21;6,39;14,52
2025;2025-04-17;Santos;Atletico-MG;2;0;H;2,53;3,17;3,1;2,44;3,13;3,08
2025;2025-04-17;Vitoria;Fortaleza;2;1;H;2,38;3,09;3,46;2,35;3,04;3,32
2025;2025-04-18;Cruzeiro;Bahia;3;0;H;2,33;3,11;3,54;2,3;3,07;3,42
2025;2025-04-19;Corinthians;Sport Recife;2;1;H;1,77;3,44;5,55;1,73;3,47;5,27
2025;2025-04-19;Vasco;Flamengo RJ;0;0;D;9,08;4,26;1,44;8,45;4,31;1,41
2025;2025-04-20;Gremio;Internacional;1;1;D;3,49;3;2,42;3,38;2,93;2,39
2025;2025-04-20;Juventude;Mirassol;2;2;D;2,43;3,08;3,37;2,35;3,04;3,34
2025;2025-04-20;Atletico-MG;Botafogo RJ;1;0;H;2,24;3,36;3,46;2,22;3,27;3,35
2025;2025-04-20;Sao Paulo;Santos;2;1;H;2,38;2,95;3,66;2,34;2,93;3,52
2025;2025-04-20;Fluminense;Vitoria;1;1;D;1,68;3,56;6,15;1,67;3,47;5,99
2025;2025-04-20;Fortaleza;Palmeiras;1;2;A;4,4;3,22;2,01;4,13;3,18;2,01
2025;2025-04-21;Bragantino;Cruzeiro;1;0;H;2,21;3,32;3,58;2,18;3,23;3,5
2025;2025-04-22;Bahia;Ceara;1;0;H;1,81;3,73;4,62;1,79;3,63;4,54
2025;2025-04-26;Internacional;Juventude;3;1;H;1,4;4,77;8,52;1,4;4,6;8,21
2025;2025-04-26;Ceara;Sao Paulo;1;1;D;2,39;2,86;3,76;2,35;2,82;3,64
2025;2025-04-26;Mirassol;Atletico-MG;2;2;D;3,31;3,11;2,44;3,24;3,04;2,4
2025;2025-04-27;Sport Recife;Fortaleza;0;0;D;2,05;3,29;4,14;2,05;3,28;3,82
2025;2025-04-27;Botafogo RJ;Fluminense;2;0;H;2,17;3,07;4,06;2,14;3,02;3,87
2025;2025-04-27;Flamengo RJ;Corinthians;4;0;H;1,48;4,3;7,7;1,48;4,11;7,29
2025;2025-04-27;Cruzeiro;Vasco;1;0;H;2,27;3,05;3,77;2,23;3,01;3,63
2025;2025-04-27;Palmeiras;Bahia;0;1;A;1,57;4,1;6,6;1,55;4,04;6,22
2025;2025-04-27;Vitoria;Gremio;1;1;D;2,41;3,13;3,34;2,37;3,07;3,26
2025;2025-04-28;Santos;Bragantino;1;2;A;2,26;3,17;3,65;2,17;3,18;3,58
2025;2025-05-03;Sao Paulo;Fortaleza;0;0;D;1,87;3,24;5,22;1,85;3,19;4,98
2025;2025-05-03;Ceara;Vitoria;1;0;H;2,31;2,91;3,89;2,26;2,86;3,82
2025;2025-05-03;Corinthians;Internacional;4;2;H;2,7;2,88;3,18;2,62;2,89;3,06
2025;2025-05-03;Fluminense;Sport Recife;2;1;H;1,79;3,47;5,29;1,75;3,45;5,17
2025;2025-05-04;Bahia;Botafogo RJ;1;0;H;2;3,39;4,15;1,98;3,36;3,94
2025;2025-05-04;Gremio;Santos;1;0;H;2,32;3,14;3,51;2,27;3,1;3,43
2025;2025-05-04;Vasco;Palmeiras;0;1;A;6,68;3,76;1,61;6,42;3,64;1,6
2025;2025-05-04;Cruzeiro;Flamengo RJ;2;1;H;4,85;3,29;1,91;4,67;3,26;1,88
2025;2025-05-05;Bragantino;Mirassol;1;0;H;1,85;3,43;4,95;1,82;3,38;4,75
2025;2025-05-06;Juventude;Atletico-MG;0;1;A;3,58;3,17;2,28;3,36;3,16;2,27
2025;2025-05-10;Fortaleza;Juventude;5;0;H;1,59;4,05;6,18;1,58;3,93;5,97
2025;2025-05-10;Gremio;Bragantino;1;1;D;2,71;3,2;2,84;2,64;3,13;2,79
2025;2025-05-10;Mirassol;Corinthians;2;1;H;2,87;3,07;2,79;2,88;3,02;2,66
2025;2025-05-10;Vitoria;Vasco;2;1;H;1,98;3,43;4,21;1,98;3,31;4,04
2025;2025-05-11;Flamengo RJ;Bahia;1;0;H;1,4;4,62;9,18;1,39;4,54;8,57
2025;2025-05-11;Sport Recife;Cruzeiro;0;4;A;2,51;3,03;3,28;2,5;2,98;3,12
2025;2025-05-11;Atletico-MG;Fluminense;3;2;H;1,94;3,32;4,56;1,93;3,22;4,4
2025;2025-05-11;Palmeiras;Sao Paulo;1;0;H;1,77;3,39;5,7;1,76;3,33;5,36
2025;2025-05-12;Botafogo RJ;Internacional;4;0;H;1,72;3,58;5,69;1,72;3,52;5,32
2025;2025-05-13;Santos;Ceara;0;0;D;2,52;2,95;3,35;2,42;2,93;3,35
2025;2025-05-17;Ceara;Sport Recife;2;0;H;1,93;3,33;4,64;1,92;3,26;4,46
2025;2025-05-17;Vasco;Fortaleza;3;0;H;2,49;2,99;3,38;2,48;2,98;3,19
2025;2025-05-18;Sao Paulo;Gremio;2;1;H;1,64;3,74;6,26;1,64;3,69;5,84
2025;2025-05-18;Bahia;Vitoria;2;1;H;1,71;3,63;5,6;1,72;3,48;5,39
2025;2025-05-18;Corinthians;Santos;1;0;H;2,17;3,11;3,97;2,08;3,08;4,03
2025;2025-05-18;Juventude;Fluminense;1;1;D;4,11;3,33;2,04;3,8;3,28;2,09
2025;2025-05-18;Bragantino;Palmeiras;1;2;A;4,04;3,23;2,1;3,93;3,18;2,07
2025;2025-05-18;Flamengo RJ;Botafogo RJ;0;0;D;1,77;3,52;5,36;1,74;3,48;5,17
2025;2025-05-19;Cruzeiro;Atletico-MG;0;0;D;2,6;3,15;3,02;2,54;3,08;2,98
2025;2025-05-19;Internacional;Mirassol;1;1;D;1,73;3,75;5,25;1,68;3,73;5,31
2025;2025-05-24;Fluminense;Vasco;2;1;H;1,83;3,45;4,98;1,81;3,35;4,92
2025;2025-05-24;Sao Paulo;Mirassol;0;2;A;1,72;3,53;5,78;1,71;3,51;5,39
2025;2025-05-25;Atletico-MG;Corinthians;0;0;D;1,74;3,5;5,73;1,72;3,47;5,4
2025;2025-05-25;Gremio;Bahia;1;0;H;2,46;3,23;3,15;2,46;3,14;3,04
2025;2025-05-25;Palmeiras;Flamengo RJ;0;2;A;2,24;3,14;3,72;2,23;3,04;3,59
2025;2025-05-25;Sport Recife;Internacional;1;1;D;2,59;3,08;3,09;2,56;3,05;2,98
2025;2025-05-25;Vitoria;Santos;0;1;A;2,27;3,1;3,71;2,23;3,06;3,56
2025;2025-05-26;Fortaleza;Cruzeiro;0;2;A;2,3;3,15;3,55;2,27;3,1;3,43
2025;2025-05-27;Bragantino;Juventude;1;0;H;1,45;4,42;8,3;1,42;4,35;8,14
2025;2025-05-31;Bahia;Sao Paulo;2;1;H;1,88;3,19;5,31;1,88;3,14;4,91
2025;2025-06-01;Vasco;Bragantino;0;2;A;2,46;3,25;3,13;2,43;3,18;3,06
2025;2025-06-01;Mirassol;Sport Recife;1;0;H;1,87;3,39;4,86;1,87;3,34;4,55
2025;2025-06-01;Juventude;Gremio;0;2;A;3,17;3,24;2,45;3,16;3,18;2,37
2025;2025-06-01;Santos;Botafogo RJ;0;1;A;2,14;3,19;4,01;2,1;3,13;3,87
2025;2025-06-01;Ceara;Atletico-MG;0;1;A;2,8;2,95;2,97;2,8;2,89;2,86
2025;2025-06-01;Corinthians;Vitoria;0;0;D;1,72;3,41;6,08;1,71;3,34;5,87
2025;2025-06-01;Flamengo RJ;Fortaleza;5;0;H;1,34;5,1;10,25;1,35;4,88;9,4
2025;2025-06-01;Cruzeiro;Palmeiras;2;1;H;3,06;2,95;2,72;3,05;2,89;2,63
2025;2025-06-02;Internacional;Fluminense;0;2;A;2,17;3,11;3,99;2,16;3,08;3,74
2025;2025-06-05;Botafogo RJ;Ceara;3;2;H;1,57;3,87;7,1;1,56;3,8;6,81
2025;2025-06-12;Bragantino;Bahia;0;3;A;2,3;3,14;3,58;2,23;3,09;3,38
2025;2025-06-12;Vitoria;Cruzeiro;0;0;D;3,5;3,05;2,39;3,36;3,03;2,28
2025;2025-06-12;Fortaleza;Santos;2;3;A;2,27;3,17;3,61;2,23;3,1;3,38
2025;2025-06-13;Gremio;Corinthians;1;1;D;2,38;2,92;3,68;2,32;2,89;3,45
2025;2025-06-13;Atletico-MG;Internacional;2;0;H;1,91;3,39;4,64;1,89;3,26;4,32
2025;2025-06-13;Sao Paulo;Vasco;1;3;A;1,9;3,18;5,17;1,84;3,1;4,93
2025;2025-07-12;Flamengo RJ;Sao Paulo;2;0;H;1,46;4,12;9,18;1,44;3,95;8,21
2025;2025-07-12;Internacional;Vitoria;1;0;H;1,56;3,88;7,17;1,54;3,73;6,58
2025;2025-07-12;Vasco;Botafogo RJ;0;2;A;3,8;3,18;2,19;3,56;3,1;2,15
2025;2025-07-13;Bahia;Atletico-MG;2;1;H;2,13;3,13;4,08;2,11;3,03;3,8
2025;2025-07-13;Corinthians;Bragantino;1;2;A;1,96;3,32;4,5;1,94;3,17;4,19
2025;2025-07-14;Cruzeiro;Gremio;4;1;H;1,62;3,77;6,51;1,61;3,63;5,93
2025;2025-07-14;Fortaleza;Ceara;0;1;A;2,3;3,02;3,72;2,22;2,98;3,54
2025;2025-07-15;Juventude;Sport Recife;2;0;H;2,86;3,06;2,79;2,74;2,97;2,74
2025;2025-07-16;Palmeiras;Mirassol;1;1;D;1,4;4,58;9,48;1,39;4,38;8,26
2025;2025-07-16;Ceara;Corinthians;0;1;A;2,47;2,93;3,49;2,42;2,88;3,26
2025;2025-07-17;Santos;Flamengo RJ;1;0;H;4,61;3,39;1,92;4,36;3,25;1,88
2025;2025-07-17;Botafogo RJ;Vitoria;0;0;D;1,37;4,9;9,79;1,36;4,54;8,77
2025;2025-07-17;Bragantino;Sao Paulo;2;2;D;2,56;2,92;3,33;2,4;2,85;3,32
2025;2025-07-17;Fluminense;Cruzeiro;0;2;A;2,42;2,98;3,5;2,33;2,88;3,44
2025;2025-07-19;Fortaleza;Bahia;1;1;D;2,99;3,18;2,6;2,9;3,11;2,5
2025;2025-07-19;Vasco;Gremio;1;1;D;2,18;3,15;3,88;2,1;3,1;3,7
2025;2025-07-19;Mirassol;Santos;3;0;H;2,77;3,11;2,85;2,66;3,01;2,78
2025;2025-07-20;Sao Paulo;Corinthians;2;0;H;2,27;2,85;4,14;2,17;2,8;3,96
2025;2025-07-20;Internacional;Ceara;1;0;H;1,62;3,76;6,54;1,59;3,63;6,11
2025;2025-07-20;Cruzeiro;Juventude;4;0;H;1,33;5,03;11,58;1,31;4,97;9,77
2025;2025-07-20;Vitoria;Bragantino;1;0;H;2,49;3,03;3,32;2,45;2,94;3,13
2025;2025-07-20;Palmeiras;Atletico-MG;3;2;H;1,73;3,51;5,75;1,69;3,36;5,65
2025;2025-07-20;Sport Recife;Botafogo RJ;0;1;A;3,85;3,2;2,17;3,71;3,03;2,14
2025;2025-07-20;Flamengo RJ;Fluminense;1;0;H;1,76;3,37;5,83;1,73;3,27;5,38
2025;2025-07-23;Ceara;Mirassol;0;2;A;2,19;3,11;3,91;2,12;3,08;3,72
2025;2025-07-23;Fluminense;Palmeiras;1;2;A;2,96;2,95;2,8;2,89;2,8;2,75
2025;2025-07-23;Corinthians;Cruzeiro;0;0;D;2,85;2,94;2,91;2,76;2,82;2,86
2025;2025-07-24;Bragantino;Flamengo RJ;1;2;A;4,19;3,38;2;4,1;3,33;1,91
2025;2025-07-24;Santos;Internacional;1;2;A;2,51;3,12;3,19;2,37;3,06;3,15
2025;2025-07-24;Vitoria;Sport Recife;2;2;D;2,41;3;3,5;2,32;2,94;3,4
2025;2025-07-24;Juventude;Sao Paulo;0;1;A;4,66;3,21;1,96;4,65;3,23;1,84
2025;2025-07-26;Botafogo RJ;Corinthians;1;1;D;1,63;3,68;6,6;1,59;3,5;6,46
2025;2025-07-26;Fortaleza;Bragantino;3;1;H;2,24;3,32;3,5;1,81;3,66;4,15
2025;2025-07-26;Mirassol;Vitoria;1;1;D;1,71;3,6;5,72;1,69;3,43;5,42
2025;2025-07-26;Sport Recife;Santos;2;2;D;2,68;3,22;2,85;2,6;3,11;2,76
2025;2025-07-27;Palmeiras;Gremio;1;0;H;1,38;4,76;9,94;1,4;4,42;7,96
2025;2025-07-27;Cruzeiro;Ceara;1;2;A;1,49;4,16;8,03;1,46;4;7,4
2025;2025-07-27;Sao Paulo;Fluminense;3;1;H;2,08;3,15;4,25;2,05;2,97;4,08
2025;2025-07-27;Bahia;Juventude;3;0;H;1,3;5,7;11,24;1,26;5,44;10,64
2025;2025-07-27;Internacional;Vasco;1;1;D;1,61;3,99;6,17;1,53;3,94;6,13
2025;2025-07-28;Flamengo RJ;Atletico-MG;1;0;H;1,42;4,4;9,45;1,41;4,16;8,25
2025;2025-07-30;Gremio;Fortaleza;2;1;H;1,95;3,5;4,25;1,92;3,38;3,96
2025;2025-08-02;Sport Recife;Bahia;0;0;D;3,24;3,25;2,4;3,16;3,1;2,32
2025;2025-08-02;Mirassol;Vasco;3;2;H;1,9;3,32;4,83;1,85;3,25;4,55
2025;2025-08-03;Fluminense;Gremio;1;0;H;1,89;3,4;4,7;1,87;3,18;4,51
2025;2025-08-03;Botafogo RJ;Cruzeiro;0;2;A;2,17;3,26;3,77;2,22;3,05;3,44
2025;2025-08-03;Corinthians;Fortaleza;1;1;D;2,04;3,25;4,22;2,03;3,08;3,98
2025;2025-08-03;Atletico-MG;Bragantino;2;1;H;1,94;3,51;4,28;1,91;3,37;3,99
2025;2025-08-03;Ceara;Flamengo RJ;1;1;D;5,79;3,52;1,72;5,22;3,38;1,72
2025;2025-08-03;Vitoria;Palmeiras;2;2;D;3,21;2,84;2,7;3,08;2,84;2,54
2025;2025-08-04;Internacional;Sao Paulo;1;2;A;2,12;3,21;4;2,45;2,94;3,11
2025;2025-08-05;Santos;Juventude;3;1;H;1,37;5,01;9,35;1,38;4,67;7,68
2025;2025-08-09;Bragantino;Internacional;1;3;A;2,45;3,26;3,15;2,85;3,05;2,56
2025;2025-08-09;Flamengo RJ;Mirassol;2;1;H;1,35;5,06;10,2;1,3;5,06;9,94
2025;2025-08-09;Sao Paulo;Vitoria;2;0;H;1,61;3,77;6,65;1,71;3,32;5,43
2025;2025-08-10;Fortaleza;Botafogo RJ;0;5;A;2,56;3,1;3,12;2,52;3,04;2,91
2025;2025-08-10;Bahia;Fluminense;3;3;D;1,65;3,76;6,14;1,64;3,56;5,63
2025;2025-08-10;Palmeiras;Ceara;2;1;H;1,43;4,52;8,86;1,38;4,32;8,82
2025;2025-08-10;Vasco;Atletico-MG;1;1;D;2,7;3,05;2,98;2,73;2,94;2,76
2025;2025-08-10;Cruzeiro;Santos;1;2;A;1,58;4,2;6,01;1,52;4,08;5,98
2025;2025-08-11;Gremio;Sport Recife;0;1;A;1,82;3,55;4,9;1,81;3,38;4,49
2025;2025-08-12;Juventude;Corinthians;2;1;H;4,5;3,19;2,01;4,05;3,16;1,98
2025;2025-08-16;Ceara;Bragantino;1;0;H;2,09;3,22;4,08;2,15;3,05;3,59
2025;2025-08-16;Fluminense;Fortaleza;2;1;H;1,76;3,61;5,2;1,73;3,51;4,81
2025;2025-08-16;Sport Recife;Sao Paulo;2;2;D;2,23;3,14;3,76;2,02;3,18;3,85
2025;2025-08-16;Vitoria;Juventude;2;2;D;1,75;3,67;5,2;1,72;3,53;4,93
2025;2025-08-17;Corinthians;Bahia;1;2;A;2,73;3,04;2,94;2,56;2,99;2,91
2025;2025-08-17;Atletico-MG;Gremio;1;3;A;1,75;3,67;5,17;1,65;3,63;5,34
2025;2025-08-17;Santos;Vasco;0;6;A;1,92;3,66;4,18;1,82;3,57;4,18
2025;2025-08-17;Internacional;Flamengo RJ;1;3;A;4,29;3,11;2,09;4,55;3,3;1,83
2025;2025-08-18;Botafogo RJ;Palmeiras;0;1;A;2,94;2,9;2,86;2,88;2,93;2,64
2025;2025-08-19;Mirassol;Cruzeiro;1;1;D;3,11;3,28;2,46;2,74;3,17;2,56
2025;2025-08-20;Juventude;Vasco;2;0;H;3,29;3,3;2,35;3,77;3,36;1,97
2025;2025-08-23;Bragantino;Fluminense;4;2;H;2,65;3,06;3,03;2,48;3,03;2,95
2025;2025-08-23;Cruzeiro;Internacional;2;1;H;1,78;3,56;5,21;1,78;3,37;4,75
2025;2025-08-24;Gremio;Ceara;0;0;D;2,15;3,09;4,09;2,03;3,06;3,97
2025;2025-08-24;Bahia;Santos;2;0;H;1,66;3,94;5,54;1,62;3,83;5,21
2025;2025-08-24;Vasco;Corinthians;2;3;A;2,15;3,2;3,89;2,04;3,15;3,82
2025;2025-08-24;Fortaleza;Mirassol;0;1;A;2,5;3,22;3,1;2,49;3,14;2,85
2025;2025-08-24;Juventude;Botafogo RJ;1;3;A;3,83;3,4;2,09;3,74;3,27;2,02
2025;2025-08-25;Sao Paulo;Atletico-MG;2;0;H;1,76;3,44;5,62;1,74;3,31;5,15
2025;2025-08-25;Palmeiras;Sport Recife;3;0;H;1,32;5,48;10,45;1,29;5,19;9,98
2025;2025-08-26;Flamengo RJ;Vitoria;8;0;H;1,2;6,84;16,98;1,18;6,47;15,25
2025;2025-08-30;Ceara;Juventude;0;1;A;1,74;3,59;5,5;1,72;3,51;5
2025;2025-08-30;Botafogo RJ;Bragantino;4;1;H;1,63;3,98;5,87;1,67;3,78;4,93
2025;2025-08-31;Cruzeiro;Sao Paulo;1;0;H;2,04;3,14;4,44;1,91;3,19;4,37
2025;2025-08-31;Flamengo RJ;Gremio;1;1;D;1,24;6,12;13,95;1,22;5,81;13,13
2025;2025-08-31;Santos;Fluminense;0;0;D;2,47;3,23;3,14;2,39;3,13;3,04
2025;2025-08-31;Corinthians;Palmeiras;1;1;D;3,66;3,09;2,29;3,62;3,04;2,16
2025;2025-08-31;Mirassol;Bahia;5;1;H;2,25;3,23;3,58;2,26;3,22;3,16
2025;2025-08-31;Vitoria;Atletico-MG;1;0;H;3,25;2,94;2,59;3,25;3,01;2,34
2025;2025-09-01;Internacional;Fortaleza;2;1;H;1,62;3,97;6,03;1,62;3,81;5,36
2025;2025-09-01;Sport Recife;Vasco;2;3;A;2,47;3,3;3,08;2,41;3,22;2,92
2025;2025-09-13;Fortaleza;Vitoria;2;0;H;1,87;3,46;4,76;1,83;3,42;4,39
2025;2025-09-13;Gremio;Mirassol;0;1;A;2,24;3,18;3,67;2,28;3,1;3,25
2025;2025-09-13;Palmeiras;Internacional;4;1;H;1,51;4,1;7,75;1,44;4,14;7,46
2025;2025-09-14;Fluminense;Corinthians;0;1;A;2,25;2,97;3,97;2,34;2,87;3,41
2025;2025-09-14;Bragantino;Sport Recife;1;1;D;1,75;3,71;5,15;1,7;3,63;4,96
2025;2025-09-14;Atletico-MG;Santos;1;1;D;1,91;3,43;4,6;1,9;3,38;4,07
2025;2025-09-14;Juventude;Flamengo RJ;0;2;A;8,74;4,81;1,4;8,67;4,63;1,34
2025;2025-09-14;Sao Paulo;Botafogo RJ;1;0;H;2,39;2,96;3,61;2,17;2,95;3,71
2025;2025-09-15;Vasco;Ceara;2;2;D;1,98;3,37;4,29;1,94;3,23;4,08
2025;2025-09-16;Bahia;Cruzeiro;1;2;A;2,92;3,13;2,69;2,89;3,07;2,52
2025;2025-09-17;Botafogo RJ;Mirassol;3;3;D;1,74;3,62;5,41;1,71;3,57;4,89
2025;2025-09-20;Vitoria;Fluminense;0;1;A;2,71;2,96;3,06;2,6;2,99;2,86
2025;2025-09-20;Botafogo RJ;Atletico-MG;1;0;H;1,78;3,53;5,28;1,73;3,38;5,09
2025;2025-09-20;Ceara;Bahia;1;1;D;2,66;3,05;3,03;2,71;2,93;2,77
2025;2025-09-21;Palmeiras;Fortaleza;4;1;H;1,41;4,72;8,79;1,4;4,44;7,9
2025;2025-09-21;Mirassol;Juventude;2;0;H;1,49;4,44;7,14;1,52;4;6,14
2025;2025-09-21;Flamengo RJ;Vasco;1;1;D;1,32;5,39;10,8;1,32;4,88;9,29
2025;2025-09-21;Internacional;Gremio;2;3;A;1,89;3,54;4,46;1,84;3,43;4,29
2025;2025-09-21;Sport Recife;Corinthians;1;0;H;3,08;3,03;2,64;2,95;2,97;2,54
2025;2025-09-22;Cruzeiro;Bragantino;2;1;H;1,53;4,26;6,82;1,48;4,14;6,71
2025;2025-09-22;Santos;Sao Paulo;1;0;H;2,51;3,14;3,16;2,22;3,04;3,43
2025;2025-09-24;Gremio;Botafogo RJ;1;1;D;2,92;3,05;2,75;2,61;3;2,84
2025;2025-09-24;Vasco;Bahia;3;1;H;2,35;3,26;3,33;2,27;3,24;3,15
2025;2025-09-27;Fortaleza;Sport Recife;1;0;H;1,81;3,64;4,82;1,79;3,5;4,4
2025;2025-09-27;Juventude;Internacional;1;1;D;3,71;3,19;2,22;3,27;3,15;2,24
2025;2025-09-27;Vasco;Cruzeiro;2;0;H;2,95;3,09;2,69;2,84;3,07;2,55
2025;2025-09-28;Atletico-MG;Mirassol;1;0;H;2,13;3,19;3,98;2,15;3,11;3,54
2025;2025-09-28;Gremio;Vitoria;3;1;H;1,85;3,57;4,71;1,85;3,38;4,26
2025;2025-09-28;Bahia;Palmeiras;1;0;H;4,16;3,53;1,96;4,03;3,35;1,92
2025;2025-09-28;Fluminense;Botafogo RJ;2;0;H;2,24;3,1;3,78;2,09;3,09;3,8
2025;2025-09-28;Bragantino;Santos;2;2;D;2,27;3,15;3,64;2,22;3,15;3,31
2025;2025-09-29;Corinthians;Flamengo RJ;1;2;A;4,36;3,15;2,05;4,63;3,12;1,87
2025;2025-09-30;Sao Paulo;Ceara;0;1;A;1,69;3,57;6,11;1,66;3,39;5,88
2025;2025-10-01;Atletico-MG;Juventude;0;0;D;1,65;3,73;6,1;1,6;3,59;5,99
2025;2025-10-01;Mirassol;Bragantino;1;1;D;1,8;3,57;5,01;1,75;3,56;4,62
2025;2025-10-01;Palmeiras;Vasco;3;0;H;1,35;5,18;10;1,32;4,99;8,84
2025;2025-10-01;Sport Recife;Fluminense;2;2;D;3,7;3,17;2,23;3,46;3,1;2,19
2025;2025-10-01;Internacional;Corinthians;1;1;D;2,03;3,06;4,68;2,01;2,95;4,27
2025;2025-10-02;Botafogo RJ;Bahia;2;1;H;1,88;3,56;4,52;1,86;3,49;4,14
2025;2025-10-02;Santos;Gremio;1;1;D;1,88;3,53;4,59;1,72;3,51;4,88
2025;2025-10-02;Vitoria;Ceara;1;0;H;2,43;3,03;3,43;2,32;2,98;3,29
2025;2025-10-02;Fortaleza;Sao Paulo;0;2;A;2,87;3,02;2,82;2,65;2,94;2,84
2025;2025-10-03;Flamengo RJ;Cruzeiro;0;0;D;1,58;4,11;6,29;1,53;3,91;6,11
2025;2025-10-04;Bragantino;Gremio;1;0;H;1,9;3,48;4,54;1,9;3,4;4,03
2025;2025-10-04;Fluminense;Atletico-MG;3;0;H;2,02;3,17;4,5;1,92;3,11;4,4
2025;2025-10-04;Internacional;Botafogo RJ;2;0;H;2,33;3,3;3,32;2,29;3,18;3,15
2025;2025-10-05;Corinthians;Mirassol;3;0;H;2,11;3,2;4,05;2,01;3,21;3,86
2025;2025-10-05;Sao Paulo;Palmeiras;2;3;A;3,71;3,02;2,31;3,42;2,89;2,32
2025;2025-10-05;Vasco;Vitoria;4;3;H;1,68;3,93;5,38;1,65;3,73;5,19
2025;2025-10-05;Bahia;Flamengo RJ;1;0;H;5,93;3,74;1,67;5,37;3,63;1,65
2025;2025-10-05;Juventude;Fortaleza;1;2;A;2,77;3,16;2,8;2,67;3,1;2,7
2025;2025-10-06;Ceara;Santos;3;0;H;2,56;3,01;3,22;2,43;2,93;3,16
2025;2025-10-06;Cruzeiro;Sport Recife;1;1;D;1,55;4,06;7,02;1,52;4;6,23
2025;2025-10-08;Atletico-MG;Sport Recife;3;1;H;1,7;3,65;5,77;1,72;3,5;4,9
2025;2025-10-09;Mirassol;Fluminense;2;1;H;2,53;3,07;3,19;2,76;2,99;2,67
2025;2025-10-11;Palmeiras;Juventude;4;1;H;1,25;6,05;13,61;1,21;5,86;13,47
2025;2025-10-15;Palmeiras;Bragantino;5;1;H;5,28;3,91;1,65;4,81;3,78;1,63
2025;2025-10-15;Botafogo RJ;Flamengo RJ;0;3;A;2,14;3,97;3,18;2,12;3,73;2,84
2025;2025-10-16;Mirassol;Internacional;3;1;H;3,51;3,08;2,36;3,25;3,03;2,32
2025;2025-10-16;Sport Recife;Ceara;1;1;D;2,38;3,34;3,2;2,35;3,29;2,95
2025;2025-10-16;Atletico-MG;Cruzeiro;1;1;D;2,15;3,13;4,02;2,06;3,1;3,8
2025;2025-10-16;Fortaleza;Vasco;0;2;A;2,16;3,26;3,8;2,21;3,17;3,32
2025;2025-10-16;Santos;Corinthians;3;1;H;2,53;3,17;3,1;2,36;3,1;3,12
2025;2025-10-16;Gremio;Sao Paulo;2;0;H;4,5;3,19;2,01;4,25;3,15;1,94
2025;2025-10-17;Fluminense;Juventude;1;0;H;1,39;5,11;8,28;1,38;4,69;7,37
2025;2025-10-17;Vitoria;Bahia;2;1;H;1,36;4,94;10,32;1,32;4,79;9,58
2025;2025-10-18;Corinthians;Atletico-MG;1;0;H;2,04;3,19;4,35;1,91;3,17;4,37
2025;2025-10-19;Cruzeiro;Fortaleza;1;0;H;1,57;4,29;5,99;1,56;4,08;5,46
2025;2025-10-19;Flamengo RJ;Palmeiras;3;2;H;1,99;3,36;4,29;1,86;3,33;4,31
2025;2025-10-19;Ceara;Botafogo RJ;0;2;A;2,5;3,03;3,3;2,42;2,97;3,14
2025;2025-10-19;Internacional;Sport Recife;2;0;H;1,65;3,96;5,62;1,61;3,84;5,33
2025;2025-10-19;Mirassol;Sao Paulo;3;0;H;2,62;3,09;3,05;2,53;3,04;2,92
2025;2025-10-20;Bahia;Gremio;4;0;H;1,75;3,8;5,01;1,73;3,62;4,65
2025;2025-10-20;Juventude;Bragantino;1;0;H;2,95;3,28;2,57;3,11;3,16;2,33
2025;2025-10-20;Vasco;Fluminense;2;0;H;2,86;3,07;2,79;3,26;3,1;2,26
2025;2025-10-21;Santos;Vitoria;0;1;A;1,61;3,85;6,42;1,56;3,88;5,97
2025;2025-10-22;Bahia;Internacional;1;0;H;1,79;3,68;4,88;1,75;3,52;4,68
2025;2025-10-25;Atletico-MG;Ceara;1;0;H;2,01;3,14;4,26;1,85;3,31;4,45
2025;2025-10-25;Vitoria;Corinthians;0;1;A;2,76;2,98;2,86;2,67;3,02;2,76
2025;2025-10-25;Fluminense;Internacional;1;0;H;1,85;3,48;4,48;1,68;3,53;5,32
2025;2025-10-25;Sport Recife;Mirassol;1;2;A;2,75;3,3;2,62;2,73;3,25;2,54
2025;2025-10-25;Fortaleza;Flamengo RJ;1;0;H;5,21;3,76;1,68;5,26;3,71;1,64
2025;2025-10-26;Sao Paulo;Bahia;2;0;H;1,93;3,39;4,2;1,77;3,6;4,06
2025;2025-10-26;Botafogo RJ;Santos;2;2;D;1,81;3,54;4,68;1,65;3,71;5,23
2025;2025-10-26;Gremio;Juventude;3;1;H;1,64;3,84;5,49;1,75;3,54;4,61
2025;2025-10-26;Bragantino;Vasco;0;3;A;2,3;3,46;3,08;2,08;3,42;3,41
2025;2025-10-26;Palmeiras;Cruzeiro;0;0;D;1,63;3,88;5,6;1,65;3,72;5,18
2025;2025-10-29;Fluminense;Ceara;1;0;H;NULL;NULL;NULL;1,55;3,78;6,33
2025;2025-11-01;Cruzeiro;Vitoria;3;1;H;NULL;NULL;NULL;1,4;4,41;7,94
2025;2025-11-01;Santos;Fortaleza;1;1;D;NULL;NULL;NULL;1,67;3,76;4,94
2025;2025-11-01;Mirassol;Botafogo RJ;0;0;D;NULL;NULL;NULL;2,31;3,3;3,02
2025;2025-11-02;Flamengo RJ;Sport Recife;3;0;H;NULL;NULL;NULL;1,21;6,23;12,84
2025;2025-11-02;Bahia;Bragantino;2;1;H;NULL;NULL;NULL;1,64;3,73;5,3
2025;2025-11-02;Ceara;Fluminense;2;0;H;NULL;NULL;NULL;3;2,9;2,56
2025;2025-11-02;Corinthians;Gremio;2;0;H;NULL;NULL;NULL;1,63;3,73;5,36
2025;2025-11-02;Internacional;Atletico-MG;0;0;D;NULL;NULL;NULL;2,01;3,15;3,93
2025;2025-11-02;Juventude;Palmeiras;0;2;A;NULL;NULL;NULL;6,03;3,67;1,59
2025;2025-11-02;Vasco;Sao Paulo;0;2;A;NULL;NULL;NULL;2,23;3,04;3,44
2025;2025-11-05;Bragantino;Corinthians;2;1;H;NULL;NULL;NULL;2,73;3,14;2,62
2025;2025-11-05;Sport Recife;Juventude;0;2;A;NULL;NULL;NULL;1,89;3,48;3,98
2025;2025-11-05;Vitoria;Internacional;1;0;H;NULL;NULL;NULL;2,46;3,1;2,94
2025;2025-11-05;Botafogo RJ;Vasco;3;0;H;NULL;NULL;NULL;1,74;3,71;4,47
2025;2025-11-05;Atletico-MG;Bahia;3;0;H;NULL;NULL;NULL;2,11;3,17;3,56
2025;2025-11-05;Gremio;Cruzeiro;0;1;A;NULL;NULL;NULL;3,27;3,24;2,19
2025;2025-11-06;Sao Paulo;Flamengo RJ;2;2;D;NULL;NULL;NULL;4,45;3,13;1,91
2025;2025-11-06;Fluminense;Mirassol;1;0;H;NULL;NULL;NULL;1,79;3,34;4,78
2025;2025-11-06;Ceara;Fortaleza;1;1;D;NULL;NULL;NULL;2,28;3,06;3,3
2025;2025-11-07;Palmeiras;Santos;2;0;H;NULL;NULL;NULL;1,33;4,94;8,98
2025;2025-11-08;Sport Recife;Atletico-MG;2;4;A;NULL;NULL;NULL;3,08;3,11;2,36
2025;2025-11-08;Vasco;Juventude;1;3;A;NULL;NULL;NULL;1,5;4,13;6,34
2025;2025-11-08;Internacional;Bahia;2;2;D;NULL;NULL;NULL;2,26;3,14;3,24
2025;2025-11-09;Sao Paulo;Bragantino;0;1;A;NULL;NULL;NULL;1,67;3,54;5,39
2025;2025-11-09;Corinthians;Ceara;0;1;A;NULL;NULL;NULL;1,76;3,31;5,09
2025;2025-11-09;Cruzeiro;Fluminense;0;0;D;NULL;NULL;NULL;1,93;3,21;4,19
2025;2025-11-09;Vitoria;Botafogo RJ;0;0;D;NULL;NULL;NULL;3,09;3,13;2,34
2025;2025-11-09;Flamengo RJ;Santos;3;2;H;NULL;NULL;NULL;1,34;4,78;9,03
2025;2025-11-09;Fortaleza;Gremio;2;2;D;NULL;NULL;NULL;1,98;3,36;3,74
2025;2025-11-09;Mirassol;Palmeiras;2;1;H;NULL;NULL;NULL;3,77;3,28;2
2025;2025-11-12;Atletico-MG;Fortaleza;3;3;D;NULL;NULL;NULL;1,55;3,93;5,93
2025;2025-11-15;Sport Recife;Flamengo RJ;1;5;A;NULL;NULL;NULL;7,24;4,49;1,42
2025;2025-11-16;Santos;Palmeiras;1;0;H;NULL;NULL;NULL;2,77;3,18;2,54
2025;2025-11-16;Bragantino;Atletico-MG;2;0;H;NULL;NULL;NULL;2,24;3,13;3,29
2025;2025-11-18;Botafogo RJ;Sport Recife;3;2;H;NULL;NULL;NULL;1,18;6,8;13,34
2025;2025-11-19;Palmeiras;Vitoria;0;0;D;NULL;NULL;NULL;1,32;4,92;9,13
2025;2025-11-20;Fluminense;Flamengo RJ;2;1;H;NULL;NULL;NULL;3,68;2,97;2,17
2025;2025-11-20;Gremio;Vasco;2;0;H;NULL;NULL;NULL;1,82;3,73;3,94
2025;2025-11-20;Santos;Mirassol;1;1;D;NULL;NULL;NULL;1,83;3,49;4,26
2025;2025-11-20;Juventude;Cruzeiro;3;3;D;NULL;NULL;NULL;3,6;3,18;2,1
2025;2025-11-20;Bahia;Fortaleza;2;3;A;NULL;NULL;NULL;1,5;4,36;5,79
2025;2025-11-20;Corinthians;Sao Paulo;3;1;H;NULL;NULL;NULL;2,42;2,68;3,53
2025;2025-11-21;Ceara;Internacional;1;2;A;NULL;NULL;NULL;2,14;3,15;3,51
2025;2025-11-22;Botafogo RJ;Gremio;3;2;H;1,68;3,7;5,84;1,64;3,73;5,16
2025;2025-11-23;Flamengo RJ;Bragantino;3;0;H;1,35;5,31;9,49;1,31;5,08;9,09
2025;2025-11-23;Palmeiras;Fluminense;0;0;D;1,55;4;7,03;1,52;3,87;6,45
2025;2025-11-23;Bahia;Vasco;1;0;H;1,68;3,91;5,35;1,65;3,83;4,96
2025;2025-11-23;Sao Paulo;Juventude;2;1;H;1,65;3,73;6,12;1,61;3,68;5,7
2025;2025-11-23;Sport Recife;Vitoria;1;3;A;3,56;3,34;2,21;3,29;3,31;2,17
2025;2025-11-23;Cruzeiro;Corinthians;3;0;H;1,7;3,68;5,7;1,68;3,64;5,09
2025;2025-11-24;Mirassol;Ceara;3;0;H;1,81;3,46;5,15;1,76;3,46;4,68
2025;2025-11-25;Internacional;Santos;1;1;D;1,95;3,34;4,51;1,91;3,31;4,08
2025;2025-11-26;Atletico-MG;Flamengo RJ;1;1;D;4,05;3,15;2,13;3,91;3,14;2,02
2025;2025-11-26;Gremio;Palmeiras;3;2;H;2,42;3,2;3,25;2,3;3,2;3,11
2025;2025-11-26;Bragantino;Fortaleza;0;1;A;1,82;3,84;4,46;1,8;3,67;4,15
2025;2025-11-27;Fluminense;Sao Paulo;6;0;H;1,55;3,89;7,53;1,52;3,83;6,68
2025;2025-11-28;Juventude;Bahia;1;1;D;3,24;3,45;2,3;3,1;3,36;2,22
2025;2025-11-28;Vasco;Internacional;5;1;H;2,54;3,18;3,07;2,41;3,14;2,98
2025;2025-11-29;Santos;Sport Recife;3;0;H;1,32;5,71;9,62;1,31;5,41;8,37
2025;2025-11-29;Vitoria;Mirassol;2;0;H;2,44;3,19;3,23;2,4;3,09;3,04
2025;2025-11-30;Ceara;Cruzeiro;1;1;D;2,71;3,13;2,89;2,68;3,04;2,73
2025;2025-11-30;Corinthians;Botafogo RJ;2;2;D;2,14;3,27;3,85;2,1;3,21;3,54
2025;2025-11-30;Fortaleza;Atletico-MG;1;0;H;2,31;3,27;3,39;2,24;3,17;3,24
2025;2025-12-02;Vasco;Mirassol;0;2;A;2,15;3,47;3,58;2,08;3,33;3,48
2025;2025-12-03;Gremio;Fluminense;1;2;A;3,11;3,11;2,56;2,92;3,1;2,49
2025;2025-12-03;Bragantino;Vitoria;4;0;H;1,85;3,53;4,77;1,8;3,45;4,48
2025;2025-12-03;Fortaleza;Corinthians;2;1;H;1,85;3,41;4,97;1,86;3,28;4,45
2025;2025-12-03;Juventude;Santos;0;3;A;5,52;3,88;1,68;5,25;3,81;1,62
2025;2025-12-03;Bahia;Sport Recife;2;0;H;1,2;7,37;13,52;1,18;6,89;12,69
2025;2025-12-03;Sao Paulo;Internacional;3;0;H;2,58;3,11;3,08;2,51;3,11;2,86
2025;2025-12-04;Atletico-MG;Palmeiras;0;3;A;3,47;3,11;2,36;3,4;3,11;2,21
2025;2025-12-04;Flamengo RJ;Ceara;1;0;H;1,25;6,07;13,68;1,23;5,87;11,84
2025;2025-12-04;Cruzeiro;Botafogo RJ;2;2;D;1,73;3,67;5,39;1,71;3,51;5,02
2025;2025-12-06;Mirassol;Flamengo RJ;3;3;D;1,34;4,74;8,78;1,32;5,08;8,62
2025;2025-12-07;Atletico-MG;Vasco;5;0;H;1,51;4,11;6,65;1,5;4,11;6,31
2025;2025-12-07;Botafogo RJ;Fortaleza;4;2;H;1,7;4;4,58;1,75;3,79;4,25
2025;2025-12-07;Ceara;Palmeiras;1;3;A;1,99;3,31;3,98;2,01;3,27;3,75
2025;2025-12-07;Corinthians;Juventude;1;1;D;1,76;3,39;5,12;1,75;3,47;4,82
2025;2025-12-07;Fluminense;Bahia;2;0;H;1,79;3,66;4,44;1,76;3,6;4,47
2025;2025-12-07;Internacional;Bragantino;3;1;H;1,56;4,19;5,57;1,59;3,98;5,32
2025;2025-12-07;Santos;Cruzeiro;3;0;H;1,35;4,8;9,47;1,35;4,68;8,88
2025;2025-12-07;Sport Recife;Gremio;0;4;A;4,04;3,64;1,87;3,82;3,64;1,88
2025;2025-12-07;Vitoria;Sao Paulo;1;0;H;2,47;3,08;3,1;2,47;3,12;2,9
